{"orig_r": [0.32485778596293774, 0.27465552963765655, 0.297654730724979], "orig_f": [0.481454517897072, 0.3106926247694213, 0.37766813718222314], "tmeasure1_r": [0.34741647687514365, 0.26967728595469254, 0.30365023347502246], "tmeasure0_r": [0.32485778596293774, 0.27465552963765655, 0.297654730724979], "tmeasure1_f": [0.4928965239652969, 0.3049009312089812, 0.3767487804629796], "tmeasure0_f": [0.481454517897072, 0.3106926247694213, 0.37766813718222314]}