{"orig_r": [0.31366925673788254, 0.2639760226976113, 0.2866851536191896], "orig_f": [0.46552697535977267, 0.3073222202223831, 0.3702320826851857], "tmeasure1_r": [0.3448393454725225, 0.2588757393486635, 0.2957373196734], "tmeasure0_r": [0.31366925673788254, 0.2639760226976113, 0.2866851536191896], "tmeasure1_f": [0.4769178137110953, 0.30139632238158226, 0.3693657058637124], "tmeasure0_f": [0.46552697535977267, 0.3073222202223831, 0.3702320826851857]}