{"orig_r": [0.4578415955994999, 0.5912215157646346, 0.5160524647148305], "orig_f": [0.5265995848546748, 0.5978277966233689, 0.5599576721488766], "tmeasure1_r": [0.5180328814179957, 0.5890315779539075, 0.5512555714177156], "tmeasure0_r": [0.4578415955994999, 0.5912215157646346, 0.5160524647148305], "tmeasure1_f": [0.5313659323807474, 0.5958428931618229, 0.561760354076321], "tmeasure0_f": [0.5265995848546748, 0.5978277966233689, 0.5599576721488766]}