{"orig_r": [0.4511069128742, 0.5585908737075271, 0.4991279726401749], "orig_f": [0.5714592577187891, 0.5731815624873907, 0.5723191143543871], "tmeasure1_r": [0.5128889836978895, 0.5561713730085072, 0.5336540046120788], "tmeasure0_r": [0.4511069128742, 0.5585908737075271, 0.4991279726401749], "tmeasure1_f": [0.5770304792971767, 0.571039507082072, 0.5740193618481085], "tmeasure0_f": [0.5714592577187891, 0.5731815624873907, 0.5723191143543871]}