{"orig_r": [0.2662062056216833, 0.5589511491192303, 0.3606494292997719], "orig_f": [0.5537524688570913, 0.6079655189691446, 0.5795940333834324], "tmeasure1_r": [0.35145090390388806, 0.5505815943662244, 0.42903642470519815], "tmeasure0_r": [0.2662062056216833, 0.5589511491192303, 0.3606494292997719], "tmeasure1_f": [0.5516934563618453, 0.599427822588974, 0.5745709219883077], "tmeasure0_f": [0.5537524688570913, 0.6079655189691446, 0.5795940333834324]}