{"orig_r": [0.26772483326685736, 0.601622265763147, 0.370552155682775], "orig_f": [0.5987852206380679, 0.6483220929980996, 0.6225698193822904], "tmeasure1_r": [0.3528603959200783, 0.5934867819515596, 0.4425817200062826], "tmeasure0_r": [0.26772483326685736, 0.601622265763147, 0.370552155682775], "tmeasure1_f": [0.5987184514467927, 0.6414501871162858, 0.619348128582731], "tmeasure0_f": [0.5987852206380679, 0.6483220929980996, 0.6225698193822904]}