{"orig_r": [0.37136279748016254, 0.5755078584125002, 0.45142851759493313], "orig_f": [0.6358186580610055, 0.6149982432472401, 0.6252351680287586], "tmeasure1_r": [0.12957825753042984, 0.5614500016767215, 0.21056074607194178], "tmeasure0_r": [0.37136279748016254, 0.5755078584125002, 0.45142851759493313], "tmeasure1_f": [0.6525090910471525, 0.6032749191991621, 0.626926869535437], "tmeasure0_f": [0.6358186580610055, 0.6149982432472401, 0.6252351680287586]}