{"orig_r": [0.3580376419576336, 0.580840368469605, 0.4430026341463179], "orig_f": [0.5973402493356783, 0.6109712489092988, 0.604078863257525], "tmeasure1_r": [0.5995754760287716, 0.574472715536335, 0.5867557300592091], "tmeasure0_r": [0.3580376419576336, 0.580840368469605, 0.4430026341463179], "tmeasure1_f": [0.6105823277267495, 0.6051870670086843, 0.6078727260027763], "tmeasure0_f": [0.5973402493356783, 0.6109712489092988, 0.604078863257525]}