{"orig_r": [0.1534699318879711, 0.48635083832468234, 0.23331605820342124], "orig_f": [0.7217217053085813, 0.5458182686543317, 0.6215644472500205], "tmeasure1_r": [0.2622996999550162, 0.4728314850232023, 0.33741884220173696], "tmeasure0_r": [0.1534699318879711, 0.48635083832468234, 0.23331605820342124], "tmeasure1_f": [0.7369818406622621, 0.5326526578006623, 0.6183753460619146], "tmeasure0_f": [0.7217217053085813, 0.5458182686543317, 0.6215644472500205]}