{"orig_r": [0.16014396831375194, 0.46925256684348393, 0.23879371429001012], "orig_f": [0.7110486048574102, 0.5353027108818538, 0.61078484203014], "tmeasure1_r": [0.28377634404787083, 0.455640186952842, 0.34973496272736493], "tmeasure0_r": [0.16014396831375194, 0.46925256684348393, 0.23879371429001012], "tmeasure1_f": [0.7256468276187019, 0.5220610533228897, 0.6072446170351102], "tmeasure0_f": [0.7110486048574102, 0.5353027108818538, 0.61078484203014]}