{"orig_r": [0.2618327576517877, 0.4412453892640583, 0.328647669050574], "orig_f": [0.545788324254114, 0.5426347706010167, 0.5442069789372926], "tmeasure1_r": [0.3613375620699998, 0.4346175773739061, 0.39460428875621123], "tmeasure0_r": [0.2618327576517877, 0.4412453892640583, 0.328647669050574], "tmeasure1_f": [0.5529121829682868, 0.5374907436440212, 0.5450924115120751], "tmeasure0_f": [0.545788324254114, 0.5426347706010167, 0.5442069789372926]}