{"orig_r": [0.42128504082708074, 0.5421064465146996, 0.47411948196205417], "orig_f": [0.685065729647357, 0.6089591133990656, 0.6447743589899106], "tmeasure1_r": [0.5098511901488523, 0.5363921508901182, 0.5227850267534327], "tmeasure0_r": [0.42128504082708074, 0.5421064465146996, 0.47411948196205417], "tmeasure1_f": [0.6935743681297514, 0.6045845327155185, 0.6460292880727501], "tmeasure0_f": [0.685065729647357, 0.6089591133990656, 0.6447743589899106]}