{"orig_r": [0.08989444012883388, 0.3384292624709202, 0.14205568773515273], "orig_f": [0.3930804710385327, 0.35418025943319, 0.3726178495226476], "tmeasure1_r": [0.08047727437540789, 0.3334343722841524, 0.1296599874928107], "tmeasure0_r": [0.08989444012883388, 0.3384292624709202, 0.14205568773515273], "tmeasure1_f": [0.39409818994320867, 0.34920225258809784, 0.37029434612038237], "tmeasure0_f": [0.3930804710385327, 0.35418025943319, 0.3726178495226476]}