{"orig_r": [0.45612602592956114, 0.35565598952927086, 0.39967368089656524], "orig_f": [0.5013597756971473, 0.3716901556029056, 0.42689538446997466], "tmeasure1_r": [0.4522541200796425, 0.3500810743587674, 0.39466200495287856], "tmeasure0_r": [0.45612602592956114, 0.35565598952927086, 0.39967368089656524], "tmeasure1_f": [0.5011999748702369, 0.3661972730679071, 0.4231926363507965], "tmeasure0_f": [0.5013597756971473, 0.3716901556029056, 0.42689538446997466]}