{"orig_r": [0.3770192901672618, 0.642298063107843, 0.47513909000108934], "orig_f": [0.5587716624883436, 0.6770266457850976, 0.61224117541119], "tmeasure1_r": [0.38031978466492244, 0.6394812077240907, 0.47697022661087357], "tmeasure0_r": [0.3770192901672618, 0.642298063107843, 0.47513909000108934], "tmeasure1_f": [0.5592942706446107, 0.6757077911091186, 0.6120143567381607], "tmeasure0_f": [0.5587716624883436, 0.6770266457850976, 0.61224117541119]}