{"orig_r": [0.3679157682053032, 0.7445159023101974, 0.49246915095933336], "orig_f": [0.5227953993907523, 0.7104803492529149, 0.6023565424933667], "tmeasure1_r": [0.3428243085127344, 0.7420300162827068, 0.46897711778174217], "tmeasure0_r": [0.3679157682053032, 0.7445159023101974, 0.49246915095933336], "tmeasure1_f": [0.5231368605392341, 0.7081043368917411, 0.6017269086003413], "tmeasure0_f": [0.5227953993907523, 0.7104803492529149, 0.6023565424933667]}