{"orig_r": [0.39336583437377687, 0.5179625634716156, 0.44714677263674724], "orig_f": [0.7540229998728929, 0.6265439930209583, 0.684397908398101], "tmeasure1_r": [0.3985909550594869, 0.5105350450794865, 0.4476709524938535], "tmeasure0_r": [0.39336583437377687, 0.5179625634716156, 0.44714677263674724], "tmeasure1_f": [0.7606846699688979, 0.6179782013198982, 0.6819456067306079], "tmeasure0_f": [0.7540229998728929, 0.6265439930209583, 0.684397908398101]}