{"orig_r": [0.45631808033981414, 0.42823229478237806, 0.4418293048999366], "orig_f": [0.7347687634524626, 0.7808795711331552, 0.7571227491153703], "tmeasure1_r": [0.45870080492014775, 0.426559808885689, 0.44204683825539437], "tmeasure0_r": [0.45631808033981414, 0.42823229478237806, 0.4418293048999366], "tmeasure1_f": [0.7443435927201841, 0.7732951790509277, 0.7585432350759373], "tmeasure0_f": [0.7347687634524626, 0.7808795711331552, 0.7571227491153703]}