{"orig_r": [0.4209205375661631, 0.4203221243106834, 0.4206211180994645], "orig_f": [0.40090690850235217, 0.4480806782197655, 0.4231831943698865], "tmeasure1_r": [0.42574460450982815, 0.41859864734661345, 0.4221413866246756], "tmeasure0_r": [0.4209205375661631, 0.4203221243106834, 0.4206211180994645], "tmeasure1_f": [0.40176126886717756, 0.4458865696371183, 0.4226754221525309], "tmeasure0_f": [0.40090690850235217, 0.4480806782197655, 0.4231831943698865]}