{"orig_r": [0.17447245329131553, 0.6680609204216869, 0.27668512932694816], "orig_f": [0.6525067000811352, 0.6715303398345845, 0.6618818550238139], "tmeasure1_r": [0.2754498480176506, 0.6610348838979441, 0.38886263085486167], "tmeasure0_r": [0.17447245329131553, 0.6680609204216869, 0.27668512932694816], "tmeasure1_f": [0.6574184093493582, 0.6627991212615324, 0.660097800422761], "tmeasure0_f": [0.6525067000811352, 0.6715303398345845, 0.6618818550238139]}