{"orig_r": [0.29530239148950715, 0.47816719607381314, 0.36511821228102104], "orig_f": [0.5927020066424421, 0.5009867828409446, 0.5429988390599294], "tmeasure1_r": [0.2513146622847409, 0.4595619576387129, 0.32493587479448643], "tmeasure0_r": [0.29530239148950715, 0.47816719607381314, 0.36511821228102104], "tmeasure1_f": [0.590904657845028, 0.4823262427963981, 0.5311230291616565], "tmeasure0_f": [0.5927020066424421, 0.5009867828409446, 0.5429988390599294]}