{"orig_r": [0.32036997754465135, 0.5092468417196376, 0.39330783913249345], "orig_f": [0.4346272085578458, 0.5321999519872548, 0.4784900320682499], "tmeasure1_r": [0.3364759693002469, 0.5048249121773792, 0.4038066651100093], "tmeasure0_r": [0.32036997754465135, 0.5092468417196376, 0.39330783913249345], "tmeasure1_f": [0.43645957930941226, 0.5280842618716524, 0.47792007980517637], "tmeasure0_f": [0.4346272085578458, 0.5321999519872548, 0.4784900320682499]}