{"orig_r": [0.20279721702734843, 0.5188468986857563, 0.2916138435155572], "orig_f": [0.40584006900953185, 0.5303513129727853, 0.4598158402193803], "tmeasure1_r": [0.19672193279937364, 0.513218255897463, 0.28442195231515655], "tmeasure0_r": [0.20279721702734843, 0.5188468986857563, 0.2916138435155572], "tmeasure1_f": [0.4109610966033468, 0.5237750986044313, 0.4605602949785335], "tmeasure0_f": [0.40584006900953185, 0.5303513129727853, 0.4598158402193803]}