{"orig_r": [0.31636952485611297, 0.5008734089898255, 0.38779431635941125], "orig_f": [0.7386536282770999, 0.5942908019867793, 0.6586547003348661], "tmeasure1_r": [0.3821364295743865, 0.4999415232471589, 0.43317230201376594], "tmeasure0_r": [0.31636952485611297, 0.5008734089898255, 0.38779431635941125], "tmeasure1_f": [0.7467533174192066, 0.5918289328700557, 0.6603258318566219], "tmeasure0_f": [0.7386536282770999, 0.5942908019867793, 0.6586547003348661]}