{"orig_r": [0.2931705056359064, 0.5569920873148677, 0.38414687549715254], "orig_f": [0.7044088251063912, 0.6111072715715448, 0.6544493925520876], "tmeasure1_r": [0.37757003655961263, 0.5515288683744957, 0.44826395530109586], "tmeasure0_r": [0.2931705056359064, 0.5569920873148677, 0.38414687549715254], "tmeasure1_f": [0.7102838412726125, 0.6062805169667073, 0.6541742555688717], "tmeasure0_f": [0.7044088251063912, 0.6111072715715448, 0.6544493925520876]}