{"orig_r": [0.2320410784879231, 0.5498860472376282, 0.3263632818162783], "orig_f": [0.6629835473738026, 0.5831785340215968, 0.6205256587569276], "tmeasure1_r": [0.09339092264705519, 0.5483682651149793, 0.15960073250542264], "tmeasure0_r": [0.2320410784879231, 0.5498860472376282, 0.3263632818162783], "tmeasure1_f": [0.6641128312736365, 0.581234996853492, 0.619916156237583], "tmeasure0_f": [0.6629835473738026, 0.5831785340215968, 0.6205256587569276]}