{"orig_r": [0.23753999292296582, 0.4600966255778971, 0.31331884332134996], "orig_f": [0.5168592403790114, 0.46342787675590624, 0.4886873981381713], "tmeasure1_r": [0.2860595709128586, 0.44847429771656216, 0.3493109593697145], "tmeasure0_r": [0.23753999292296582, 0.4600966255778971, 0.31331884332134996], "tmeasure1_f": [0.5156402737264177, 0.45289759856089634, 0.4822366752483606], "tmeasure0_f": [0.5168592403790114, 0.46342787675590624, 0.4886873981381713]}