{"orig_r": [0.30436105386883067, 0.40185738352087386, 0.3463793361313541], "orig_f": [0.4988940490677215, 0.4351677250325338, 0.4648570242031283], "tmeasure1_r": [0.27911515404268333, 0.3967168149448358, 0.32768403980811217], "tmeasure0_r": [0.30436105386883067, 0.40185738352087386, 0.3463793361313541], "tmeasure1_f": [0.5083571047648258, 0.4304342111547785, 0.4661617244723503], "tmeasure0_f": [0.4988940490677215, 0.4351677250325338, 0.4648570242031283]}