{"orig_r": [0.0, 0.481046033054256, 0.0], "orig_f": [0.22894829124993193, 0.4805842518115235, 0.3101448815275701], "tmeasure1_r": [0.0, 0.481046033054256, 0.0], "tmeasure0_r": [0.0, 0.481046033054256, 0.0], "tmeasure1_f": [0.22894829124993193, 0.4805842518115235, 0.3101448815275701], "tmeasure0_f": [0.22894829124993193, 0.4805842518115235, 0.3101448815275701]}