{"orig_r": [0.3056251065739074, 0.4883062308940431, 0.37594849029049554], "orig_f": [0.5455483090761705, 0.5297961881129419, 0.5375568765833129], "tmeasure1_r": [0.4603366577622866, 0.47553557151094505, 0.4678126966251002], "tmeasure0_r": [0.3056251065739074, 0.4883062308940431, 0.37594849029049554], "tmeasure1_f": [0.548261112517198, 0.5159438972748379, 0.5316118088405535], "tmeasure0_f": [0.5455483090761705, 0.5297961881129419, 0.5375568765833129]}