{"orig_r": [0.19657974121860158, 0.2683400018986429, 0.2269217812870193], "orig_f": [0.3529824738849469, 0.22494134507471203, 0.2747779200601586], "tmeasure1_r": [0.215731542468082, 0.2652349479533949, 0.23793567983617794], "tmeasure0_r": [0.19657974121860158, 0.2683400018986429, 0.2269217812870193], "tmeasure1_f": [0.3544322958938115, 0.2222665482724458, 0.27320478895180345], "tmeasure0_f": [0.3529824738849469, 0.22494134507471203, 0.2747779200601586]}