{"orig_r": [0.22932996991952526, 0.22384233315994914, 0.22655292559344656], "orig_f": [0.3504116178699607, 0.221572775198251, 0.2714817941681046], "tmeasure1_r": [0.34705598980058816, 0.2208906406195689, 0.2699599427544722], "tmeasure0_r": [0.22932996991952526, 0.22384233315994914, 0.22655292559344656], "tmeasure1_f": [0.3518793395270099, 0.2186892730120875, 0.26973876676001785], "tmeasure0_f": [0.3504116178699607, 0.221572775198251, 0.2714817941681046]}