{"orig_r": [0.2985005001969417, 0.6263364803936172, 0.404312882405938], "orig_f": [0.6707596564995069, 0.6750251998349102, 0.6728856682234253], "tmeasure1_r": [0.37699896792112036, 0.6140436308359052, 0.46717227972645237], "tmeasure0_r": [0.2985005001969417, 0.6263364803936172, 0.404312882405938], "tmeasure1_f": [0.6707853717090617, 0.6587792870492892, 0.6647281213841344], "tmeasure0_f": [0.6707596564995069, 0.6750251998349102, 0.6728856682234253]}