{"orig_r": [0.28244418733925303, 0.5773474983997137, 0.37932082317754695], "orig_f": [0.7006968238057202, 0.6639373558543974, 0.6818219906656803], "tmeasure1_r": [0.24431544122276905, 0.5719241663632206, 0.3423747236776286], "tmeasure0_r": [0.28244418733925303, 0.5773474983997137, 0.37932082317754695], "tmeasure1_f": [0.7052021436454884, 0.6515431568901624, 0.6773115495371019], "tmeasure0_f": [0.7006968238057202, 0.6639373558543974, 0.6818219906656803]}