{"orig_r": [0.4632084080574538, 0.31263951048249217, 0.37331349736424063], "orig_f": [0.64599272157007, 0.37657751868519396, 0.4757938899470139], "tmeasure1_r": [0.585018972304301, 0.30999748493634405, 0.4052537997200578], "tmeasure0_r": [0.4632084080574538, 0.31263951048249217, 0.37331349736424063], "tmeasure1_f": [0.6467734764065133, 0.36657517809773665, 0.4679358900784241], "tmeasure0_f": [0.64599272157007, 0.37657751868519396, 0.4757938899470139]}