{"orig_r": [0.4189539452696455, 0.31609539084732236, 0.360327952342951], "orig_f": [0.6547770984721552, 0.3575835179000667, 0.4625575008065794], "tmeasure1_r": [0.5770179361818798, 0.31358930427491455, 0.40634444666902725], "tmeasure0_r": [0.4189539452696455, 0.31609539084732236, 0.360327952342951], "tmeasure1_f": [0.6562591153312316, 0.3472839346602201, 0.4542072165828992], "tmeasure0_f": [0.6547770984721552, 0.3575835179000667, 0.4625575008065794]}