{"orig_r": [0.09560551579675676, 0.5395450790865773, 0.1624291498653138], "orig_f": [0.7132054096395284, 0.5833048190822341, 0.6417475824288847], "tmeasure1_r": [0.05272072661543936, 0.5278847622522559, 0.0958670517890995], "tmeasure0_r": [0.09560551579675676, 0.5395450790865773, 0.1624291498653138], "tmeasure1_f": [0.7137942382434832, 0.5558574471686298, 0.6250026643250798], "tmeasure0_f": [0.7132054096395284, 0.5833048190822341, 0.6417475824288847]}