{"orig_r": [0.40922172572970983, 0.4089872274281611, 0.40910444297538395], "orig_f": [0.5579377150388177, 0.4144788526479341, 0.4756261702295342], "tmeasure1_r": [0.48211740100058065, 0.40456699568115945, 0.43995087591108945], "tmeasure0_r": [0.40922172572970983, 0.4089872274281611, 0.40910444297538395], "tmeasure1_f": [0.5628890712659634, 0.41082263954287485, 0.4749816017622482], "tmeasure0_f": [0.5579377150388177, 0.4144788526479341, 0.4756261702295342]}