{"orig_r": [0.3907394099951868, 0.3804006014234446, 0.3855006986048338], "orig_f": [0.5476255107135237, 0.37184316869379397, 0.4429314662301117], "tmeasure1_r": [0.460144203778863, 0.37600904916805733, 0.41384371569039735], "tmeasure0_r": [0.3907394099951868, 0.3804006014234446, 0.3855006986048338], "tmeasure1_f": [0.5522358010049639, 0.36830441096547634, 0.44189461526687207], "tmeasure0_f": [0.5476255107135237, 0.37184316869379397, 0.4429314662301117]}