{"orig_r": [0.158016718497962, 0.32603052372254193, 0.21286465036955746], "orig_f": [0.5794419936891279, 0.35032502131915716, 0.43665353903859405], "tmeasure1_r": [0.1665998129483791, 0.32030539901981603, 0.21919181907029153], "tmeasure0_r": [0.158016718497962, 0.32603052372254193, 0.21286465036955746], "tmeasure1_f": [0.5866424240040476, 0.34372293865070935, 0.4334694003234788], "tmeasure0_f": [0.5794419936891279, 0.35032502131915716, 0.43665353903859405]}