{"orig_r": [0.14917402476882136, 0.3254014649030088, 0.2045678600840456], "orig_f": [0.6194687966228415, 0.377281274452883, 0.46895201486452437], "tmeasure1_r": [0.1642153866512784, 0.31845204592411713, 0.21669050912462717], "tmeasure0_r": [0.14917402476882136, 0.3254014649030088, 0.2045678600840456], "tmeasure1_f": [0.628506608994956, 0.37047273537180203, 0.4661649191179515], "tmeasure0_f": [0.6194687966228415, 0.377281274452883, 0.46895201486452437]}