{"orig_r": [0.2418194175091718, 0.30239315644929665, 0.2687351981577304], "orig_f": [0.47806747741887307, 0.2990799423248677, 0.36796208786481827], "tmeasure1_r": [0.33563754425049286, 0.2965947977709129, 0.31491065212836045], "tmeasure0_r": [0.2418194175091718, 0.30239315644929665, 0.2687351981577304], "tmeasure1_f": [0.48223594825991106, 0.2938117811827083, 0.3651491977441655], "tmeasure0_f": [0.47806747741887307, 0.2990799423248677, 0.36796208786481827]}