{"orig_r": [0.2924633424514393, 0.309612556388544, 0.3007937148149965], "orig_f": [0.44873800742219944, 0.29664464152515485, 0.3571741991538428], "tmeasure1_r": [0.38235128391687756, 0.3042052710191401, 0.33883086575231813], "tmeasure0_r": [0.2924633424514393, 0.309612556388544, 0.3007937148149965], "tmeasure1_f": [0.45174434052545914, 0.2914006682490218, 0.35427433718196516], "tmeasure0_f": [0.44873800742219944, 0.29664464152515485, 0.3571741991538428]}