{"orig_r": [0.1745786432321204, 0.6865165208276911, 0.27836905318912974], "orig_f": [0.6133824673261478, 0.7061550246036804, 0.6565074716788665], "tmeasure1_r": [0.15153785599109382, 0.6797546389999654, 0.24782747640507113], "tmeasure0_r": [0.1745786432321204, 0.6865165208276911, 0.27836905318912974], "tmeasure1_f": [0.622640705033867, 0.7004757748563795, 0.6592688352757862], "tmeasure0_f": [0.6133824673261478, 0.7061550246036804, 0.6565074716788665]}