{"orig_r": [0.1906051401549056, 0.7617522166014318, 0.304914719204031], "orig_f": [0.7826492860249235, 0.7897289110662792, 0.7861731605572665], "tmeasure1_r": [0.17646190256496297, 0.7551527341280523, 0.28607469857792717], "tmeasure0_r": [0.1906051401549056, 0.7617522166014318, 0.304914719204031], "tmeasure1_f": [0.7924429613043683, 0.7835116148860586, 0.7879519799581489], "tmeasure0_f": [0.7826492860249235, 0.7897289110662792, 0.7861731605572665]}