{"orig_r": [0.25242136969457574, 0.3354227138485545, 0.2880623050452519], "orig_f": [0.43574224416302465, 0.3419703874259717, 0.38320309585261003], "tmeasure1_r": [0.25061036976137685, 0.33466640121211183, 0.2866024237215994], "tmeasure0_r": [0.25242136969457574, 0.3354227138485545, 0.2880623050452519], "tmeasure1_f": [0.43713242996961854, 0.34133191494783444, 0.38333740108071795], "tmeasure0_f": [0.43574224416302465, 0.3419703874259717, 0.38320309585261003]}