{"orig_r": [0.3989517333724452, 0.44255601490143653, 0.41962415585950397], "orig_f": [0.5781664273136452, 0.4579995733692422, 0.5111149697472249], "tmeasure1_r": [0.33426551940678934, 0.43946066625669095, 0.37971197197928824], "tmeasure0_r": [0.3989517333724452, 0.44255601490143653, 0.41962415585950397], "tmeasure1_f": [0.5783098962009202, 0.4549242843528033, 0.5092499272959703], "tmeasure0_f": [0.5781664273136452, 0.4579995733692422, 0.5111149697472249]}