{"orig_r": [0.21927386820685374, 0.5759764611735689, 0.3176272476014451], "orig_f": [0.5595828203048226, 0.6389265886350989, 0.596628344791059], "tmeasure1_r": [0.14728600358297575, 0.5725315079652785, 0.23429793351974487], "tmeasure0_r": [0.21927386820685374, 0.5759764611735689, 0.3176272476014451], "tmeasure1_f": [0.5593185364764645, 0.6268280244653013, 0.5911521304551139], "tmeasure0_f": [0.5595828203048226, 0.6389265886350989, 0.596628344791059]}