{"orig_r": [0.23933235109822706, 0.6235444808156414, 0.3458995793801246], "orig_f": [0.6298763129510807, 0.6611427443201446, 0.6451309169780036], "tmeasure1_r": [0.1802788052190117, 0.6213093689922748, 0.2794674729913905], "tmeasure0_r": [0.23933235109822706, 0.6235444808156414, 0.3458995793801246], "tmeasure1_f": [0.6316209648354553, 0.6505231547036835, 0.640932725674295], "tmeasure0_f": [0.6298763129510807, 0.6611427443201446, 0.6451309169780036]}