{"orig_r": [0.08203538462596456, 0.3726826990425275, 0.13447087176627626], "orig_f": [0.7791195929710919, 0.6529708820024208, 0.7104891998071706], "tmeasure1_r": [0.11108031405139462, 0.3641598360036482, 0.17023388677705167], "tmeasure0_r": [0.08203538462596456, 0.3726826990425275, 0.13447087176627626], "tmeasure1_f": [0.7907024255391614, 0.6360301127677376, 0.7049822435229514], "tmeasure0_f": [0.7791195929710919, 0.6529708820024208, 0.7104891998071706]}