{"orig_r": [0.1252243307446307, 0.5348566789487499, 0.20293590841755943], "orig_f": [0.7559894166846749, 0.5824819884897005, 0.6579897291870641], "tmeasure1_r": [0.17653385919076614, 0.5175870926003828, 0.2632729834427082], "tmeasure0_r": [0.1252243307446307, 0.5348566789487499, 0.20293590841755943], "tmeasure1_f": [0.7630059360174221, 0.5652093164565808, 0.6493797789860297], "tmeasure0_f": [0.7559894166846749, 0.5824819884897005, 0.6579897291870641]}