{"orig_r": [0.1602382166728269, 0.3287639677398146, 0.21546141745844033], "orig_f": [0.4643122925098085, 0.33999396055065984, 0.39254543816383325], "tmeasure1_r": [0.0959508615485123, 0.32355170705869923, 0.14800893901959472], "tmeasure0_r": [0.1602382166728269, 0.3287639677398146, 0.21546141745844033], "tmeasure1_f": [0.4656697150612555, 0.33458116894069034, 0.3893886797758145], "tmeasure0_f": [0.4643122925098085, 0.33999396055065984, 0.39254543816383325]}