{"orig_r": [0.24295411150757915, 0.3622355070089203, 0.2908397734170661], "orig_f": [0.47877263811734555, 0.36940354617518323, 0.4170367279994212], "tmeasure1_r": [0.2664746152041494, 0.3565308326831875, 0.3049938544513278], "tmeasure0_r": [0.24295411150757915, 0.3622355070089203, 0.2908397734170661], "tmeasure1_f": [0.48109698070379314, 0.36364579404701386, 0.414206309401724], "tmeasure0_f": [0.47877263811734555, 0.36940354617518323, 0.4170367279994212]}