{"orig_r": [0.27510323589866803, 0.45724988832957375, 0.343525328785426], "orig_f": [0.5590142758708705, 0.50366958390648, 0.5299007510750274], "tmeasure1_r": [0.23517396821686204, 0.4533249106138345, 0.30968886485819663], "tmeasure0_r": [0.27510323589866803, 0.45724988832957375, 0.343525328785426], "tmeasure1_f": [0.5600371163974175, 0.49912010074087176, 0.5278267993304151], "tmeasure0_f": [0.5590142758708705, 0.50366958390648, 0.5299007510750274]}