{"orig_r": [0.33769386081808456, 0.4089042455776608, 0.3699030367506256], "orig_f": [0.5275804635161571, 0.48631468136343575, 0.5061078086904207], "tmeasure1_r": [0.3178494550355715, 0.4044813896394665, 0.3559703706873365], "tmeasure0_r": [0.33769386081808456, 0.4089042455776608, 0.3699030367506256], "tmeasure1_f": [0.5289405306509242, 0.48269139778615927, 0.5047587702774375], "tmeasure0_f": [0.5275804635161571, 0.48631468136343575, 0.5061078086904207]}