{"orig_r": [0.377344950760604, 0.5525939669978045, 0.44845642931047863], "orig_f": [0.7179089589438927, 0.6011187065333273, 0.6543433714150453], "tmeasure1_r": [0.294358330042973, 0.5510494700462185, 0.38373433923074096], "tmeasure0_r": [0.377344950760604, 0.5525939669978045, 0.44845642931047863], "tmeasure1_f": [0.729874330799352, 0.5998388184743745, 0.6584983482498958], "tmeasure0_f": [0.7179089589438927, 0.6011187065333273, 0.6543433714150453]}