{"orig_r": [0.4550352643256675, 0.5007854424036915, 0.47681544153684674], "orig_f": [0.687995239250842, 0.5751635352819324, 0.6265400392140267], "tmeasure1_r": [0.4408224846995945, 0.5002209901788466, 0.46864712561343613], "tmeasure0_r": [0.4550352643256675, 0.5007854424036915, 0.47681544153684674], "tmeasure1_f": [0.6966157171555725, 0.5736204757178934, 0.6291633655366113], "tmeasure0_f": [0.687995239250842, 0.5751635352819324, 0.6265400392140267]}