{"orig_r": [0.29864912106032954, 0.5125687890187804, 0.37740344837427986], "orig_f": [0.41043614940858664, 0.46098119091087225, 0.4342427817144001], "tmeasure1_r": [0.3649803778352004, 0.5088297252219217, 0.4250645871809927], "tmeasure0_r": [0.29864912106032954, 0.5125687890187804, 0.37740344837427986], "tmeasure1_f": [0.4133872987339271, 0.4600783704167725, 0.43548489991009137], "tmeasure0_f": [0.41043614940858664, 0.46098119091087225, 0.4342427817144001]}