{"orig_r": [0.2726087105837294, 0.35599540373275734, 0.30877127837715723], "orig_f": [0.3306092537603381, 0.36417861214113534, 0.3465829646844471], "tmeasure1_r": [0.291602184231997, 0.3573144465023938, 0.32113115344209076], "tmeasure0_r": [0.2726087105837294, 0.35599540373275734, 0.30877127837715723], "tmeasure1_f": [0.3315931618936864, 0.3623270836162405, 0.346279515761177], "tmeasure0_f": [0.3306092537603381, 0.36417861214113534, 0.3465829646844471]}