{"orig_r": [0.4921885596555664, 0.5414025929398417, 0.5156239229481063], "orig_f": [0.5205392478709646, 0.5638573457873759, 0.541333088648847], "tmeasure1_r": [0.4805640752622009, 0.5386658957482706, 0.5079589208094298], "tmeasure0_r": [0.4921885596555664, 0.5414025929398417, 0.5156239229481063], "tmeasure1_f": [0.5207384696907478, 0.5607206917349038, 0.5399904968266248], "tmeasure0_f": [0.5205392478709646, 0.5638573457873759, 0.541333088648847]}