{"orig_r": [0.1903893516137374, 0.10634457824860892, 0.13646484788430807], "orig_f": [0.2554032503347764, 0.1868689229186917, 0.21582605999785628], "tmeasure1_r": [0.18996925336551945, 0.10288536793404876, 0.13347958411538866], "tmeasure0_r": [0.1903893516137374, 0.10634457824860892, 0.13646484788430807], "tmeasure1_f": [0.2525155039379869, 0.18396746463487312, 0.21285887599398653], "tmeasure0_f": [0.2554032503347764, 0.1868689229186917, 0.21582605999785628]}