{"orig_r": [0.19761563980605878, 0.09734895180740229, 0.13044057451532465], "orig_f": [0.22578286721770827, 0.17912016356011884, 0.19976271369180948], "tmeasure1_r": [0.19786475219520272, 0.09452404990781427, 0.12793224348521423], "tmeasure0_r": [0.19761563980605878, 0.09734895180740229, 0.13044057451532465], "tmeasure1_f": [0.22333138676564618, 0.1765992199967481, 0.19723496044921246], "tmeasure0_f": [0.22578286721770827, 0.17912016356011884, 0.19976271369180948]}