{"orig_r": [0.3364550282164522, 0.2894428733637838, 0.31118337313095734], "orig_f": [0.5593776585007697, 0.3748792869492444, 0.44891097417124015], "tmeasure1_r": [0.2764523428182128, 0.28524461839643567, 0.28077966760388884], "tmeasure0_r": [0.3364550282164522, 0.2894428733637838, 0.31118337313095734], "tmeasure1_f": [0.5724566760274832, 0.3711222651786197, 0.45030979189167325], "tmeasure0_f": [0.5593776585007697, 0.3748792869492444, 0.44891097417124015]}