{"orig_r": [0.3200625774185795, 0.3480610450319127, 0.33347515767614716], "orig_f": [0.5979242435911902, 0.4000217300044254, 0.47934997817798947], "tmeasure1_r": [0.2202013101819261, 0.34454285295263226, 0.26868374243262966], "tmeasure0_r": [0.3200625774185795, 0.3480610450319127, 0.33347515767614716], "tmeasure1_f": [0.6123048220027534, 0.39662622664963015, 0.4814127812494331], "tmeasure0_f": [0.5979242435911902, 0.4000217300044254, 0.47934997817798947]}