{"orig_r": [0.4198445884784392, 0.5487885077831712, 0.475734075371081], "orig_f": [0.6727274997559048, 0.5736225613487308, 0.6192348097735806], "tmeasure1_r": [0.4501654850859427, 0.5443327254079011, 0.49279084224740877], "tmeasure0_r": [0.4198445884784392, 0.5487885077831712, 0.475734075371081], "tmeasure1_f": [0.6708619704213219, 0.5682833280032902, 0.6153268283655885], "tmeasure0_f": [0.6727274997559048, 0.5736225613487308, 0.6192348097735806]}