{"orig_r": [0.4092495586869494, 0.5210007405438765, 0.4584128020586607], "orig_f": [0.6119533856128956, 0.5355540213636418, 0.571210424542005], "tmeasure1_r": [0.44858045964527676, 0.5165252854568715, 0.48016116605777204], "tmeasure0_r": [0.4092495586869494, 0.5210007405438765, 0.4584128020586607], "tmeasure1_f": [0.6100548241777015, 0.5302282040025671, 0.5673473440765919], "tmeasure0_f": [0.6119533856128956, 0.5355540213636418, 0.571210424542005]}