{"orig_r": [0.27209530660956915, 0.5200194112516979, 0.35725845753629876], "orig_f": [0.6180715552935341, 0.5569577888317404, 0.5859253958161249], "tmeasure1_r": [0.35229590671785527, 0.5170321345309999, 0.419055399099279], "tmeasure0_r": [0.27209530660956915, 0.5200194112516979, 0.35725845753629876], "tmeasure1_f": [0.6233389243227438, 0.5546315481042119, 0.5869814917829792], "tmeasure0_f": [0.6180715552935341, 0.5569577888317404, 0.5859253958161249]}