{"orig_r": [0.40493968911249895, 0.5359289333677644, 0.4613160445126611], "orig_f": [0.46214356863842093, 0.5886460717483318, 0.5177801261204585], "tmeasure1_r": [0.6264860878575025, 0.5295953158858995, 0.5739805112731603], "tmeasure0_r": [0.40493968911249895, 0.5359289333677644, 0.4613160445126611], "tmeasure1_f": [0.462146755625262, 0.5817935469448967, 0.5151137464514696], "tmeasure0_f": [0.46214356863842093, 0.5886460717483318, 0.5177801261204585]}