{"orig_r": [0.39992747036501014, 0.2538032517324784, 0.310534258234378], "orig_f": [0.6767008965671782, 0.2876388947795804, 0.4036865422987475], "tmeasure1_r": [1.0, 0.2513831877090247, 0.4017685233077896], "tmeasure0_r": [0.39992747036501014, 0.2538032517324784, 0.310534258234378], "tmeasure1_f": [0.7084623189892446, 0.28002514668046485, 0.4013956103290319], "tmeasure0_f": [0.6767008965671782, 0.2876388947795804, 0.4036865422987475]}