{"orig_r": [0.6870578521180318, 0.5785679794174192, 0.6281630215472844], "orig_f": [0.6718537085090724, 0.617174222655572, 0.6433542365722216], "tmeasure1_r": [0.7335417878298635, 0.5774383522128651, 0.6461961524908377], "tmeasure0_r": [0.6870578521180318, 0.5785679794174192, 0.6281630215472844], "tmeasure1_f": [0.674395425809518, 0.615889490615164, 0.6438160285186378], "tmeasure0_f": [0.6718537085090724, 0.617174222655572, 0.6433542365722216]}