{"orig_r": [0.38584128481082985, 0.576069027871484, 0.4621454015475717], "orig_f": [0.7637359285450757, 0.6358620259864601, 0.6939573943659688], "tmeasure1_r": [0.39459275483761597, 0.5738135675793595, 0.46761916181882823], "tmeasure0_r": [0.38584128481082985, 0.576069027871484, 0.4621454015475717], "tmeasure1_f": [0.7686168689101148, 0.6332918834886107, 0.6944229769025125], "tmeasure0_f": [0.7637359285450757, 0.6358620259864601, 0.6939573943659688]}