{"orig_r": [0.21834270111731743, 0.34978906507118324, 0.268859774560126], "orig_f": [0.3640377369688924, 0.4528684608582179, 0.4036233537557325], "tmeasure1_r": [0.2893996967470273, 0.3476237468534239, 0.31585087780394216], "tmeasure0_r": [0.21834270111731743, 0.34978906507118324, 0.268859774560126], "tmeasure1_f": [0.3640693682124424, 0.45145127311639366, 0.4030788957453617], "tmeasure0_f": [0.3640377369688924, 0.4528684608582179, 0.4036233537557325]}