{"orig_r": [0.3183877736878868, 0.33881752235522583, 0.32828511053888265], "orig_f": [0.29661193855838913, 0.3750926087021032, 0.3312675081918355], "tmeasure1_r": [0.33467165526661075, 0.33669281364720394, 0.3356791920847022], "tmeasure0_r": [0.3183877736878868, 0.33881752235522583, 0.32828511053888265], "tmeasure1_f": [0.29673487508317786, 0.37402175170697616, 0.3309256840361643], "tmeasure0_f": [0.29661193855838913, 0.3750926087021032, 0.3312675081918355]}