{"orig_r": [0.46537350913763453, 0.40997970977171927, 0.43592390383715807], "orig_f": [0.5209094969733135, 0.4272015633154791, 0.46942465028326147], "tmeasure1_r": [0.5581082108641368, 0.4069062295786882, 0.4706617813416823], "tmeasure0_r": [0.46537350913763453, 0.40997970977171927, 0.43592390383715807], "tmeasure1_f": [0.5300575588445121, 0.4242087342214278, 0.4712626815718261], "tmeasure0_f": [0.5209094969733135, 0.4272015633154791, 0.46942465028326147]}