{"orig_r": [0.4570364672653924, 0.4096267949398368, 0.4320348892606347], "orig_f": [0.5829305230290258, 0.4443360504253996, 0.5042839959332543], "tmeasure1_r": [0.4979406943195299, 0.4071382829452342, 0.4479845944637515], "tmeasure0_r": [0.4570364672653924, 0.4096267949398368, 0.4320348892606347], "tmeasure1_f": [0.5961477102861549, 0.4422119169798007, 0.5077693986675723], "tmeasure0_f": [0.5829305230290258, 0.4443360504253996, 0.5042839959332543]}