{"orig_r": [0.2578787539348966, 0.43408133240188207, 0.32354569379516307], "orig_f": [0.5316053061601616, 0.4594245625855262, 0.49288632553505907], "tmeasure1_r": [0.2774934581824616, 0.42970274976330197, 0.33721816005969407], "tmeasure0_r": [0.2578787539348966, 0.43408133240188207, 0.32354569379516307], "tmeasure1_f": [0.5313619625825003, 0.45518076734229357, 0.4903299948969214], "tmeasure0_f": [0.5316053061601616, 0.4594245625855262, 0.49288632553505907]}