{"orig_r": [0.4819076456469643, 0.42387225047837157, 0.4510307176321945], "orig_f": [0.6671306343891789, 0.5059530452664138, 0.5754692216992013], "tmeasure1_r": [0.5415760222275482, 0.4241343370631609, 0.4757140377483258], "tmeasure0_r": [0.4819076456469643, 0.42387225047837157, 0.4510307176321945], "tmeasure1_f": [0.6729490471806887, 0.5054006504868188, 0.5772630771032332], "tmeasure0_f": [0.6671306343891789, 0.5059530452664138, 0.5754692216992013]}