{"orig_r": [0.4917439006512125, 0.3641165181366436, 0.41841420163731885], "orig_f": [0.6551812686773606, 0.6167630081040713, 0.6353919389384207], "tmeasure1_r": [0.5539353518239502, 0.36462812273829365, 0.4397745241289943], "tmeasure0_r": [0.4917439006512125, 0.3641165181366436, 0.41841420163731885], "tmeasure1_f": [0.6603036884781955, 0.6155131883809015, 0.6371222014172647], "tmeasure0_f": [0.6551812686773606, 0.6167630081040713, 0.6353919389384207]}