{"orig_r": [0.22645908217377206, 0.4724630256028156, 0.3061672880241979], "orig_f": [0.5161504028289762, 0.5903522895140043, 0.5507633630758688], "tmeasure1_r": [0.3757108142103196, 0.47056225310313365, 0.4178209943777808], "tmeasure0_r": [0.22645908217377206, 0.4724630256028156, 0.3061672880241979], "tmeasure1_f": [0.5237584905794692, 0.5891272845478983, 0.5545230682433236], "tmeasure0_f": [0.5161504028289762, 0.5903522895140043, 0.5507633630758688]}