{"orig_r": [0.2429471082398638, 0.33025878776293854, 0.2799532175691946], "orig_f": [0.44094801631153885, 0.4908114085395733, 0.46454548503908016], "tmeasure1_r": [0.42283888151124366, 0.3286512180477507, 0.3698425661979315], "tmeasure0_r": [0.2429471082398638, 0.33025878776293854, 0.2799532175691946], "tmeasure1_f": [0.44739012406900946, 0.4897457562405749, 0.4676107686205744], "tmeasure0_f": [0.44094801631153885, 0.4908114085395733, 0.46454548503908016]}