{"orig_r": [0.2187042336873759, 0.24443386006886123, 0.23085434247066888], "orig_f": [0.45001545532039117, 0.2528509941279947, 0.3237794472620617], "tmeasure1_r": [0.2435197011458433, 0.24241116743582156, 0.24296416986510264], "tmeasure0_r": [0.2187042336873759, 0.24443386006886123, 0.23085434247066888], "tmeasure1_f": [0.4505449093800493, 0.2511353629545508, 0.3225051745235008], "tmeasure0_f": [0.45001545532039117, 0.2528509941279947, 0.3237794472620617]}