{"orig_r": [0.3524982715365396, 0.3114619688997463, 0.33071198845998834], "orig_f": [0.590914251957696, 0.3702371260080524, 0.45524232577193874], "tmeasure1_r": [0.550954336200838, 0.30369851176360096, 0.3915601810780119], "tmeasure0_r": [0.3524982715365396, 0.3114619688997463, 0.33071198845998834], "tmeasure1_f": [0.6108427425938581, 0.36557350663931365, 0.45740312820600265], "tmeasure0_f": [0.590914251957696, 0.3702371260080524, 0.45524232577193874]}