{"orig_r": [0.34819597699188876, 0.3013065016624151, 0.32305869544246296], "orig_f": [0.5530445817981086, 0.356841809086918, 0.4337891654420671], "tmeasure1_r": [0.5663691923978178, 0.2935414225871407, 0.38667465094356007], "tmeasure0_r": [0.34819597699188876, 0.3013065016624151, 0.32305869544246296], "tmeasure1_f": [0.5691684021185847, 0.3521754421188899, 0.4351190598600229], "tmeasure0_f": [0.5530445817981086, 0.356841809086918, 0.4337891654420671]}