{"orig_r": [0.24731497338411226, 0.46215022804924105, 0.3222051514818276], "orig_f": [0.5963602265229446, 0.5266731033157922, 0.5593545317876714], "tmeasure1_r": [0.20740205849003804, 0.4605953577018695, 0.2860143557527743], "tmeasure0_r": [0.24731497338411226, 0.46215022804924105, 0.3222051514818276], "tmeasure1_f": [0.5992288892821426, 0.5190750012587952, 0.556279449779931], "tmeasure0_f": [0.5963602265229446, 0.5266731033157922, 0.5593545317876714]}