{"orig_r": [0.24315737804824636, 0.5069643350893942, 0.32867231097386024], "orig_f": [0.585819292230716, 0.5488247256628612, 0.5667189132031191], "tmeasure1_r": [0.20210843926295258, 0.5055724286645834, 0.2887755176737159], "tmeasure0_r": [0.24315737804824636, 0.5069643350893942, 0.32867231097386024], "tmeasure1_f": [0.5901588438591789, 0.5422889549555707, 0.565212141396965], "tmeasure0_f": [0.585819292230716, 0.5488247256628612, 0.5667189132031191]}