{"orig_r": [0.2606183668934694, 0.44539964390066245, 0.32882823393629], "orig_f": [0.5859780441476188, 0.448668140183157, 0.50821176018917], "tmeasure1_r": [0.38200555396614955, 0.43601470696804095, 0.40722717425727567], "tmeasure0_r": [0.2606183668934694, 0.44539964390066245, 0.32882823393629], "tmeasure1_f": [0.5894599383724073, 0.4406032693967228, 0.5042758037883136], "tmeasure0_f": [0.5859780441476188, 0.448668140183157, 0.50821176018917]}