{"orig_r": [0.2576270232238454, 0.465462618874947, 0.3316760244958517], "orig_f": [0.5765475124585246, 0.5054072181388289, 0.5386385699069792], "tmeasure1_r": [0.25475993875163855, 0.4594017729404748, 0.3277609695972224], "tmeasure0_r": [0.2576270232238454, 0.465462618874947, 0.3316760244958517], "tmeasure1_f": [0.5894248067835165, 0.500057465738984, 0.541075853288413], "tmeasure0_f": [0.5765475124585246, 0.5054072181388289, 0.5386385699069792]}