{"orig_r": [0.38227943585394625, 0.27195021735564673, 0.31781187282187934], "orig_f": [0.49118793602201966, 0.27435895799440746, 0.3520667678485369], "tmeasure1_r": [0.33819066082660704, 0.2701751552250889, 0.30038082967087587], "tmeasure0_r": [0.38227943585394625, 0.27195021735564673, 0.31781187282187934], "tmeasure1_f": [0.4972309263965189, 0.2708963356003106, 0.35071801919333695], "tmeasure0_f": [0.49118793602201966, 0.27435895799440746, 0.3520667678485369]}