{"orig_r": [0.2637655560443201, 0.5528283417979725, 0.35713486313502446], "orig_f": [0.5909054706633897, 0.6146744205166536, 0.6025556338777659], "tmeasure1_r": [0.31433242480688345, 0.5490273770709395, 0.3997802685385936], "tmeasure0_r": [0.2637655560443201, 0.5528283417979725, 0.35713486313502446], "tmeasure1_f": [0.5966721762231914, 0.6126247844027883, 0.6045432597939536], "tmeasure0_f": [0.5909054706633897, 0.6146744205166536, 0.6025556338777659]}