{"orig_r": [0.25918118028260384, 0.47382927416071946, 0.3350774324840691], "orig_f": [0.5833924859734007, 0.5516143739340622, 0.5670585655038077], "tmeasure1_r": [0.3441636527512324, 0.46997449238901123, 0.3973481379444409], "tmeasure0_r": [0.25918118028260384, 0.47382927416071946, 0.3350774324840691], "tmeasure1_f": [0.5891811800791389, 0.5499576362869482, 0.5688941233250813], "tmeasure0_f": [0.5833924859734007, 0.5516143739340622, 0.5670585655038077]}