{"orig_r": [0.3648152983661571, 0.4664513905681999, 0.40941999839207927], "orig_f": [0.6430510463385483, 0.5310798292004665, 0.5817263594228844], "tmeasure1_r": [0.41240920715993845, 0.46488077526494426, 0.43707580342131436], "tmeasure0_r": [0.3648152983661571, 0.4664513905681999, 0.40941999839207927], "tmeasure1_f": [0.646138214526197, 0.5296704579573094, 0.5821360770693069], "tmeasure0_f": [0.6430510463385483, 0.5310798292004665, 0.5817263594228844]}