{"orig_r": [0.38666267659235726, 0.5681729187541685, 0.46016562977639963], "orig_f": [0.6557502298030805, 0.5964217521862077, 0.62468048587755], "tmeasure1_r": [0.25824165621011497, 0.5659293819714987, 0.3546509987070957], "tmeasure0_r": [0.38666267659235726, 0.5681729187541685, 0.46016562977639963], "tmeasure1_f": [0.6605952761480801, 0.5940819248308249, 0.6255755869031687], "tmeasure0_f": [0.6557502298030805, 0.5964217521862077, 0.62468048587755]}