{"orig_r": [0.27649902222550327, 0.34331576097857214, 0.3063059313766804], "orig_f": [0.547428243417728, 0.37543234481946675, 0.445402635384611], "tmeasure1_r": [0.3063369143646836, 0.3396782965785266, 0.32214721724149936], "tmeasure0_r": [0.27649902222550327, 0.34331576097857214, 0.3063059313766804], "tmeasure1_f": [0.5479254631107692, 0.3684454266361611, 0.44060900074295445], "tmeasure0_f": [0.547428243417728, 0.37543234481946675, 0.445402635384611]}