{"orig_r": [0.263948393329343, 0.3314540616491146, 0.29387439135746996], "orig_f": [0.5349499828866775, 0.36496863521834066, 0.43390582489636054], "tmeasure1_r": [0.28025897799813143, 0.3294571058243318, 0.30287313791589277], "tmeasure0_r": [0.263948393329343, 0.3314540616491146, 0.29387439135746996], "tmeasure1_f": [0.5359659548324341, 0.35858725837011496, 0.42969061982356704], "tmeasure0_f": [0.5349499828866775, 0.36496863521834066, 0.43390582489636054]}