{"orig_r": [0.39379387862507015, 0.6306401488263697, 0.48483791746130667], "orig_f": [0.5615839902396664, 0.671812771417149, 0.6117728027104825], "tmeasure1_r": [0.4892614454362749, 0.6258390165687374, 0.5491862164710697], "tmeasure0_r": [0.39379387862507015, 0.6306401488263697, 0.48483791746130667], "tmeasure1_f": [0.5717994047668795, 0.6671533292176095, 0.6158069893562977], "tmeasure0_f": [0.5615839902396664, 0.671812771417149, 0.6117728027104825]}