{"orig_r": [0.4173524434998047, 0.4889376253356702, 0.4503178831365486], "orig_f": [0.471017640074151, 0.514328628407073, 0.4917212649483754], "tmeasure1_r": [0.464547944048445, 0.48324730372349184, 0.47371316102171646], "tmeasure0_r": [0.4173524434998047, 0.4889376253356702, 0.4503178831365486], "tmeasure1_f": [0.47176853681429254, 0.5086289465776159, 0.4895058136586344], "tmeasure0_f": [0.471017640074151, 0.514328628407073, 0.4917212649483754]}