{"orig_r": [0.3096569178776401, 0.5707830855697268, 0.40149682059460606], "orig_f": [0.6032130520024275, 0.5692147980224466, 0.585720981555975], "tmeasure1_r": [0.6007190737346422, 0.5599466561660558, 0.5796167285160763], "tmeasure0_r": [0.3096569178776401, 0.5707830855697268, 0.40149682059460606], "tmeasure1_f": [0.6093467678654878, 0.5612445076474736, 0.5843073220708596], "tmeasure0_f": [0.6032130520024275, 0.5692147980224466, 0.585720981555975]}