{"orig_r": [0.3254878945038632, 0.48206064777402724, 0.38859560027078355], "orig_f": [0.5205762881807617, 0.5168191196024522, 0.5186909001619876], "tmeasure1_r": [0.2560673839658077, 0.4763999050032599, 0.3330946766713449], "tmeasure0_r": [0.3254878945038632, 0.48206064777402724, 0.38859560027078355], "tmeasure1_f": [0.5219001004837615, 0.510873499296913, 0.51632793610172], "tmeasure0_f": [0.5205762881807617, 0.5168191196024522, 0.5186909001619876]}