{"orig_r": [0.3460456970566854, 0.3352394676059092, 0.3405568806303065], "orig_f": [0.44877654431179875, 0.3666524892554464, 0.4035790493540448], "tmeasure1_r": [0.4138631963670585, 0.3311232063281016, 0.36789854973589964], "tmeasure0_r": [0.3460456970566854, 0.3352394676059092, 0.3405568806303065], "tmeasure1_f": [0.4518311009125856, 0.3630699380289766, 0.40261646989914], "tmeasure0_f": [0.44877654431179875, 0.3666524892554464, 0.4035790493540448]}