{"orig_r": [0.4189324782790479, 0.33599750596734435, 0.3729094639445073], "orig_f": [0.5868312027258026, 0.4238103810387012, 0.4921728130485756], "tmeasure1_r": [0.5355190192122613, 0.3346635902674542, 0.4119105936470886], "tmeasure0_r": [0.4189324782790479, 0.33599750596734435, 0.3729094639445073], "tmeasure1_f": [0.5946961194553773, 0.4223390519799477, 0.4939128996934787], "tmeasure0_f": [0.5868312027258026, 0.4238103810387012, 0.4921728130485756]}