{"orig_r": [0.42332084877937315, 0.51725861268241, 0.46559884396977275], "orig_f": [0.5783927262934543, 0.5222790762059814, 0.5489055285814125], "tmeasure1_r": [0.5044171212652465, 0.5158776313898323, 0.5100830109605835], "tmeasure0_r": [0.42332084877937315, 0.51725861268241, 0.46559884396977275], "tmeasure1_f": [0.5849250402478969, 0.5191801102771679, 0.5500951548960027], "tmeasure0_f": [0.5783927262934543, 0.5222790762059814, 0.5489055285814125]}