{"orig_r": [0.2852686868840831, 0.6689049105325354, 0.39996417003061385], "orig_f": [0.5671010498030439, 0.6715146995587907, 0.6149069092237395], "tmeasure1_r": [0.2721972085150593, 0.6642736503598217, 0.38615923091358023], "tmeasure0_r": [0.2852686868840831, 0.6689049105325354, 0.39996417003061385], "tmeasure1_f": [0.5673139483772532, 0.6675610253273727, 0.6133684609788294], "tmeasure0_f": [0.5671010498030439, 0.6715146995587907, 0.6149069092237395]}