{"orig_r": [0.31271205422722786, 0.5410317122549445, 0.3963417240244086], "orig_f": [0.5163899081438216, 0.5740382977049143, 0.5436902351441867], "tmeasure1_r": [0.35131424128682986, 0.5390998836445328, 0.4254053508304277], "tmeasure0_r": [0.31271205422722786, 0.5410317122549445, 0.3963417240244086], "tmeasure1_f": [0.5296705406909068, 0.5728459861635228, 0.5504128706161532], "tmeasure0_f": [0.5163899081438216, 0.5740382977049143, 0.5436902351441867]}