{"orig_r": [0.23778479144495152, 0.5941699993445045, 0.3396448723924353], "orig_f": [0.6105978353801564, 0.6164696953161432, 0.613519716105445], "tmeasure1_r": [0.28022384956923907, 0.5835898988465313, 0.3786367334958991], "tmeasure0_r": [0.23778479144495152, 0.5941699993445045, 0.3396448723924353], "tmeasure1_f": [0.620449181760462, 0.6037887835029242, 0.6120056186951156], "tmeasure0_f": [0.6105978353801564, 0.6164696953161432, 0.613519716105445]}