{"orig_r": [0.02365547278774178, 0.30184059293531557, 0.04387261588895701], "orig_f": [0.5183620486330802, 0.3747563564747244, 0.4350139277603596], "tmeasure1_r": [0.027922676112614658, 0.2992018320752859, 0.05107850766436788], "tmeasure0_r": [0.02365547278774178, 0.30184059293531557, 0.04387261588895701], "tmeasure1_f": [0.5202705462518381, 0.3719173905610128, 0.4337598749406208], "tmeasure0_f": [0.5183620486330802, 0.3747563564747244, 0.4350139277603596]}