{"orig_r": [0.09211945169093787, 0.30513140387024906, 0.14151530311246374], "orig_f": [0.4909129169391118, 0.37144695154583673, 0.42290489883734733], "tmeasure1_r": [0.0860695833103284, 0.30260843536188786, 0.1340203494232226], "tmeasure0_r": [0.09211945169093787, 0.30513140387024906, 0.14151530311246374], "tmeasure1_f": [0.4933883861129824, 0.3691046669936336, 0.4222919948138925], "tmeasure0_f": [0.4909129169391118, 0.37144695154583673, 0.42290489883734733]}