{"orig_r": [0.46283282749276256, 0.5812457787975653, 0.515324470108534], "orig_f": [0.6082718770145891, 0.6346670439123886, 0.6211891953499614], "tmeasure1_r": [0.6339485517266003, 0.5744680851166372, 0.6027444500006323], "tmeasure0_r": [0.46283282749276256, 0.5812457787975653, 0.515324470108534], "tmeasure1_f": [0.6210830215319585, 0.6319392435542976, 0.6264641032285332], "tmeasure0_f": [0.6082718770145891, 0.6346670439123886, 0.6211891953499614]}