{"orig_r": [0.4939251169012703, 0.4815238430143165, 0.4876456487732112], "orig_f": [0.5873288048880476, 0.6127015361813583, 0.5997469375278986], "tmeasure1_r": [0.6853493509512542, 0.4772156628614045, 0.5626514490286219], "tmeasure0_r": [0.4939251169012703, 0.4815238430143165, 0.4876456487732112], "tmeasure1_f": [0.6006868551139634, 0.6109722676133947, 0.6057859064659032], "tmeasure0_f": [0.5873288048880476, 0.6127015361813583, 0.5997469375278986]}