{"orig_r": [0.21186770759961157, 0.47704971848361283, 0.29342102968942235], "orig_f": [0.5165781332595791, 0.5046125206321431, 0.5105252245193435], "tmeasure1_r": [0.2083318794303371, 0.46381564262644054, 0.2875189786964464], "tmeasure0_r": [0.21186770759961157, 0.47704971848361283, 0.29342102968942235], "tmeasure1_f": [0.5178651597824646, 0.48914688722730393, 0.5030965253360186], "tmeasure0_f": [0.5165781332595791, 0.5046125206321431, 0.5105252245193435]}