{"orig_r": [0.3844198142072781, 0.5564785662227109, 0.4547173031372534], "orig_f": [0.48186942458884624, 0.5643438325346312, 0.5198558439250053], "tmeasure1_r": [0.3895466318501858, 0.5487463708764685, 0.4556408283846382], "tmeasure0_r": [0.3844198142072781, 0.5564785662227109, 0.4547173031372534], "tmeasure1_f": [0.4803433183096656, 0.5573803636926875, 0.5160023580461888], "tmeasure0_f": [0.48186942458884624, 0.5643438325346312, 0.5198558439250053]}