{"orig_r": [0.16213656646986407, 0.5920304683817019, 0.2545584279160309], "orig_f": [0.2935122975835667, 0.5914954748107676, 0.39233823981522026], "tmeasure1_r": [0.13290667872927628, 0.5840964744437581, 0.21654109087875928], "tmeasure0_r": [0.16213656646986407, 0.5920304683817019, 0.2545584279160309], "tmeasure1_f": [0.2927808331585321, 0.5835821469973265, 0.38993355740320057], "tmeasure0_f": [0.2935122975835667, 0.5914954748107676, 0.39233823981522026]}