{"orig_r": [0.3257040800352244, 0.6120596269743567, 0.4251610853358579], "orig_f": [0.6057433638813318, 0.6554100729840139, 0.6295987319637061], "tmeasure1_r": [0.40884564527007955, 0.615136936338431, 0.4912115932122324], "tmeasure0_r": [0.3257040800352244, 0.6120596269743567, 0.4251610853358579], "tmeasure1_f": [0.6077274951340752, 0.6571762368088527, 0.6314853188772187], "tmeasure0_f": [0.6057433638813318, 0.6554100729840139, 0.6295987319637061]}