{"orig_r": [0.3553426825661634, 0.527657102434854, 0.4246866045478683], "orig_f": [0.5152836151548005, 0.5282234840956381, 0.5216733200760739], "tmeasure1_r": [0.3674171096861607, 0.523702424535259, 0.43185504024776306], "tmeasure0_r": [0.3553426825661634, 0.527657102434854, 0.4246866045478683], "tmeasure1_f": [0.5150665087690199, 0.523778995222111, 0.5193862174868712], "tmeasure0_f": [0.5152836151548005, 0.5282234840956381, 0.5216733200760739]}