{"orig_r": [0.35907060457251433, 0.5165592538004823, 0.4236521671481322], "orig_f": [0.5216819338655009, 0.5121342634457678, 0.5168640105427372], "tmeasure1_r": [0.36663997000627474, 0.5126649956410936, 0.4275273903104452], "tmeasure0_r": [0.35907060457251433, 0.5165592538004823, 0.4236521671481322], "tmeasure1_f": [0.5216300304922046, 0.5080263696219826, 0.5147383353269508], "tmeasure0_f": [0.5216819338655009, 0.5121342634457678, 0.5168640105427372]}