{"orig_r": [0.5133664078389576, 0.4891798752827769, 0.5009813902637253], "orig_f": [0.5067556479837627, 0.5061368868517201, 0.50644607842171], "tmeasure1_r": [0.5157371763729354, 0.48678383193143465, 0.5008424100936045], "tmeasure0_r": [0.5133664078389576, 0.4891798752827769, 0.5009813902637253], "tmeasure1_f": [0.5129781449095032, 0.5032796904002151, 0.5080826400191054], "tmeasure0_f": [0.5067556479837627, 0.5061368868517201, 0.50644607842171]}