{"orig_r": [0.6614243803301124, 0.4183084198643514, 0.5124960311399563], "orig_f": [0.5055076456251114, 0.46603218862087425, 0.4849679367765551], "tmeasure1_r": [0.7236266661521111, 0.4151678066856326, 0.5276219774705798], "tmeasure0_r": [0.6614243803301124, 0.4183084198643514, 0.5124960311399563], "tmeasure1_f": [0.5084765067383417, 0.46214072962773073, 0.48420261874267884], "tmeasure0_f": [0.5055076456251114, 0.46603218862087425, 0.4849679367765551]}