{"orig_r": [0.5154177145737713, 0.480700427529691, 0.4974540775430516], "orig_f": [0.7310691460694942, 0.5106034904745522, 0.6012638867524761], "tmeasure1_r": [0.487617455748243, 0.47573543518158995, 0.4816031688836783], "tmeasure0_r": [0.5154177145737713, 0.480700427529691, 0.4974540775430516], "tmeasure1_f": [0.7357977513216567, 0.5053635288624373, 0.5991894108746365], "tmeasure0_f": [0.7310691460694942, 0.5106034904745522, 0.6012638867524761]}