{"orig_r": [0.4330364414351251, 0.23481875393745566, 0.30451235025753853], "orig_f": [0.42101073576735987, 0.23901833338033593, 0.30492379533612746], "tmeasure1_r": [0.1882222394974355, 0.23214160064324793, 0.2078875858540462], "tmeasure0_r": [0.4330364414351251, 0.23481875393745566, 0.30451235025753853], "tmeasure1_f": [0.42632299117799005, 0.23638114569562757, 0.30413184853939934], "tmeasure0_f": [0.42101073576735987, 0.23901833338033593, 0.30492379533612746]}