{"orig_r": [0.08906107305220097, 0.3523780539728854, 0.1421857089033619], "orig_f": [0.6141920531467651, 0.3754553866252347, 0.4660280126213283], "tmeasure1_r": [0.09760576070192568, 0.34376067209619293, 0.15204156639932484], "tmeasure0_r": [0.08906107305220097, 0.3523780539728854, 0.1421857089033619], "tmeasure1_f": [0.6158911772271315, 0.3664671677491385, 0.45951438497845043], "tmeasure0_f": [0.6141920531467651, 0.3754553866252347, 0.4660280126213283]}