{"orig_r": [0.056774498067564814, 0.36317452880666645, 0.09819787766812928], "orig_f": [0.6304928343217544, 0.3947425961295267, 0.48551263615944595], "tmeasure1_r": [0.09673217301181589, 0.3523704081112528, 0.1517940742911087], "tmeasure0_r": [0.056774498067564814, 0.36317452880666645, 0.09819787766812928], "tmeasure1_f": [0.631851212475639, 0.3834831841724332, 0.47728968049007486], "tmeasure0_f": [0.6304928343217544, 0.3947425961295267, 0.48551263615944595]}