{"orig_r": [0.38967278764055047, 0.31947296718190715, 0.3510982639351462], "orig_f": [0.4524744081297148, 0.36440676599400446, 0.4036933179136488], "tmeasure1_r": [0.3995950062268694, 0.314546505462772, 0.352006460208857], "tmeasure0_r": [0.38967278764055047, 0.31947296718190715, 0.3510982639351462], "tmeasure1_f": [0.45869324726624167, 0.3596815481645503, 0.4031978947311041], "tmeasure0_f": [0.4524744081297148, 0.36440676599400446, 0.4036933179136488]}