{"orig_r": [0.2683526016916904, 0.5532830550140505, 0.36141310585336894], "orig_f": [0.5156163092440869, 0.5256068539797176, 0.5205636519328286], "tmeasure1_r": [0.32532427085263754, 0.544710203700912, 0.4073573060100252], "tmeasure0_r": [0.2683526016916904, 0.5532830550140505, 0.36141310585336894], "tmeasure1_f": [0.515604254529777, 0.5180742525739888, 0.5168363024939396], "tmeasure0_f": [0.5156163092440869, 0.5256068539797176, 0.5205636519328286]}