{"orig_r": [0.1453322752890964, 0.2695017112386015, 0.18883359686343276], "orig_f": [0.35999125491050765, 0.4011848096173888, 0.37947336968555956], "tmeasure1_r": [0.15154530400386912, 0.26629215299345205, 0.1931627938253331], "tmeasure0_r": [0.1453322752890964, 0.2695017112386015, 0.18883359686343276], "tmeasure1_f": [0.3620549011363009, 0.3992022300094612, 0.379722220012391], "tmeasure0_f": [0.35999125491050765, 0.4011848096173888, 0.37947336968555956]}