{"orig_r": [0.21592725771326204, 0.2350234087308643, 0.2250710063069235], "orig_f": [0.3672311407386634, 0.38767908434379766, 0.3771781800108538], "tmeasure1_r": [0.21505676877336158, 0.23336243539662047, 0.22383595904360726], "tmeasure0_r": [0.21592725771326204, 0.2350234087308643, 0.2250710063069235], "tmeasure1_f": [0.3704082003597904, 0.3866652332384523, 0.3783621689241802], "tmeasure0_f": [0.3672311407386634, 0.38767908434379766, 0.3771781800108538]}