{"orig_r": [0.06335887780570879, 0.2345899802252659, 0.09977120227788266], "orig_f": [0.29785397804020874, 0.3540324930839736, 0.3235225490681071], "tmeasure1_r": [0.011522344386048577, 0.22582639046581848, 0.02192596007751561], "tmeasure0_r": [0.06335887780570879, 0.2345899802252659, 0.09977120227788266], "tmeasure1_f": [0.3023808208549172, 0.3453183342836823, 0.3224263627597552], "tmeasure0_f": [0.29785397804020874, 0.3540324930839736, 0.3235225490681071]}