{"orig_r": [0.09473888557456772, 0.36312831370302434, 0.1502722702786987], "orig_f": [0.43800872203701435, 0.4700253925499401, 0.4534526141881653], "tmeasure1_r": [0.15751181973012246, 0.3486464732025215, 0.21699117135250162], "tmeasure0_r": [0.09473888557456772, 0.36312831370302434, 0.1502722702786987], "tmeasure1_f": [0.4436394225528682, 0.4575434778529855, 0.45048418964921366], "tmeasure0_f": [0.43800872203701435, 0.4700253925499401, 0.4534526141881653]}