{"orig_r": [0.21453211003653236, 0.42640123009369313, 0.28544857908495314], "orig_f": [0.5566809220331606, 0.49849909932895997, 0.5259859599860834], "tmeasure1_r": [0.22746953231186176, 0.4132945435054359, 0.29343691404145356], "tmeasure0_r": [0.21453211003653236, 0.42640123009369313, 0.28544857908495314], "tmeasure1_f": [0.5645246915463932, 0.4893580427807391, 0.5242607913733828], "tmeasure0_f": [0.5566809220331606, 0.49849909932895997, 0.5259859599860834]}