{"orig_r": [0.2519382103556836, 0.3865000498274896, 0.30503851955233013], "orig_f": [0.61630887891369, 0.46840747428833446, 0.5322749758519961], "tmeasure1_r": [0.3303955615685286, 0.37895981104592397, 0.3530152710931072], "tmeasure0_r": [0.2519382103556836, 0.3865000498274896, 0.30503851955233013], "tmeasure1_f": [0.6263027167262999, 0.4603049585638931, 0.5306243506777392], "tmeasure0_f": [0.61630887891369, 0.46840747428833446, 0.5322749758519961]}