{"orig_r": [0.2619683972356667, 0.5560322340028251, 0.3561436693087797], "orig_f": [0.5874420605457328, 0.5922148675510702, 0.5898188088316314], "tmeasure1_r": [0.25740975475263417, 0.5503467370297298, 0.3507607058536752], "tmeasure0_r": [0.2619683972356667, 0.5560322340028251, 0.3561436693087797], "tmeasure1_f": [0.5907183075463686, 0.5849430161610268, 0.587816476650054], "tmeasure0_f": [0.5874420605457328, 0.5922148675510702, 0.5898188088316314]}