{"orig_r": [0.27626173617451694, 0.5403785100899209, 0.36560996368160803], "orig_f": [0.5972585348079321, 0.5642906248144249, 0.5803067205387852], "tmeasure1_r": [0.3115965246769258, 0.5342297353970754, 0.3936130545633294], "tmeasure0_r": [0.27626173617451694, 0.5403785100899209, 0.36560996368160803], "tmeasure1_f": [0.6002789855713233, 0.5568032035680809, 0.577724323022039], "tmeasure0_f": [0.5972585348079321, 0.5642906248144249, 0.5803067205387852]}