{"orig_r": [0.16493043856625303, 0.4629327782313335, 0.24321127308530455], "orig_f": [0.5909324054060026, 0.4860893045898778, 0.5334078586113669], "tmeasure1_r": [0.18682721678542394, 0.4576985969978644, 0.26534408141628285], "tmeasure0_r": [0.16493043856625303, 0.4629327782313335, 0.24321127308530455], "tmeasure1_f": [0.5961466935899383, 0.48133744230670744, 0.5326254283890559], "tmeasure0_f": [0.5909324054060026, 0.4860893045898778, 0.5334078586113669]}