{"orig_r": [0.13579745439100618, 0.4561742855773544, 0.20929143253815305], "orig_f": [0.5601548776129648, 0.48996925959319587, 0.5227166216210108], "tmeasure1_r": [0.13945439642011262, 0.45109579813898015, 0.21304638568136375], "tmeasure0_r": [0.13579745439100618, 0.4561742855773544, 0.20929143253815305], "tmeasure1_f": [0.5643768993931648, 0.4853039607410192, 0.5218621297738549], "tmeasure0_f": [0.5601548776129648, 0.48996925959319587, 0.5227166216210108]}