{"orig_r": [0.1146061265859481, 0.3443440138819445, 0.1719748188935501], "orig_f": [0.6494982677229587, 0.35703850530912146, 0.46077976865188575], "tmeasure1_r": [0.12443226238839762, 0.3425323844954301, 0.18254949203750945], "tmeasure0_r": [0.1146061265859481, 0.3443440138819445, 0.1719748188935501], "tmeasure1_f": [0.6570408621392391, 0.355300982428721, 0.4612024388135697], "tmeasure0_f": [0.6494982677229587, 0.35703850530912146, 0.46077976865188575]}