{"orig_r": [0.2645497558021239, 0.38243911000473185, 0.31275398544845046], "orig_f": [0.2964645483488725, 0.4690631347975119, 0.36330649685534483], "tmeasure1_r": [0.25926917136861044, 0.377263038494856, 0.3073298534242153], "tmeasure0_r": [0.2645497558021239, 0.38243911000473185, 0.31275398544845046], "tmeasure1_f": [0.29906627285378923, 0.4649339301115043, 0.36399481848836157], "tmeasure0_f": [0.2964645483488725, 0.4690631347975119, 0.36330649685534483]}