{"orig_r": [0.3240155874808818, 0.5847215430768371, 0.4169718346965587], "orig_f": [0.6681990761252592, 0.6140127194112917, 0.6399609382287694], "tmeasure1_r": [0.296547503881953, 0.574642809486723, 0.391209333166416], "tmeasure0_r": [0.3240155874808818, 0.5847215430768371, 0.4169718346965587], "tmeasure1_f": [0.6794981155263357, 0.6044131234741565, 0.6397600798631508], "tmeasure0_f": [0.6681990761252592, 0.6140127194112917, 0.6399609382287694]}