{"orig_r": [0.29785494277805713, 0.39818270280790846, 0.34078813671124536], "orig_f": [0.5105868346643595, 0.3919077351975786, 0.44344406421330823], "tmeasure1_r": [0.39920222138814987, 0.39464331728003543, 0.3969096788740128], "tmeasure0_r": [0.29785494277805713, 0.39818270280790846, 0.34078813671124536], "tmeasure1_f": [0.5207917843840136, 0.3888206450434686, 0.4452326968860419], "tmeasure0_f": [0.5105868346643595, 0.3919077351975786, 0.44344406421330823]}