{"orig_r": [0.20501929673269167, 0.32178754459028325, 0.25046241208091297], "orig_f": [0.3681308762277076, 0.3274346747330218, 0.34659224727363525], "tmeasure1_r": [0.23176334282751346, 0.3179298931141719, 0.26809314721402683], "tmeasure0_r": [0.20501929673269167, 0.32178754459028325, 0.25046241208091297], "tmeasure1_f": [0.36947670693725054, 0.323174688001594, 0.3447781102031704], "tmeasure0_f": [0.3681308762277076, 0.3274346747330218, 0.34659224727363525]}