{"orig_r": [0.10149512830694904, 0.5078441176416107, 0.16917900569403305], "orig_f": [0.3911122681364011, 0.5342791258240474, 0.45162105911676104], "tmeasure1_r": [0.10498765223373313, 0.5011330125221944, 0.17360496515230764], "tmeasure0_r": [0.10149512830694904, 0.5078441176416107, 0.16917900569403305], "tmeasure1_f": [0.39360452876496815, 0.5291183384156177, 0.451410454125492], "tmeasure0_f": [0.3911122681364011, 0.5342791258240474, 0.45162105911676104]}