{"orig_r": [0.18891925334652582, 0.44148127138639465, 0.2646073690758053], "orig_f": [0.3902698149373424, 0.44347234328709806, 0.41517360646142226], "tmeasure1_r": [0.15643504766304167, 0.43695976218858307, 0.23038900944177235], "tmeasure0_r": [0.18891925334652582, 0.44148127138639465, 0.2646073690758053], "tmeasure1_f": [0.3927856185944284, 0.4397650655399577, 0.4149498561374069], "tmeasure0_f": [0.3902698149373424, 0.44347234328709806, 0.41517360646142226]}