{"orig_r": [0.33780568700415015, 0.40230594248139306, 0.3672452367225874], "orig_f": [0.5424223344013609, 0.38478124104399897, 0.4502008933705588], "tmeasure1_r": [0.4258251829963457, 0.39602123936351075, 0.41038279691766333], "tmeasure0_r": [0.33780568700415015, 0.40230594248139306, 0.3672452367225874], "tmeasure1_f": [0.5461257863876571, 0.3786143579809516, 0.44719819994661014], "tmeasure0_f": [0.5424223344013609, 0.38478124104399897, 0.4502008933705588]}