{"orig_r": [0.25584578916195255, 0.35163441795203737, 0.29618803741719807], "orig_f": [0.5513463387304033, 0.38203909737373204, 0.4513373563402699], "tmeasure1_r": [0.2275783549160091, 0.3461351133241009, 0.27460697379339655], "tmeasure0_r": [0.25584578916195255, 0.35163441795203737, 0.29618803741719807], "tmeasure1_f": [0.5522161664460671, 0.3742096293437834, 0.44611151352331907], "tmeasure0_f": [0.5513463387304033, 0.38203909737373204, 0.4513373563402699]}