{"orig_r": [0.27827184111437286, 0.548806372104502, 0.36929363424158973], "orig_f": [0.6265565227794633, 0.596558369636756, 0.6111895783988167], "tmeasure1_r": [0.4370564530986947, 0.5425905200651123, 0.48413907189193434], "tmeasure0_r": [0.27827184111437286, 0.548806372104502, 0.36929363424158973], "tmeasure1_f": [0.6337068951740444, 0.5905436964424957, 0.6113643969622751], "tmeasure0_f": [0.6265565227794633, 0.596558369636756, 0.6111895783988167]}