{"orig_r": [0.3767963853076206, 0.5191437408509553, 0.43666195830834803], "orig_f": [0.4848789277201016, 0.49250365327661394, 0.4886615496164644], "tmeasure1_r": [0.4091810966322938, 0.511569630734792, 0.45468250262784976], "tmeasure0_r": [0.3767963853076206, 0.5191437408509553, 0.43666195830834803], "tmeasure1_f": [0.4898218304358139, 0.48633914787938975, 0.48807427651539514], "tmeasure0_f": [0.4848789277201016, 0.49250365327661394, 0.4886615496164644]}