{"orig_r": [0.32545564841300784, 0.6246908481447228, 0.4279533014691478], "orig_f": [0.5304911259987934, 0.6838187033621328, 0.5974747879896978], "tmeasure1_r": [0.30174614680812883, 0.6177091338526155, 0.4054386437462576], "tmeasure0_r": [0.32545564841300784, 0.6246908481447228, 0.4279533014691478], "tmeasure1_f": [0.5436669150070904, 0.6687996991526013, 0.5997761339564197], "tmeasure0_f": [0.5304911259987934, 0.6838187033621328, 0.5974747879896978]}