{"orig_r": [0.4401385131107374, 0.5773426523776792, 0.4994898091326172], "orig_f": [0.71036421677899, 0.598659680889949, 0.6497458390024007], "tmeasure1_r": [0.6282537873378581, 0.5604560933094435, 0.5924215302500896], "tmeasure0_r": [0.4401385131107374, 0.5773426523776792, 0.4994898091326172], "tmeasure1_f": [0.7257383652146185, 0.5809184798336978, 0.6453030563841416], "tmeasure0_f": [0.71036421677899, 0.598659680889949, 0.6497458390024007]}