{"orig_r": [0.3059207475969547, 0.3723527286642669, 0.3358834721081399], "orig_f": [0.45852736082841766, 0.37556304104793004, 0.41291910241147034], "tmeasure1_r": [0.5098109996347492, 0.36482983313149087, 0.42530431911599], "tmeasure0_r": [0.3059207475969547, 0.3723527286642669, 0.3358834721081399], "tmeasure1_f": [0.4626340526195549, 0.3682211437746856, 0.41006336782627234], "tmeasure0_f": [0.45852736082841766, 0.37556304104793004, 0.41291910241147034]}