{"orig_r": [0.38646015505170783, 0.39258514644486303, 0.3894985728676448], "orig_f": [0.6030874924830105, 0.43259248023325625, 0.5038064287110708], "tmeasure1_r": [0.38114684582046904, 0.382830433503293, 0.3819867845887247], "tmeasure0_r": [0.38646015505170783, 0.39258514644486303, 0.3894985728676448], "tmeasure1_f": [0.6068821522928278, 0.42165065227396237, 0.49758695927151636], "tmeasure0_f": [0.6030874924830105, 0.43259248023325625, 0.5038064287110708]}