{"orig_r": [0.15006009933243827, 0.0, 0.0], "orig_f": [0.2733379500423841, 0.4336989159057037, 0.3353329318982734], "tmeasure1_r": [0.1720356532031987, 0.0, 0.0], "tmeasure0_r": [0.15006009933243827, 0.0, 0.0], "tmeasure1_f": [0.28055667110078913, 0.4325467045470609, 0.34035419735067374], "tmeasure0_f": [0.2733379500423841, 0.4336989159057037, 0.3353329318982734]}