{"orig_r": [0.27440076004609587, 0.5756877344252356, 0.3716534287968228], "orig_f": [0.45364044553078614, 0.5416418873650041, 0.49375068557179574], "tmeasure1_r": [0.3089681817778011, 0.5744117143376632, 0.401808879172365], "tmeasure0_r": [0.27440076004609587, 0.5756877344252356, 0.3716534287968228], "tmeasure1_f": [0.4621407891761938, 0.5401043368238468, 0.4980902136255382], "tmeasure0_f": [0.45364044553078614, 0.5416418873650041, 0.49375068557179574]}