{"orig_r": [0.5587469517874792, 0.39276883887096486, 0.4612816594969908], "orig_f": [0.6893554518921828, 0.42858406002084054, 0.528555892731411], "tmeasure1_r": [0.5879131560855412, 0.39064026775874255, 0.4693919557501629], "tmeasure0_r": [0.5587469517874792, 0.39276883887096486, 0.4612816594969908], "tmeasure1_f": [0.6958291874344251, 0.42563688836049335, 0.5281846264677553], "tmeasure0_f": [0.6893554518921828, 0.42858406002084054, 0.528555892731411]}