{"orig_r": [0.47209154008694576, 0.503058683538923, 0.48708341117525744], "orig_f": [0.6274167516802156, 0.5381920270055296, 0.5793894135641856], "tmeasure1_r": [0.3151180531316502, 0.49548720000902274, 0.38523550449135746], "tmeasure0_r": [0.47209154008694576, 0.503058683538923, 0.48708341117525744], "tmeasure1_f": [0.6303557555907024, 0.5304795325382347, 0.5761210569287928], "tmeasure0_f": [0.6274167516802156, 0.5381920270055296, 0.5793894135641856]}