{"orig_r": [0.33061845189646394, 0.40725649957075066, 0.36495753960781296], "orig_f": [0.4742215203313564, 0.4364827795426676, 0.4545702207441264], "tmeasure1_r": [0.423538306460581, 0.40510263740728103, 0.4141153928246027], "tmeasure0_r": [0.33061845189646394, 0.40725649957075066, 0.36495753960781296], "tmeasure1_f": [0.47593554767990304, 0.43511702134456326, 0.4546118740002399], "tmeasure0_f": [0.4742215203313564, 0.4364827795426676, 0.4545702207441264]}