{"orig_r": [0.28368901520429657, 0.5978268761387724, 0.38478470874999915], "orig_f": [0.5734596094415085, 0.6156468613725942, 0.5938048733935648], "tmeasure1_r": [0.3357098388282106, 0.5960841334588143, 0.4295183577553148], "tmeasure0_r": [0.28368901520429657, 0.5978268761387724, 0.38478470874999915], "tmeasure1_f": [0.577640400728293, 0.6139458176988473, 0.5952400299310883], "tmeasure0_f": [0.5734596094415085, 0.6156468613725942, 0.5938048733935648]}