{"orig_r": [0.256996250671891, 0.5372556044297071, 0.347679832546903], "orig_f": [0.47839230119649434, 0.6048402809650885, 0.5342360239752486], "tmeasure1_r": [0.293503785959739, 0.5088759945941836, 0.37228513134842955], "tmeasure0_r": [0.256996250671891, 0.5372556044297071, 0.347679832546903], "tmeasure1_f": [0.4814214950053942, 0.6025328001119562, 0.535211203509795], "tmeasure0_f": [0.47839230119649434, 0.6048402809650885, 0.5342360239752486]}