{"orig_r": [0.3918905276568623, 0.40341133407620783, 0.3975674852046182], "orig_f": [0.5797533556202686, 0.48343610077702426, 0.5272319057850503], "tmeasure1_r": [0.46734083550554045, 0.3983724180186917, 0.43010938765535844], "tmeasure0_r": [0.3918905276568623, 0.40341133407620783, 0.3975674852046182], "tmeasure1_f": [0.5875335653403972, 0.4790377441275486, 0.5277673442768304], "tmeasure0_f": [0.5797533556202686, 0.48343610077702426, 0.5272319057850503]}