{"orig_r": [0.3919249239654939, 0.39434779542678516, 0.3931326266999582], "orig_f": [0.6699720644779205, 0.4564091324041214, 0.5429447322625861], "tmeasure1_r": [0.46758739006844197, 0.38973272232781886, 0.425125000154676], "tmeasure0_r": [0.3919249239654939, 0.39434779542678516, 0.3931326266999582], "tmeasure1_f": [0.6772489734302719, 0.4516753564191021, 0.5419259083545539], "tmeasure0_f": [0.6699720644779205, 0.4564091324041214, 0.5429447322625861]}