{"orig_r": [0.46960865986087874, 0.4548397841698903, 0.462106249136213], "orig_f": [0.6356499576279795, 0.5028442128322616, 0.5615011668458325], "tmeasure1_r": [0.5246960110598797, 0.44887093823220625, 0.48383070305005643], "tmeasure0_r": [0.46960865986087874, 0.4548397841698903, 0.462106249136213], "tmeasure1_f": [0.6442721796983277, 0.49676387449538467, 0.5609834028297817], "tmeasure0_f": [0.6356499576279795, 0.5028442128322616, 0.5615011668458325]}