{"orig_r": [0.4834413324158943, 0.4382625930355179, 0.45974470993246214], "orig_f": [0.619082379658862, 0.4874851559821086, 0.545458746427011], "tmeasure1_r": [0.5266090223005508, 0.43383629347017144, 0.4757420388051752], "tmeasure0_r": [0.4834413324158943, 0.4382625930355179, 0.45974470993246214], "tmeasure1_f": [0.6276681689684177, 0.4825249356052112, 0.5456087622328415], "tmeasure0_f": [0.619082379658862, 0.4874851559821086, 0.545458746427011]}