{"orig_r": [0.2639427448506227, 0.3975084193437163, 0.3172402407987501], "orig_f": [0.5819752942403217, 0.4180653444828819, 0.48658762943422645], "tmeasure1_r": [0.2527787598766273, 0.39524509383147877, 0.3083515030946542], "tmeasure0_r": [0.2639427448506227, 0.3975084193437163, 0.3172402407987501], "tmeasure1_f": [0.5832424880942255, 0.41587602505045085, 0.48554113330505017], "tmeasure0_f": [0.5819752942403217, 0.4180653444828819, 0.48658762943422645]}