{"orig_r": [0.4390649452896097, 0.5122767825769319, 0.4728538041102956], "orig_f": [0.5707045815959624, 0.5391619450935305, 0.5544850392143673], "tmeasure1_r": [0.4192784171075884, 0.5144065807271476, 0.4619964493746338], "tmeasure0_r": [0.4390649452896097, 0.5122767825769319, 0.4728538041102956], "tmeasure1_f": [0.5731796380919261, 0.5401957829049244, 0.5561991355386767], "tmeasure0_f": [0.5707045815959624, 0.5391619450935305, 0.5544850392143673]}