{"orig_r": [0.5400247718254474, 0.5238184074966755, 0.5317981474799854], "orig_f": [0.684831731521197, 0.5771830869128469, 0.6264162465314705], "tmeasure1_r": [0.48127557056577525, 0.5260160545665001, 0.5026522021465354], "tmeasure0_r": [0.5400247718254474, 0.5238184074966755, 0.5317981474799854], "tmeasure1_f": [0.6873329244410997, 0.5774932200905835, 0.627643736691949], "tmeasure0_f": [0.684831731521197, 0.5771830869128469, 0.6264162465314705]}