{"orig_r": [0.28785275487420514, 0.7026981097346685, 0.40840625950468495], "orig_f": [0.6585612828858344, 0.7365517403983675, 0.6953765766255473], "tmeasure1_r": [0.18150900369919665, 0.7000854396418605, 0.2882772495074556], "tmeasure0_r": [0.28785275487420514, 0.7026981097346685, 0.40840625950468495], "tmeasure1_f": [0.6667791960641103, 0.7342027278494739, 0.698868552502103], "tmeasure0_f": [0.6585612828858344, 0.7365517403983675, 0.6953765766255473]}