{"orig_r": [0.2640013680221343, 0.5314958380485906, 0.35277466035606336], "orig_f": [0.543551933992752, 0.564555341860122, 0.5538545853835758], "tmeasure1_r": [0.26426399885541024, 0.5223881259662333, 0.3509769331741653], "tmeasure0_r": [0.2640013680221343, 0.5314958380485906, 0.35277466035606336], "tmeasure1_f": [0.5452550102230588, 0.5566002051572043, 0.5508692000852589], "tmeasure0_f": [0.543551933992752, 0.564555341860122, 0.5538545853835758]}