{"orig_r": [0.30483671630214443, 0.3531419458762468, 0.32721617692908844], "orig_f": [0.6002635327745922, 0.3799085854755836, 0.4653167854969864], "tmeasure1_r": [0.08446467064367218, 0.3497878273577773, 0.13607158862142785], "tmeasure0_r": [0.30483671630214443, 0.3531419458762468, 0.32721617692908844], "tmeasure1_f": [0.6105324451534574, 0.3767860866475097, 0.46598969506039856], "tmeasure0_f": [0.6002635327745922, 0.3799085854755836, 0.4653167854969864]}