{"orig_r": [0.41581440017627547, 0.36296435950831246, 0.3875961062303271], "orig_f": [0.6859769701068537, 0.4027628721358308, 0.5075336530904434], "tmeasure1_r": [0.3051426568678373, 0.36049087600276275, 0.33051563134359546], "tmeasure0_r": [0.41581440017627547, 0.36296435950831246, 0.3875961062303271], "tmeasure1_f": [0.6976657411567897, 0.40043701669504683, 0.5088252188450624], "tmeasure0_f": [0.6859769701068537, 0.4027628721358308, 0.5075336530904434]}