{"orig_r": [0.3336978360726105, 0.49376938023995337, 0.39825088041372514], "orig_f": [0.6568168489348829, 0.5074289315250968, 0.572538681189861], "tmeasure1_r": [0.45664466580059976, 0.4884451262665892, 0.4720098837552177], "tmeasure0_r": [0.3336978360726105, 0.49376938023995337, 0.39825088041372514], "tmeasure1_f": [0.6628301766195259, 0.5029573848553691, 0.5719315306710079], "tmeasure0_f": [0.6568168489348829, 0.5074289315250968, 0.572538681189861]}