{"orig_r": [0.3384475432363919, 0.42631232913720046, 0.37733245600361554], "orig_f": [0.5744814927989568, 0.48193426228447866, 0.5241540806181649], "tmeasure1_r": [0.44523577178339374, 0.41987670441737485, 0.4321845625579748], "tmeasure0_r": [0.3384475432363919, 0.42631232913720046, 0.37733245600361554], "tmeasure1_f": [0.5793296797309594, 0.4762864252763508, 0.5227788035947805], "tmeasure0_f": [0.5744814927989568, 0.48193426228447866, 0.5241540806181649]}