{"orig_r": [0.2776029350337763, 0.6500250280525565, 0.3890543683750689], "orig_f": [0.5259158633212534, 0.6401454572050915, 0.5774355856778253], "tmeasure1_r": [0.3406204685793628, 0.6505289913081452, 0.44712427098328766], "tmeasure0_r": [0.2776029350337763, 0.6500250280525565, 0.3890543683750689], "tmeasure1_f": [0.5341714351349875, 0.6439546652310104, 0.5839479960276873], "tmeasure0_f": [0.5259158633212534, 0.6401454572050915, 0.5774355856778253]}