{"orig_r": [0.32450182324734345, 0.6858183326629778, 0.440552033063356], "orig_f": [0.49222582866649806, 0.641804390727671, 0.5571504051038326], "tmeasure1_r": [0.37336335924229475, 0.6902939040223046, 0.48461183836457644], "tmeasure0_r": [0.32450182324734345, 0.6858183326629778, 0.440552033063356], "tmeasure1_f": [0.5024122155764321, 0.6485176709974368, 0.5661912228141239], "tmeasure0_f": [0.49222582866649806, 0.641804390727671, 0.5571504051038326]}