{"orig_r": [0.3379466589379958, 0.47798647018605545, 0.39594894446891465], "orig_f": [0.5495969220415343, 0.5933817566218905, 0.5706506921307555], "tmeasure1_r": [0.32761921189966425, 0.47798647018605545, 0.38876972728301895], "tmeasure0_r": [0.3379466589379958, 0.47798647018605545, 0.39594894446891465], "tmeasure1_f": [0.5522120502859962, 0.5903201347914572, 0.570630562912672], "tmeasure0_f": [0.5495969220415343, 0.5933817566218905, 0.5706506921307555]}