{"orig_r": [0.23083105717170163, 0.4897864824432224, 0.31378068202778636], "orig_f": [0.4205989599327836, 0.5977336924260823, 0.49376040092367707], "tmeasure1_r": [0.24568845284135046, 0.4897864824432224, 0.3272304121350434], "tmeasure0_r": [0.23083105717170163, 0.4897864824432224, 0.31378068202778636], "tmeasure1_f": [0.42179590080892676, 0.594970610707359, 0.4936357794158687], "tmeasure0_f": [0.4205989599327836, 0.5977336924260823, 0.49376040092367707]}