{"orig_r": [0.4730951917804312, 0.7249000857334496, 0.57253438560027], "orig_f": [0.6370517339329747, 0.7802287621892527, 0.701408207023229], "tmeasure1_r": [0.5624870695406993, 0.7238181260885211, 0.6330353605153763], "tmeasure0_r": [0.4730951917804312, 0.7249000857334496, 0.57253438560027], "tmeasure1_f": [0.6465048456055382, 0.7793799000558119, 0.7067512062062737], "tmeasure0_f": [0.6370517339329747, 0.7802287621892527, 0.701408207023229]}