{"orig_r": [0.49480082967007233, 0.6022247568856776, 0.5432531620168327], "orig_f": [0.620559780834801, 0.7175223673940179, 0.6655279328604518], "tmeasure1_r": [0.5652625351124895, 0.600339781177752, 0.582273356692461], "tmeasure0_r": [0.49480082967007233, 0.6022247568856776, 0.5432531620168327], "tmeasure1_f": [0.6298872594021707, 0.7165662321668334, 0.6704367332194257], "tmeasure0_f": [0.620559780834801, 0.7175223673940179, 0.6655279328604518]}