{"orig_r": [0.2500523837540597, 0.3519247797641187, 0.29236866584053717], "orig_f": [0.4667486138030941, 0.36539582026568845, 0.40989997797511585], "tmeasure1_r": [0.27155374331280807, 0.34749956636779716, 0.3048681157861495], "tmeasure0_r": [0.2500523837540597, 0.3519247797641187, 0.29236866584053717], "tmeasure1_f": [0.4721516933827187, 0.36116498849604556, 0.4092673640578023], "tmeasure0_f": [0.4667486138030941, 0.36539582026568845, 0.40989997797511585]}