{"orig_r": [0.3754856104005233, 0.5080747945342492, 0.4318318776833298], "orig_f": [0.45449452282208747, 0.570776972182872, 0.506041587762733], "tmeasure1_r": [0.44038704078632873, 0.5050092481223365, 0.47048953112996755], "tmeasure0_r": [0.3754856104005233, 0.5080747945342492, 0.4318318776833298], "tmeasure1_f": [0.4575236513818937, 0.5672297966543314, 0.5065043659725743], "tmeasure0_f": [0.45449452282208747, 0.570776972182872, 0.506041587762733]}