{"orig_r": [0.43291395397948124, 0.502015606956584, 0.46491109158938215], "orig_f": [0.6197503796602106, 0.5189108929827025, 0.5648654795985177], "tmeasure1_r": [0.8968329294391242, 0.497161904957818, 0.639702754453526], "tmeasure0_r": [0.43291395397948124, 0.502015606956584, 0.46491109158938215], "tmeasure1_f": [0.6239480344815582, 0.5137544702193211, 0.563514786290708], "tmeasure0_f": [0.6197503796602106, 0.5189108929827025, 0.5648654795985177]}