{"orig_r": [0.31137963266257856, 0.3157270780224245, 0.3135382859126623], "orig_f": [0.5507560314524982, 0.358915855063357, 0.43460741150788357], "tmeasure1_r": [0.2973274576286017, 0.3129323044883465, 0.30493036663803175], "tmeasure0_r": [0.31137963266257856, 0.3157270780224245, 0.3135382859126623], "tmeasure1_f": [0.551760581967335, 0.35620012203327917, 0.4329200278468988], "tmeasure0_f": [0.5507560314524982, 0.358915855063357, 0.43460741150788357]}