{"orig_r": [0.3123957298071145, 0.31356235686694056, 0.312977956188602], "orig_f": [0.5508010724892707, 0.35549365205933736, 0.4321028899620585], "tmeasure1_r": [0.30075419724153407, 0.3108913731951942, 0.3057387804112648], "tmeasure0_r": [0.3123957298071145, 0.31356235686694056, 0.312977956188602], "tmeasure1_f": [0.5515593930706956, 0.3528076930626864, 0.43034382838569496], "tmeasure0_f": [0.5508010724892707, 0.35549365205933736, 0.4321028899620585]}