{"orig_r": [0.3197662486978597, 0.3232746128966863, 0.3215108601618074], "orig_f": [0.5235017111929843, 0.42641558690652354, 0.4699973142325945], "tmeasure1_r": [0.2827409457171685, 0.3197526172477067, 0.3001099528806984], "tmeasure0_r": [0.3197662486978597, 0.3232746128966863, 0.3215108601618074], "tmeasure1_f": [0.5317154175823091, 0.4213860002962618, 0.47016493503823903], "tmeasure0_f": [0.5235017111929843, 0.42641558690652354, 0.4699973142325945]}