{"orig_r": [0.3195497746258648, 0.37258484584046503, 0.3440353942622208], "orig_f": [0.537942227493156, 0.39198709403219684, 0.45351061770235895], "tmeasure1_r": [0.2834388257922756, 0.3662100344572972, 0.31955152548116356], "tmeasure0_r": [0.3195497746258648, 0.37258484584046503, 0.3440353942622208], "tmeasure1_f": [0.5426871977392543, 0.38507132270300937, 0.45049066635966095], "tmeasure0_f": [0.537942227493156, 0.39198709403219684, 0.45351061770235895]}