{"orig_r": [0.38086866103346845, 0.5009213624004997, 0.43272262899405745], "orig_f": [0.4490942383492862, 0.49553803873453545, 0.47117441035489405], "tmeasure1_r": [0.3662549618131032, 0.49404038207451423, 0.4206572604546594], "tmeasure0_r": [0.38086866103346845, 0.5009213624004997, 0.43272262899405745], "tmeasure1_f": [0.4479464445347357, 0.488352299980156, 0.46727751743341633], "tmeasure0_f": [0.4490942383492862, 0.49553803873453545, 0.47117441035489405]}