{"orig_r": [0.270636069387404, 0.3669907950212209, 0.3115331295146046], "orig_f": [0.4978502646584467, 0.38839024546354656, 0.43636052355171445], "tmeasure1_r": [0.2268090403051318, 0.3642298787009271, 0.27954378834320043], "tmeasure0_r": [0.270636069387404, 0.3669907950212209, 0.3115331295146046], "tmeasure1_f": [0.5046889466045703, 0.3861111164374559, 0.4375078554926883], "tmeasure0_f": [0.4978502646584467, 0.38839024546354656, 0.43636052355171445]}