{"orig_r": [0.34335992115596853, 0.40374221244393965, 0.37111095791978194], "orig_f": [0.6501710443982396, 0.44587698863150166, 0.5289846770133642], "tmeasure1_r": [0.33609898379827813, 0.4005467349049455, 0.36550365296973086], "tmeasure0_r": [0.34335992115596853, 0.40374221244393965, 0.37111095791978194], "tmeasure1_f": [0.6583077900322465, 0.4429479680710558, 0.5295701671741505], "tmeasure0_f": [0.6501710443982396, 0.44587698863150166, 0.5289846770133642]}