{"orig_r": [0.3766841737692887, 0.47469100858097757, 0.4200465178452238], "orig_f": [0.5332543840704934, 0.4700387804248477, 0.49965503446996123], "tmeasure1_r": [0.4010775284142981, 0.47121477768992853, 0.43332643671303317], "tmeasure0_r": [0.3766841737692887, 0.47469100858097757, 0.4200465178452238], "tmeasure1_f": [0.5377891950949805, 0.4664170179374852, 0.49956678100554996], "tmeasure0_f": [0.5332543840704934, 0.4700387804248477, 0.49965503446996123]}