{"orig_r": [0.35823930931542014, 0.30553311970778274, 0.3297936732267486], "orig_f": [0.561571531030629, 0.3538047817533599, 0.43410931701064903], "tmeasure1_r": [0.38866342524112835, 0.3027061199048448, 0.34034127835014294], "tmeasure0_r": [0.35823930931542014, 0.30553311970778274, 0.3297936732267486], "tmeasure1_f": [0.5627138418341125, 0.3510033323385415, 0.4323316650267418], "tmeasure0_f": [0.561571531030629, 0.3538047817533599, 0.43410931701064903]}