{"orig_r": [0.3434713689939315, 0.3142008871644269, 0.3281847693678236], "orig_f": [0.540991427309649, 0.3599638669088491, 0.43229085258406047], "tmeasure1_r": [0.3944344498805343, 0.311971995111206, 0.3483900894229811], "tmeasure0_r": [0.3434713689939315, 0.3142008871644269, 0.3281847693678236], "tmeasure1_f": [0.5415618465111737, 0.3568819458131038, 0.4302409281743613], "tmeasure0_f": [0.540991427309649, 0.3599638669088491, 0.43229085258406047]}