{"orig_r": [0.28860552251274324, 0.4108806739581432, 0.33905581610147917], "orig_f": [0.4535682704581551, 0.4168872464341667, 0.434454888668592], "tmeasure1_r": [0.40333484282658355, 0.4075002337078314, 0.40540683912400577], "tmeasure0_r": [0.28860552251274324, 0.4108806739581432, 0.33905581610147917], "tmeasure1_f": [0.45633007809990167, 0.41406864286527506, 0.4341733772951878], "tmeasure0_f": [0.4535682704581551, 0.4168872464341667, 0.434454888668592]}