{"orig_r": [0.28395486714005747, 0.4183516922917274, 0.33829386215224166], "orig_f": [0.456993139845314, 0.43860542178101936, 0.4476105198045525], "tmeasure1_r": [0.40429379714804425, 0.4148445619860218, 0.40950123094918045], "tmeasure0_r": [0.28395486714005747, 0.4183516922917274, 0.33829386215224166], "tmeasure1_f": [0.45992069874116587, 0.4361940604808249, 0.44774327175966067], "tmeasure0_f": [0.456993139845314, 0.43860542178101936, 0.4476105198045525]}