{"orig_r": [0.1612293173029585, 0.6126089257040904, 0.25527432834324165], "orig_f": [0.6840296949499916, 0.6335947153831935, 0.6578469501424918], "tmeasure1_r": [0.2065599042050767, 0.6045676606908731, 0.3079156558902382], "tmeasure0_r": [0.1612293173029585, 0.6126089257040904, 0.25527432834324165], "tmeasure1_f": [0.6900316082099828, 0.622294466829073, 0.6544148743115688], "tmeasure0_f": [0.6840296949499916, 0.6335947153831935, 0.6578469501424918]}