{"orig_r": [0.5216229352830227, 0.4413202818562457, 0.478123271911457], "orig_f": [0.4304101049323754, 0.44593413451703695, 0.4380346192518916], "tmeasure1_r": [0.3563225923577586, 0.435603376575149, 0.3919945309791955], "tmeasure0_r": [0.5216229352830227, 0.4413202818562457, 0.478123271911457], "tmeasure1_f": [0.4413429062682582, 0.4404818459332426, 0.44091195570832054], "tmeasure0_f": [0.4304101049323754, 0.44593413451703695, 0.4380346192518916]}