{"orig_r": [0.39975173415431603, 0.3395039888061554, 0.3671728308955547], "orig_f": [0.5276499817639589, 0.3544676286848911, 0.4240587322960873], "tmeasure1_r": [0.3857879377693386, 0.3380813834953627, 0.3603626121604528], "tmeasure0_r": [0.39975173415431603, 0.3395039888061554, 0.3671728308955547], "tmeasure1_f": [0.5370085703316824, 0.35413816793868086, 0.4268101382130298], "tmeasure0_f": [0.5276499817639589, 0.3544676286848911, 0.4240587322960873]}