{"orig_r": [0.3670167297576992, 0.4261033744583958, 0.39435910450665174], "orig_f": [0.5964589320111991, 0.4776093660320302, 0.5304585805223068], "tmeasure1_r": [0.22303697871543282, 0.42780295523487133, 0.2932084331149996], "tmeasure0_r": [0.3670167297576992, 0.4261033744583958, 0.39435910450665174], "tmeasure1_f": [0.597699375731685, 0.474812226793942, 0.5292156669936432], "tmeasure0_f": [0.5964589320111991, 0.4776093660320302, 0.5304585805223068]}