{"orig_r": [0.5549539192803766, 0.4983795393730759, 0.5251474286553192], "orig_f": [0.6494925095889303, 0.5500888654675968, 0.595672132226363], "tmeasure1_r": [0.47111029787801506, 0.49893263210265815, 0.4846224711634741], "tmeasure0_r": [0.5549539192803766, 0.4983795393730759, 0.5251474286553192], "tmeasure1_f": [0.6499985057609582, 0.5466788387361191, 0.5938784250301834], "tmeasure0_f": [0.6494925095889303, 0.5500888654675968, 0.595672132226363]}