{"orig_r": [0.2756851228765637, 0.35925101489162736, 0.31196888723976557], "orig_f": [0.5745688242170314, 0.3746436580891954, 0.45355190779977894], "tmeasure1_r": [0.32994343254203656, 0.3545910700043467, 0.34182351466808725], "tmeasure0_r": [0.2756851228765637, 0.35925101489162736, 0.31196888723976557], "tmeasure1_f": [0.5805616300351865, 0.3699587235454296, 0.45192896454700726], "tmeasure0_f": [0.5745688242170314, 0.3746436580891954, 0.45355190779977894]}