{"orig_r": [0.1156022388178667, 0.36257737847954624, 0.17530967519629287], "orig_f": [0.41783020510156893, 0.44200624401852673, 0.4295783454712325], "tmeasure1_r": [0.1849044066239609, 0.3577527829122303, 0.24380056992885352], "tmeasure0_r": [0.1156022388178667, 0.36257737847954624, 0.17530967519629287], "tmeasure1_f": [0.4259534632755781, 0.43653370972635397, 0.43117869184602897], "tmeasure0_f": [0.41783020510156893, 0.44200624401852673, 0.4295783454712325]}