{"orig_r": [0.29174267198273285, 0.4294246895775231, 0.34744086610257535], "orig_f": [0.45836510446151785, 0.4818053421660122, 0.46979301845579796], "tmeasure1_r": [0.25426551381834533, 0.42818010643263915, 0.31906259352605676], "tmeasure0_r": [0.29174267198273285, 0.4294246895775231, 0.34744086610257535], "tmeasure1_f": [0.467519146816027, 0.46290034605480307, 0.4651982820794792], "tmeasure0_f": [0.45836510446151785, 0.4818053421660122, 0.46979301845579796]}