{"orig_r": [0.23789382048616436, 0.25977582198593957, 0.24835375714375804], "orig_f": [0.4498380731460785, 0.31904318096813705, 0.3733158248016882], "tmeasure1_r": [0.17535754702720732, 0.25871157003918327, 0.209031347893335], "tmeasure0_r": [0.23789382048616436, 0.25977582198593957, 0.24835375714375804], "tmeasure1_f": [0.4575741661630702, 0.31779873053247604, 0.3750878828775425], "tmeasure0_f": [0.4498380731460785, 0.31904318096813705, 0.3733158248016882]}