{"orig_r": [0.3308725583979502, 0.25948105069182287, 0.2908601142646218], "orig_f": [0.446474547008974, 0.2860088951997043, 0.3486650607139476], "tmeasure1_r": [0.29199671087962253, 0.25869868482665326, 0.274341008358665], "tmeasure0_r": [0.3308725583979502, 0.25948105069182287, 0.2908601142646218], "tmeasure1_f": [0.44472548746969476, 0.280702417232079, 0.34417071228815865], "tmeasure0_f": [0.446474547008974, 0.2860088951997043, 0.3486650607139476]}