{"orig_r": [0.273132024987748, 0.5184661264794909, 0.35778179307372443], "orig_f": [0.6091562898977169, 0.5443733621894068, 0.5749457017085842], "tmeasure1_r": [0.09292307321837781, 0.5129161709800893, 0.157341233230706], "tmeasure0_r": [0.273132024987748, 0.5184661264794909, 0.35778179307372443], "tmeasure1_f": [0.6304191331756501, 0.5386189109414842, 0.5809146565528206], "tmeasure0_f": [0.6091562898977169, 0.5443733621894068, 0.5749457017085842]}