{"orig_r": [0.23010226429433933, 0.30122292499372705, 0.2609026580926578], "orig_f": [0.4988615773348288, 0.37197557200250175, 0.426174562535371], "tmeasure1_r": [0.3263742633956846, 0.30250919630264556, 0.31398891031752363], "tmeasure0_r": [0.23010226429433933, 0.30122292499372705, 0.2609026580926578], "tmeasure1_f": [0.5013623283419615, 0.3722658181955703, 0.4272757422305378], "tmeasure0_f": [0.4988615773348288, 0.37197557200250175, 0.426174562535371]}