{"orig_r": [0.2767685329020436, 0.29774083327122475, 0.2868718891683167], "orig_f": [0.508064070134237, 0.382045364127994, 0.43613406442696195], "tmeasure1_r": [0.3749380131062832, 0.2990062544468273, 0.33269460501735154], "tmeasure0_r": [0.2767685329020436, 0.29774083327122475, 0.2868718891683167], "tmeasure1_f": [0.5103634181503479, 0.3823379964509505, 0.4371704212983979], "tmeasure0_f": [0.508064070134237, 0.382045364127994, 0.43613406442696195]}