{"orig_r": [0.5044976473242789, 0.5167040648434933, 0.5105279044687066], "orig_f": [0.6093746861636554, 0.5652856344828088, 0.586502753266081], "tmeasure1_r": [0.3577714386332138, 0.5066624458858018, 0.41939436991609186], "tmeasure0_r": [0.5044976473242789, 0.5167040648434933, 0.5105279044687066], "tmeasure1_f": [0.622913064207819, 0.5548292823291794, 0.5869032550016015], "tmeasure0_f": [0.6093746861636554, 0.5652856344828088, 0.586502753266081]}