{"orig_r": [0.5377580594521348, 0.4135658441169893, 0.4675555085994464], "orig_f": [0.6278786034498102, 0.5328765825024041, 0.5764898722519962], "tmeasure1_r": [0.38147254814288534, 0.405980942431232, 0.39334535045054897], "tmeasure0_r": [0.5377580594521348, 0.4135658441169893, 0.4675555085994464], "tmeasure1_f": [0.6408602223424031, 0.5237694156923248, 0.5764287173099141], "tmeasure0_f": [0.6278786034498102, 0.5328765825024041, 0.5764898722519962]}