{"orig_r": [0.43729434814269547, 0.5044692292626469, 0.4684860363282207], "orig_f": [0.6288794444285032, 0.542721614433741, 0.5826325689665698], "tmeasure1_r": [0.42776403750728287, 0.49625252471710213, 0.4594700837074849], "tmeasure0_r": [0.43729434814269547, 0.5044692292626469, 0.4684860363282207], "tmeasure1_f": [0.6379137628036243, 0.5352322709993408, 0.5820793356140069], "tmeasure0_f": [0.6288794444285032, 0.542721614433741, 0.5826325689665698]}