{"orig_r": [0.35264023913437015, 0.45786897633541945, 0.3984236631129331], "orig_f": [0.5822635690062113, 0.5159449156672575, 0.5471018157291855], "tmeasure1_r": [0.2897981370344761, 0.45078870172781127, 0.3527951595122574], "tmeasure0_r": [0.35264023913437015, 0.45786897633541945, 0.3984236631129331], "tmeasure1_f": [0.5925307164987013, 0.5087138307271413, 0.547432577755566], "tmeasure0_f": [0.5822635690062113, 0.5159449156672575, 0.5471018157291855]}