{"orig_r": [0.5495624648555265, 0.45599775919236485, 0.4984271384593225], "orig_f": [0.6296428265275689, 0.5615676889933876, 0.5936600833811743], "tmeasure1_r": [0.5809130250010884, 0.4576552491125058, 0.5119699913739019], "tmeasure0_r": [0.5495624648555265, 0.45599775919236485, 0.4984271384593225], "tmeasure1_f": [0.6392751640799296, 0.5631118470349371, 0.5987812827000368], "tmeasure0_f": [0.6296428265275689, 0.5615676889933876, 0.5936600833811743]}