{"orig_r": [0.47647046082515493, 0.4605828677234582, 0.4683919784422014], "orig_f": [0.6060951593101378, 0.5479328497753874, 0.5755483320357769], "tmeasure1_r": [0.5542588488111938, 0.4599844416486733, 0.5027402192301544], "tmeasure0_r": [0.47647046082515493, 0.4605828677234582, 0.4683919784422014], "tmeasure1_f": [0.6119170803934189, 0.5466347051166546, 0.5774366186824065], "tmeasure0_f": [0.6060951593101378, 0.5479328497753874, 0.5755483320357769]}