{"orig_r": [0.1944324260192843, 0.5143320358648029, 0.28218916407517575], "orig_f": [0.3451259796676836, 0.49544366177689875, 0.4068442891823612], "tmeasure1_r": [0.06889400485079822, 0.5079023189988663, 0.12133026297844327], "tmeasure0_r": [0.1944324260192843, 0.5143320358648029, 0.28218916407517575], "tmeasure1_f": [0.3458405166682708, 0.4886875751272374, 0.40503840465751917], "tmeasure0_f": [0.3451259796676836, 0.49544366177689875, 0.4068442891823612]}