{"orig_r": [0.20453692851245064, 0.46539918197954966, 0.2841802903993211], "orig_f": [0.39240335653275177, 0.44810591005214007, 0.41840886276264116], "tmeasure1_r": [0.16715966855397693, 0.4586046002655544, 0.2450130082445719], "tmeasure0_r": [0.20453692851245064, 0.46539918197954966, 0.2841802903993211], "tmeasure1_f": [0.3930373463701641, 0.4421642251223815, 0.4161559547627641], "tmeasure0_f": [0.39240335653275177, 0.44810591005214007, 0.41840886276264116]}