{"orig_r": [0.20812375105617886, 0.35574949145453805, 0.2626119241557709], "orig_f": [0.587766571247595, 0.41134167481417144, 0.4839773603506461], "tmeasure1_r": [0.10014558164079179, 0.35426938217007775, 0.15615028623798918], "tmeasure0_r": [0.20812375105617886, 0.35574949145453805, 0.2626119241557709], "tmeasure1_f": [0.5943406257555931, 0.40836581023804597, 0.48410657891819836], "tmeasure0_f": [0.587766571247595, 0.41134167481417144, 0.4839773603506461]}