{"orig_r": [0.18639019455712774, 0.39455707071416285, 0.25317812328442857], "orig_f": [0.5710680053419035, 0.4410212358264675, 0.49768954596552967], "tmeasure1_r": [0.08962371361290256, 0.3925364383079632, 0.14592899553970473], "tmeasure0_r": [0.18639019455712774, 0.39455707071416285, 0.25317812328442857], "tmeasure1_f": [0.5770679809716576, 0.43432098426642163, 0.49562085824270086], "tmeasure0_f": [0.5710680053419035, 0.4410212358264675, 0.49768954596552967]}