{"orig_r": [0.21050752237935988, 0.32920544559883896, 0.25680399330187687], "orig_f": [0.5006486410888665, 0.36147772245084847, 0.41983017381785237], "tmeasure1_r": [0.21250996464743738, 0.3225282407753297, 0.25620774124273005], "tmeasure0_r": [0.21050752237935988, 0.32920544559883896, 0.25680399330187687], "tmeasure1_f": [0.5095077607974727, 0.35488841337282034, 0.41836927611142083], "tmeasure0_f": [0.5006486410888665, 0.36147772245084847, 0.41983017381785237]}