{"orig_r": [0.5914198951908193, 0.5560741896381448, 0.5732026740741422], "orig_f": [0.6212854621297277, 0.5440938465666604, 0.5801331710346617], "tmeasure1_r": [0.6489833740339996, 0.5570887340039504, 0.5995351750872874], "tmeasure0_r": [0.5914198951908193, 0.5560741896381448, 0.5732026740741422], "tmeasure1_f": [0.6220078110664388, 0.5420181308710622, 0.579264600547079], "tmeasure0_f": [0.6212854621297277, 0.5440938465666604, 0.5801331710346617]}