{"orig_r": [0.27438931873817063, 0.4831053272557029, 0.34999307869839497], "orig_f": [0.4277160839856669, 0.5119914072647999, 0.4660747345074486], "tmeasure1_r": [0.27787150043800213, 0.4783691998147385, 0.35154195554781265], "tmeasure0_r": [0.27438931873817063, 0.4831053272557029, 0.34999307869839497], "tmeasure1_f": [0.4301973485242078, 0.5071568120319548, 0.4655177839989215], "tmeasure0_f": [0.4277160839856669, 0.5119914072647999, 0.4660747345074486]}