{"orig_r": [0.3554138704087787, 0.3759596589897069, 0.36539817794333485], "orig_f": [0.5482642484558625, 0.4436408391514901, 0.49043484966578554], "tmeasure1_r": [0.3024926323053697, 0.3681246919481942, 0.33209701884143], "tmeasure0_r": [0.3554138704087787, 0.3759596589897069, 0.36539817794333485], "tmeasure1_f": [0.5520521530782774, 0.43453421427786215, 0.4862940671299122], "tmeasure0_f": [0.5482642484558625, 0.4436408391514901, 0.49043484966578554]}