{"orig_r": [0.32232782398430465, 0.37244709447661023, 0.34557972178345414], "orig_f": [0.5414836984516814, 0.43643860871227114, 0.4833193603651094], "tmeasure1_r": [0.31675462811267946, 0.36542723233978813, 0.33935457329592966], "tmeasure0_r": [0.32232782398430465, 0.37244709447661023, 0.34557972178345414], "tmeasure1_f": [0.5459595757628389, 0.4282965317934245, 0.480022842012575], "tmeasure0_f": [0.5414836984516814, 0.43643860871227114, 0.4833193603651094]}