{"orig_r": [0.6605931657915718, 0.45481561354582245, 0.5387228280239131], "orig_f": [0.5715347095853084, 0.4774947880714859, 0.5202996591392703], "tmeasure1_r": [0.9718145311019368, 0.4514186313844841, 0.6164769022430309], "tmeasure0_r": [0.6605931657915718, 0.45481561354582245, 0.5387228280239131], "tmeasure1_f": [0.5849440822633503, 0.47398942191476645, 0.5236538579816873], "tmeasure0_f": [0.5715347095853084, 0.4774947880714859, 0.5202996591392703]}