{"orig_r": [0.6901994120619532, 0.42375180737624185, 0.5251096155876139], "orig_f": [0.6048757663922747, 0.460814330055286, 0.5231078377961627], "tmeasure1_r": [1.0, 0.4219760800105281, 0.5935065799523208], "tmeasure0_r": [0.6901994120619532, 0.42375180737624185, 0.5251096155876139], "tmeasure1_f": [0.6185976510615467, 0.458594049392457, 0.5267125649509036], "tmeasure0_f": [0.6048757663922747, 0.460814330055286, 0.5231078377961627]}