{"orig_r": [0.4979337346302402, 0.505442409289351, 0.5016599767158146], "orig_f": [0.6287250187373722, 0.4751012149993345, 0.5412229047889344], "tmeasure1_r": [0.5850466018867791, 0.4935732762508916, 0.5354312003804031], "tmeasure0_r": [0.4979337346302402, 0.505442409289351, 0.5016599767158146], "tmeasure1_f": [0.639426539887265, 0.46794327822203646, 0.5404072720130556], "tmeasure0_f": [0.6287250187373722, 0.4751012149993345, 0.5412229047889344]}