{"orig_r": [0.21835968358603672, 0.4575068021795739, 0.2956235962764894], "orig_f": [0.6431806099586023, 0.4982868098776183, 0.5615375590087307], "tmeasure1_r": [0.25973441185225155, 0.4522086787059705, 0.32995377511448365], "tmeasure0_r": [0.21835968358603672, 0.4575068021795739, 0.2956235962764894], "tmeasure1_f": [0.6447802610909732, 0.4936570208390774, 0.5591881218900029], "tmeasure0_f": [0.6431806099586023, 0.4982868098776183, 0.5615375590087307]}