{"orig_r": [0.4412798861413798, 0.44629381709749427, 0.4437726896948887], "orig_f": [0.5464650938157554, 0.5045340273401206, 0.5246631115741317], "tmeasure1_r": [0.514405236465101, 0.44096449337155486, 0.47486211338157236], "tmeasure0_r": [0.4412798861413798, 0.44629381709749427, 0.4437726896948887], "tmeasure1_f": [0.5490584017681247, 0.49992055855207745, 0.5233385859442686], "tmeasure0_f": [0.5464650938157554, 0.5045340273401206, 0.5246631115741317]}