{"orig_r": [0.08994639231897164, 0.42931544633525454, 0.14873180615292242], "orig_f": [0.22973311657571416, 0.45040681983422537, 0.3042708034280359], "tmeasure1_r": [0.13172967825552934, 0.44588810382513416, 0.20337565177884528], "tmeasure0_r": [0.08994639231897164, 0.42931544633525454, 0.14873180615292242], "tmeasure1_f": [0.23406733227896384, 0.45770538908404756, 0.3097372188412417], "tmeasure0_f": [0.22973311657571416, 0.45040681983422537, 0.3042708034280359]}