{"orig_r": [0.06180990244473912, 0.0, 0.0], "orig_f": [0.19681378011694256, 0.46429765806097956, 0.2764440967298232], "tmeasure1_r": [0.06837080726285562, 0.0, 0.0], "tmeasure0_r": [0.06180990244473912, 0.0, 0.0], "tmeasure1_f": [0.19989910142382525, 0.4689175439170685, 0.28030461360037495], "tmeasure0_f": [0.19681378011694256, 0.46429765806097956, 0.2764440967298232]}