{"orig_r": [0.20529978625969714, 0.6065155233503018, 0.3067631414017661], "orig_f": [0.7138773282334563, 0.6325015153204473, 0.6707302242936588], "tmeasure1_r": [0.060674437177294475, 0.6031503004608365, 0.11025743073084054], "tmeasure0_r": [0.20529978625969714, 0.6065155233503018, 0.3067631414017661], "tmeasure1_f": [0.714748917835473, 0.6237030274910315, 0.666129352654758], "tmeasure0_f": [0.7138773282334563, 0.6325015153204473, 0.6707302242936588]}