{"orig_r": [0.2637407497959883, 0.39821414959134627, 0.3173185922176831], "orig_f": [0.6114770099869727, 0.46025547545820655, 0.5251975577588527], "tmeasure1_r": [0.29116323639772845, 0.395752559079866, 0.33549554886639815], "tmeasure0_r": [0.2637407497959883, 0.39821414959134627, 0.3173185922176831], "tmeasure1_f": [0.6130876518719383, 0.4544156610472355, 0.5219592805636158], "tmeasure0_f": [0.6114770099869727, 0.46025547545820655, 0.5251975577588527]}