{"orig_r": [0.1651910849672114, 0.344629682594307, 0.223332413279103], "orig_f": [0.5777668221723034, 0.4495360654791009, 0.505648386908524], "tmeasure1_r": [0.18059637949977633, 0.34211829507337976, 0.2364017252867135], "tmeasure0_r": [0.1651910849672114, 0.344629682594307, 0.223332413279103], "tmeasure1_f": [0.5788109142735055, 0.44256703943854603, 0.5016020402511275], "tmeasure0_f": [0.5777668221723034, 0.4495360654791009, 0.505648386908524]}