{"orig_r": [0.36081129830803327, 0.5696758006155915, 0.44180185941868977], "orig_f": [0.5951822118377161, 0.6179694171864533, 0.6063618030418024], "tmeasure1_r": [0.49437527392250913, 0.5677520782234391, 0.5285290669234504], "tmeasure0_r": [0.36081129830803327, 0.5696758006155915, 0.44180185941868977], "tmeasure1_f": [0.5987956494352514, 0.6134677966186401, 0.6060429337857656], "tmeasure0_f": [0.5951822118377161, 0.6179694171864533, 0.6063618030418024]}