{"orig_r": [0.27411687593084194, 0.32880036584300293, 0.2989787746810189], "orig_f": [0.7034730404256894, 0.3417639287628474, 0.46003292489985087], "tmeasure1_r": [0.14633220807595934, 0.32320342715874584, 0.20145466117908403], "tmeasure0_r": [0.27411687593084194, 0.32880036584300293, 0.2989787746810189], "tmeasure1_f": [0.7153108876739696, 0.3360887084596668, 0.45731026199657315], "tmeasure0_f": [0.7034730404256894, 0.3417639287628474, 0.46003292489985087]}