{"orig_r": [0.17386105113139722, 0.5315719237583243, 0.2620224931532551], "orig_f": [0.41141417155729887, 0.5473337378596744, 0.4697394468663469], "tmeasure1_r": [0.06993731985188584, 0.5289842327102268, 0.1235411860581618], "tmeasure0_r": [0.17386105113139722, 0.5315719237583243, 0.2620224931532551], "tmeasure1_f": [0.4134590298395877, 0.5442604252731811, 0.4699275684799246], "tmeasure0_f": [0.41141417155729887, 0.5473337378596744, 0.4697394468663469]}