{"orig_r": [0.5159430308406778, 0.455235044109894, 0.4836916204371734], "orig_f": [0.6438654979399165, 0.5618787019255117, 0.6000846783878052], "tmeasure1_r": [0.42737117774506056, 0.45440511457258004, 0.4404737362077014], "tmeasure0_r": [0.5159430308406778, 0.455235044109894, 0.4836916204371734], "tmeasure1_f": [0.6493724563351713, 0.5605984352287775, 0.601728827429275], "tmeasure0_f": [0.6438654979399165, 0.5618787019255117, 0.6000846783878052]}