{"orig_r": [0.39084730285694275, 0.48743278116425487, 0.4338292335398314], "orig_f": [0.5849412094309304, 0.553042132364289, 0.5685445856546489], "tmeasure1_r": [0.3189789124703012, 0.48502309897649176, 0.38485510839977566], "tmeasure0_r": [0.39084730285694275, 0.48743278116425487, 0.4338292335398314], "tmeasure1_f": [0.5898175190603012, 0.5512983409222602, 0.569907808852638], "tmeasure0_f": [0.5849412094309304, 0.553042132364289, 0.5685445856546489]}