{"orig_r": [0.33051798669052457, 0.4577824089281402, 0.3838773162672883], "orig_f": [0.5162013649736593, 0.4654521214732028, 0.48951493322559225], "tmeasure1_r": [0.3804920645111833, 0.45649832544953983, 0.41504416867759797], "tmeasure0_r": [0.33051798669052457, 0.4577824089281402, 0.3838773162672883], "tmeasure1_f": [0.5193806987166224, 0.46436804579288127, 0.49033617868723833], "tmeasure0_f": [0.5162013649736593, 0.4654521214732028, 0.48951493322559225]}