{"orig_r": [0.30152214540098876, 0.6582756240501798, 0.4135968737295199], "orig_f": [0.4294917153465247, 0.6821170736037607, 0.5270984449230242], "tmeasure1_r": [0.3206788569200037, 0.6579040909482178, 0.4311866097970863], "tmeasure0_r": [0.30152214540098876, 0.6582756240501798, 0.4135968737295199], "tmeasure1_f": [0.4299786971924235, 0.6811762859377513, 0.5271835098301044], "tmeasure0_f": [0.4294917153465247, 0.6821170736037607, 0.5270984449230242]}