{"orig_r": [0.1305739698093213, 0.6152182963194494, 0.21542592729404247], "orig_f": [0.29607073172577325, 0.5872647284344434, 0.3936712737260357], "tmeasure1_r": [0.13888198964497692, 0.6163751112069863, 0.22668678444864873], "tmeasure0_r": [0.1305739698093213, 0.6152182963194494, 0.21542592729404247], "tmeasure1_f": [0.2965517253325574, 0.5858327663466494, 0.3937732796863428], "tmeasure0_f": [0.29607073172577325, 0.5872647284344434, 0.3936712737260357]}