{"orig_r": [0.3386816942055611, 0.31020086624255033, 0.32381623833596856], "orig_f": [0.5466907003816324, 0.36274901145540644, 0.4361179934285432], "tmeasure1_r": [0.46339966169162666, 0.30786894382157365, 0.3699524741250055], "tmeasure0_r": [0.3386816942055611, 0.31020086624255033, 0.32381623833596856], "tmeasure1_f": [0.5489748730533909, 0.3577035073603526, 0.4331640453460307], "tmeasure0_f": [0.5466907003816324, 0.36274901145540644, 0.4361179934285432]}