{"orig_r": [0.2832298577647573, 0.3068192454999903, 0.2945530152715487], "orig_f": [0.5963449779135306, 0.3739416841956834, 0.4596543559979863], "tmeasure1_r": [0.3825047367903305, 0.3045918902934841, 0.33913087688892496], "tmeasure0_r": [0.2832298577647573, 0.3068192454999903, 0.2945530152715487], "tmeasure1_f": [0.6019784330247915, 0.36896756237879447, 0.4575136332797596], "tmeasure0_f": [0.5963449779135306, 0.3739416841956834, 0.4596543559979863]}