{"orig_r": [0.22764539447022705, 0.5017095154024214, 0.31318596474024707], "orig_f": [0.587008435721074, 0.5688457894757813, 0.5777844121992595], "tmeasure1_r": [0.2434514083213324, 0.4970562942920764, 0.32682726846276416], "tmeasure0_r": [0.22764539447022705, 0.5017095154024214, 0.31318596474024707], "tmeasure1_f": [0.5962343078559812, 0.5625278932610022, 0.5788908695241373], "tmeasure0_f": [0.587008435721074, 0.5688457894757813, 0.5777844121992595]}