{"orig_r": [0.19420006799238848, 0.24432157363354517, 0.21639646351645805], "orig_f": [0.37817675644154625, 0.24882677509256584, 0.3001594025796876], "tmeasure1_r": [0.3337128986763572, 0.24117577517171612, 0.27999670435093765], "tmeasure0_r": [0.19420006799238848, 0.24432157363354517, 0.21639646351645805], "tmeasure1_f": [0.37884515235356353, 0.2453867814483199, 0.2978495253747906], "tmeasure0_f": [0.37817675644154625, 0.24882677509256584, 0.3001594025796876]}