{"orig_r": [0.46023043553805126, 0.47162050633534747, 0.4658558601722854], "orig_f": [0.6585225987166109, 0.5608134381942156, 0.6057531501332325], "tmeasure1_r": [0.627288119708734, 0.47099839985914926, 0.5380229937625248], "tmeasure0_r": [0.46023043553805126, 0.47162050633534747, 0.4658558601722854], "tmeasure1_f": [0.6621357477009512, 0.5602339186820543, 0.606937352644917], "tmeasure0_f": [0.6585225987166109, 0.5608134381942156, 0.6057531501332325]}