{"orig_r": [0.4406301286657475, 0.4723842202460199, 0.4559549803237268], "orig_f": [0.6365275520466229, 0.5580074396653325, 0.5946868230037181], "tmeasure1_r": [0.5959574618637916, 0.47080943311257695, 0.526042561126754], "tmeasure0_r": [0.4406301286657475, 0.4723842202460199, 0.4559549803237268], "tmeasure1_f": [0.6401426890243694, 0.5569796796021695, 0.5956725547473164], "tmeasure0_f": [0.6365275520466229, 0.5580074396653325, 0.5946868230037181]}