{"orig_r": [0.25338926588663174, 0.19714792907781967, 0.2217582458382379], "orig_f": [0.6415935413432573, 0.30288686089195194, 0.41150722290501235], "tmeasure1_r": [0.2401868405130586, 0.19341808867352922, 0.21428021910967968], "tmeasure0_r": [0.25338926588663174, 0.19714792907781967, 0.2217582458382379], "tmeasure1_f": [0.6470214779793766, 0.29854988793951637, 0.40857453325584797], "tmeasure0_f": [0.6415935413432573, 0.30288686089195194, 0.41150722290501235]}