{"orig_r": [0.2825447545918338, 0.2419702305786852, 0.260688145621456], "orig_f": [0.5832249943501318, 0.29152676383895804, 0.3887404480212204], "tmeasure1_r": [0.2800678805012929, 0.2395073755947931, 0.2582044555056943], "tmeasure0_r": [0.2825447545918338, 0.2419702305786852, 0.260688145621456], "tmeasure1_f": [0.5914661931423943, 0.28909962403605943, 0.3883699565250157], "tmeasure0_f": [0.5832249943501318, 0.29152676383895804, 0.3887404480212204]}