{"orig_r": [0.35358476711714404, 0.3563458557480034, 0.35495994216818233], "orig_f": [0.5472747697384176, 0.40396177686304874, 0.46482252854078104], "tmeasure1_r": [0.19787997892842352, 0.353362987046932, 0.2536937965537968], "tmeasure0_r": [0.35358476711714404, 0.3563458557480034, 0.35495994216818233], "tmeasure1_f": [0.547639567606881, 0.400774475890231, 0.4628357460315671], "tmeasure0_f": [0.5472747697384176, 0.40396177686304874, 0.46482252854078104]}