{"orig_r": [0.3134231157044362, 0.3358852768226992, 0.3242656684947065], "orig_f": [0.5658016066717018, 0.3928536831191457, 0.46372715503234346], "tmeasure1_r": [0.4274726196165285, 0.33323898592529855, 0.3745191771338378], "tmeasure0_r": [0.3134231157044362, 0.3358852768226992, 0.3242656684947065], "tmeasure1_f": [0.5671694779935702, 0.3920213673672239, 0.46360441275554737], "tmeasure0_f": [0.5658016066717018, 0.3928536831191457, 0.46372715503234346]}