{"orig_r": [0.36690592876240996, 0.2771267851498364, 0.3157586821100397], "orig_f": [0.5327512274007962, 0.3032467958552455, 0.3864963748790136], "tmeasure1_r": [0.3613096451074683, 0.27574087324888474, 0.3127784506391318], "tmeasure0_r": [0.36690592876240996, 0.2771267851498364, 0.3157586821100397], "tmeasure1_f": [0.5365958407397334, 0.3019061301936384, 0.3864071388536011], "tmeasure0_f": [0.5327512274007962, 0.3032467958552455, 0.3864963748790136]}