{"orig_r": [0.23578407303137414, 0.6909132781761851, 0.351584790066703], "orig_f": [0.8355950279840776, 0.7358680566265183, 0.7825671444541655], "tmeasure1_r": [0.3260706112260754, 0.68095803957511, 0.44098130476608044], "tmeasure0_r": [0.23578407303137414, 0.6909132781761851, 0.351584790066703], "tmeasure1_f": [0.8475548412260275, 0.7285243517817506, 0.7835448168379302], "tmeasure0_f": [0.8355950279840776, 0.7358680566265183, 0.7825671444541655]}