{"orig_r": [0.08411729537278943, 0.0, 0.0], "orig_f": [0.8065550128266216, 0.8672134652091551, 0.8357850882411446], "tmeasure1_r": [0.08709041097292271, 0.0, 0.0], "tmeasure0_r": [0.08411729537278943, 0.0, 0.0], "tmeasure1_f": [0.820996315259592, 0.8614262049846199, 0.8407254796586642], "tmeasure0_f": [0.8065550128266216, 0.8672134652091551, 0.8357850882411446]}