{"orig_r": [0.24150901517812698, 0.5402578905888259, 0.3338006511552569], "orig_f": [0.5944870645931218, 0.5266968916053965, 0.5585425786549042], "tmeasure1_r": [0.09025351365881441, 0.5334338021176733, 0.1543859357972074], "tmeasure0_r": [0.24150901517812698, 0.5402578905888259, 0.3338006511552569], "tmeasure1_f": [0.5989613917517729, 0.5195393485475096, 0.5564305861658363], "tmeasure0_f": [0.5944870645931218, 0.5266968916053965, 0.5585425786549042]}