{"orig_r": [0.419775478032849, 0.4392050059262331, 0.42927050092534397], "orig_f": [0.39204109424310063, 0.4539994493886328, 0.4207515638909124], "tmeasure1_r": [0.3761852148194197, 0.43411756536291374, 0.40308046220990046], "tmeasure0_r": [0.419775478032849, 0.4392050059262331, 0.42927050092534397], "tmeasure1_f": [0.3984487446406206, 0.4488462855585278, 0.42214867936937095], "tmeasure0_f": [0.39204109424310063, 0.4539994493886328, 0.4207515638909124]}