{"orig_r": [0.5336161300158831, 0.3472589021928656, 0.4207247219553571], "orig_f": [0.5822750116525297, 0.39798158706733094, 0.4728042301367827], "tmeasure1_r": [0.5659872421030557, 0.3463446261014379, 0.42972660843286176], "tmeasure0_r": [0.5336161300158831, 0.3472589021928656, 0.4207247219553571], "tmeasure1_f": [0.5925743044494832, 0.3972331289222273, 0.47562816188102464], "tmeasure0_f": [0.5822750116525297, 0.39798158706733094, 0.4728042301367827]}