{"orig_r": [0.31344090809739955, 0.35603032480238395, 0.33338092163543787], "orig_f": [0.6150644318402837, 0.40134222103271056, 0.485733391168283], "tmeasure1_r": [0.3375906713963584, 0.35502678151660666, 0.3460892561450958], "tmeasure0_r": [0.31344090809739955, 0.35603032480238395, 0.33338092163543787], "tmeasure1_f": [0.6116767395148038, 0.38600880227125156, 0.47332069215838346], "tmeasure0_f": [0.6150644318402837, 0.40134222103271056, 0.485733391168283]}