{"orig_r": [0.3543252577736838, 0.32338686528491845, 0.338149873682558], "orig_f": [0.5793688395409405, 0.3574249580392174, 0.44210558117925974], "tmeasure1_r": [0.46464470179952405, 0.3188481931481551, 0.378181154111257], "tmeasure0_r": [0.3543252577736838, 0.32338686528491845, 0.338149873682558], "tmeasure1_f": [0.5879902284015499, 0.3510062017962663, 0.4395931872095995], "tmeasure0_f": [0.5793688395409405, 0.3574249580392174, 0.44210558117925974]}