{"orig_r": [0.31522585021997007, 0.363977515115933, 0.3378520411383098], "orig_f": [0.5150508781342917, 0.3805815675545516, 0.437721682626038], "tmeasure1_r": [0.4319330253345163, 0.3578985154892448, 0.3914459744080941], "tmeasure0_r": [0.31522585021997007, 0.363977515115933, 0.3378520411383098], "tmeasure1_f": [0.5235434458891016, 0.3739809940579667, 0.43630076154290925], "tmeasure0_f": [0.5150508781342917, 0.3805815675545516, 0.437721682626038]}