{"orig_r": [0.6425143452554621, 0.5494454552205775, 0.5923464646603829], "orig_f": [0.6519626220851504, 0.5995912992872225, 0.62468122066062], "tmeasure1_r": [0.43320949679870496, 0.5441771120670565, 0.48239394882137165], "tmeasure0_r": [0.6425143452554621, 0.5494454552205775, 0.5923464646603829], "tmeasure1_f": [0.6752659757740352, 0.5946627716227422, 0.6324064047836866], "tmeasure0_f": [0.6519626220851504, 0.5995912992872225, 0.62468122066062]}