{"orig_r": [0.22562857843306763, 0.6551848190131414, 0.3356634214544622], "orig_f": [0.7871270437455294, 0.6903715341316407, 0.7355812220514771], "tmeasure1_r": [0.28640880735828256, 0.6492598256014995, 0.3974777517719029], "tmeasure0_r": [0.22562857843306763, 0.6551848190131414, 0.3356634214544622], "tmeasure1_f": [0.795025120837601, 0.6730710500111844, 0.7289827512567625], "tmeasure0_f": [0.7871270437455294, 0.6903715341316407, 0.7355812220514771]}