{"orig_r": [0.23844573500103985, 0.25204148691066985, 0.2450551815108759], "orig_f": [0.42029638095878297, 0.28384031292762396, 0.3388462988208767], "tmeasure1_r": [0.277403132654115, 0.24890867477848366, 0.26238456045726544], "tmeasure0_r": [0.23844573500103985, 0.25204148691066985, 0.2450551815108759], "tmeasure1_f": [0.4205047587476775, 0.28071438370367174, 0.33667573244980326], "tmeasure0_f": [0.42029638095878297, 0.28384031292762396, 0.3388462988208767]}