{"orig_r": [0.23878311499700872, 0.6732741329613485, 0.35253597309883183], "orig_f": [0.6442367209161658, 0.6847139960465132, 0.6638589286239094], "tmeasure1_r": [0.15029651251746362, 0.6661645610383754, 0.2452589928157728], "tmeasure0_r": [0.23878311499700872, 0.6732741329613485, 0.35253597309883183], "tmeasure1_f": [0.6582495255154182, 0.6769264523456213, 0.6674573591103294], "tmeasure0_f": [0.6442367209161658, 0.6847139960465132, 0.6638589286239094]}