{"orig_r": [0.3659126580700331, 0.5065365587114504, 0.42489152386774875], "orig_f": [0.6177713781346916, 0.5652861128756229, 0.5903645150724662], "tmeasure1_r": [0.3091168622513524, 0.49523394427685596, 0.38064277848114314], "tmeasure0_r": [0.3659126580700331, 0.5065365587114504, 0.42489152386774875], "tmeasure1_f": [0.6271553252314469, 0.5546327343012686, 0.5886687888897044], "tmeasure0_f": [0.6177713781346916, 0.5652861128756229, 0.5903645150724662]}