{"orig_r": [0.2161704799480923, 0.6158036739998994, 0.3200065173435143], "orig_f": [0.4270605230456853, 0.6689562727295227, 0.5213146674901061], "tmeasure1_r": [0.27460891113023206, 0.6158530476973713, 0.3798449404106481], "tmeasure0_r": [0.2161704799480923, 0.6158036739998994, 0.3200065173435143], "tmeasure1_f": [0.4306584597978545, 0.6689801466165045, 0.5239938974435131], "tmeasure0_f": [0.4270605230456853, 0.6689562727295227, 0.5213146674901061]}