{"orig_r": [0.4943186786110992, 0.7509013521786605, 0.5961750614320356], "orig_f": [0.5648770760592065, 0.7472319997047696, 0.6433828329178191], "tmeasure1_r": [0.43323036394526754, 0.7442565398017131, 0.5476655928501548], "tmeasure0_r": [0.4943186786110992, 0.7509013521786605, 0.5961750614320356], "tmeasure1_f": [0.5647028489002391, 0.740701269377854, 0.6408377469398964], "tmeasure0_f": [0.5648770760592065, 0.7472319997047696, 0.6433828329178191]}