{"orig_r": [0.47403118486009665, 0.5095792395102579, 0.4911628520809624], "orig_f": [0.5892467514643666, 0.5631028210534138, 0.5758782160541391], "tmeasure1_r": [0.4838258988956319, 0.5035961014046585, 0.49351308026020496], "tmeasure0_r": [0.47403118486009665, 0.5095792395102579, 0.4911628520809624], "tmeasure1_f": [0.5929244518216956, 0.5571231813394553, 0.5744665653280254], "tmeasure0_f": [0.5892467514643666, 0.5631028210534138, 0.5758782160541391]}