{"orig_r": [0.40325706451147014, 0.4771197951108061, 0.4370899255104169], "orig_f": [0.608620136226334, 0.5662505694207982, 0.5866713622913909], "tmeasure1_r": [0.4161587784496018, 0.4720471375477797, 0.44234463336561314], "tmeasure0_r": [0.40325706451147014, 0.4771197951108061, 0.4370899255104169], "tmeasure1_f": [0.6128214329249306, 0.5606885388779803, 0.585596990355182], "tmeasure0_f": [0.608620136226334, 0.5662505694207982, 0.5866713622913909]}