{"orig_r": [0.4406820687569287, 0.6349607262229963, 0.5202764481243499], "orig_f": [0.6692963181896807, 0.6419770208007807, 0.6553520819925222], "tmeasure1_r": [0.17027091486153986, 0.6315029276444858, 0.2682217242001364], "tmeasure0_r": [0.4406820687569287, 0.6349607262229963, 0.5202764481243499], "tmeasure1_f": [0.6721596638420586, 0.6381414248062475, 0.6547089509388146], "tmeasure0_f": [0.6692963181896807, 0.6419770208007807, 0.6553520819925222]}