{"orig_r": [0.30012126507451725, 0.3871580479867613, 0.3381285044882689], "orig_f": [0.5406998181283136, 0.4116467746095841, 0.46742926968347154], "tmeasure1_r": [0.36482817196246436, 0.38582171843367435, 0.3750313802491647], "tmeasure0_r": [0.30012126507451725, 0.3871580479867613, 0.3381285044882689], "tmeasure1_f": [0.5429571089930237, 0.40792700163017886, 0.4658545936584291], "tmeasure0_f": [0.5406998181283136, 0.4116467746095841, 0.46742926968347154]}