{"orig_r": [0.5418628880017403, 0.5525784738386299, 0.5471682232080448], "orig_f": [0.6213848292726826, 0.6018724216134864, 0.6114730023914399], "tmeasure1_r": [0.6728997252942966, 0.54609412324758, 0.6029014600158626], "tmeasure0_r": [0.5418628880017403, 0.5525784738386299, 0.5471682232080448], "tmeasure1_f": [0.625533115465066, 0.59437067164117, 0.6095538712191678], "tmeasure0_f": [0.6213848292726826, 0.6018724216134864, 0.6114730023914399]}