{"orig_r": [0.5866600612079463, 0.5156325418300094, 0.5488579306748483], "orig_f": [0.5598189089085275, 0.5686927407919974, 0.5642209360246498], "tmeasure1_r": [0.7536563544155156, 0.5113827846827682, 0.6093200965933537], "tmeasure0_r": [0.5866600612079463, 0.5156325418300094, 0.5488579306748483], "tmeasure1_f": [0.5670565573487042, 0.5637804098382114, 0.5654137379303684], "tmeasure0_f": [0.5598189089085275, 0.5686927407919974, 0.5642209360246498]}