{"orig_r": [0.2982203325424265, 0.4470177734092102, 0.35776428492807394], "orig_f": [0.7095514239558972, 0.5737750879243771, 0.6344806670761646], "tmeasure1_r": [0.1981328147125063, 0.44266833991707066, 0.2737420915621848], "tmeasure0_r": [0.2982203325424265, 0.4470177734092102, 0.35776428492807394], "tmeasure1_f": [0.7219728903754536, 0.5709467296498736, 0.6376391142515992], "tmeasure0_f": [0.7095514239558972, 0.5737750879243771, 0.6344806670761646]}