{"orig_r": [0.3281126733843826, 0.5374811219895697, 0.40747604424185335], "orig_f": [0.6748443112955782, 0.5799658522036154, 0.623818116062866], "tmeasure1_r": [0.3633847733364817, 0.5317216424707146, 0.4317241952803551], "tmeasure0_r": [0.3281126733843826, 0.5374811219895697, 0.40747604424185335], "tmeasure1_f": [0.6861684564691171, 0.5758738761691241, 0.6262016392204847], "tmeasure0_f": [0.6748443112955782, 0.5799658522036154, 0.623818116062866]}