{"orig_r": [0.25869091649019066, 0.4210844572419189, 0.3204903512924687], "orig_f": [0.584231175540886, 0.46781407704155087, 0.5195813915678376], "tmeasure1_r": [0.16036129625080323, 0.4100196275218473, 0.2305521668669372], "tmeasure0_r": [0.25869091649019066, 0.4210844572419189, 0.3204903512924687], "tmeasure1_f": [0.5917320952624076, 0.45741630886489487, 0.515976404838487], "tmeasure0_f": [0.584231175540886, 0.46781407704155087, 0.5195813915678376]}