{"orig_r": [0.27080349357352823, 0.604828935336513, 0.37410626490242155], "orig_f": [0.5126513470676666, 0.640731567586996, 0.5695799669975167], "tmeasure1_r": [0.3681250419749958, 0.6000132687459384, 0.45629825262915685], "tmeasure0_r": [0.27080349357352823, 0.604828935336513, 0.37410626490242155], "tmeasure1_f": [0.5130583245342519, 0.6370039666873599, 0.5683521499050916], "tmeasure0_f": [0.5126513470676666, 0.640731567586996, 0.5695799669975167]}