{"orig_r": [0.3038352159047798, 0.4167888584192841, 0.3514596231143457], "orig_f": [0.5040909496331999, 0.4635782454618776, 0.48298653955024357], "tmeasure1_r": [0.2749445489211944, 0.41679061516013594, 0.33132422241965814], "tmeasure0_r": [0.3038352159047798, 0.4167888584192841, 0.3514596231143457], "tmeasure1_f": [0.5070333145241704, 0.45904269230420053, 0.48184601654939374], "tmeasure0_f": [0.5040909496331999, 0.4635782454618776, 0.48298653955024357]}