{"orig_r": [0.354966870737885, 0.3884539116695665, 0.3709561871668621], "orig_f": [0.5527712895623187, 0.4301082737427442, 0.48378563153501436], "tmeasure1_r": [0.23956612938808983, 0.38608789498802076, 0.29567006365253745], "tmeasure0_r": [0.354966870737885, 0.3884539116695665, 0.3709561871668621], "tmeasure1_f": [0.555354640310328, 0.4229394997006151, 0.4801856703887398], "tmeasure0_f": [0.5527712895623187, 0.4301082737427442, 0.48378563153501436]}