{"orig_r": [0.23916171000475311, 0.5810220513064766, 0.3388465704777512], "orig_f": [0.5780335824047953, 0.6859688276831192, 0.627392820961651], "tmeasure1_r": [0.09540435910322387, 0.5761231977774389, 0.16370039884520846], "tmeasure0_r": [0.23916171000475311, 0.5810220513064766, 0.3388465704777512], "tmeasure1_f": [0.5855438005470921, 0.6820732471442322, 0.6301331496159922], "tmeasure0_f": [0.5780335824047953, 0.6859688276831192, 0.627392820961651]}