{"orig_r": [0.10032882349878901, 0.6499578894409583, 0.17382557693409145], "orig_f": [0.6368373095043284, 0.7564981546257642, 0.6915294440418832], "tmeasure1_r": [0.09802161177940938, 0.6453058665495452, 0.1701912628659808], "tmeasure0_r": [0.10032882349878901, 0.6499578894409583, 0.17382557693409145], "tmeasure1_f": [0.6458542840554844, 0.7497248138489588, 0.693924097335836], "tmeasure0_f": [0.6368373095043284, 0.7564981546257642, 0.6915294440418832]}