{"orig_r": [0.2803870482567814, 0.6711136696700943, 0.3955258831408168], "orig_f": [0.6021127059313435, 0.7024934520837692, 0.6484412644146189], "tmeasure1_r": [0.17727015469487947, 0.6707911484746774, 0.28043079011774563], "tmeasure0_r": [0.2803870482567814, 0.6711136696700943, 0.3955258831408168], "tmeasure1_f": [0.6061487504735207, 0.7033796206995193, 0.6511545493491483], "tmeasure0_f": [0.6021127059313435, 0.7024934520837692, 0.6484412644146189]}