{"orig_r": [0.32366212713277737, 0.5693003520222336, 0.4126958684475003], "orig_f": [0.5084523376491654, 0.6294411389315756, 0.5625145500684372], "tmeasure1_r": [0.25249878081006083, 0.5725815579484739, 0.35045349768933476], "tmeasure0_r": [0.32366212713277737, 0.5693003520222336, 0.4126958684475003], "tmeasure1_f": [0.5121271081683217, 0.6297779781478514, 0.5648917385549675], "tmeasure0_f": [0.5084523376491654, 0.6294411389315756, 0.5625145500684372]}