{"orig_r": [0.2843528782829497, 0.5271971840692791, 0.3694412548703659], "orig_f": [0.7557291715640513, 0.6786631209853944, 0.7151258701784827], "tmeasure1_r": [0.8728611023158526, 0.5274314243397504, 0.6575402863068228], "tmeasure0_r": [0.2843528782829497, 0.5271971840692791, 0.3694412548703659], "tmeasure1_f": [0.7700141237798672, 0.6720763538802492, 0.7177195782971374], "tmeasure0_f": [0.7557291715640513, 0.6786631209853944, 0.7151258701784827]}