{"orig_r": [0.21272671741659235, 0.5575148884607746, 0.3079509370259095], "orig_f": [0.6872913800101138, 0.6397355975361797, 0.66266137631237], "tmeasure1_r": [0.5847895255510734, 0.5565629680898508, 0.5703272141813122], "tmeasure0_r": [0.21272671741659235, 0.5575148884607746, 0.3079509370259095], "tmeasure1_f": [0.6995746181867113, 0.6321638439545039, 0.6641631106078557], "tmeasure0_f": [0.6872913800101138, 0.6397355975361797, 0.66266137631237]}