{"orig_r": [0.2548882593637406, 0.5688384051666788, 0.35203481250624646], "orig_f": [0.570839591359565, 0.5986015030181125, 0.5843910206557613], "tmeasure1_r": [0.2237458913344747, 0.5650306642932259, 0.3205553935689474], "tmeasure0_r": [0.2548882593637406, 0.5688384051666788, 0.35203481250624646], "tmeasure1_f": [0.5788891522000934, 0.596498863860655, 0.58756209331773], "tmeasure0_f": [0.570839591359565, 0.5986015030181125, 0.5843910206557613]}