{"orig_r": [0.34766329026378845, 0.4800465245325672, 0.40326827401400434], "orig_f": [0.547912739124426, 0.5327548921974604, 0.5402275108560236], "tmeasure1_r": [0.4432658304670874, 0.46723326547688226, 0.45493409574171484], "tmeasure0_r": [0.34766329026378845, 0.4800465245325672, 0.40326827401400434], "tmeasure1_f": [0.555777894326053, 0.5223595156062666, 0.5385507802443337], "tmeasure0_f": [0.547912739124426, 0.5327548921974604, 0.5402275108560236]}