{"orig_r": [0.4454078629214749, 0.4828850109881271, 0.4633899210605798], "orig_f": [0.580530633362911, 0.5588176537858185, 0.5694672474533835], "tmeasure1_r": [0.3675577299730664, 0.4754528776451392, 0.41460066774285614], "tmeasure0_r": [0.4454078629214749, 0.4828850109881271, 0.4633899210605798], "tmeasure1_f": [0.5958158706315771, 0.5516730780469593, 0.5728954090217274], "tmeasure0_f": [0.580530633362911, 0.5588176537858185, 0.5694672474533835]}