{"orig_r": [0.3232448367841236, 0.4345478649481454, 0.3707223713265045], "orig_f": [0.5238536128922557, 0.4566141555907758, 0.4879282783034477], "tmeasure1_r": [0.3489152805852322, 0.4347525705337857, 0.38713292861597537], "tmeasure0_r": [0.3232448367841236, 0.4345478649481454, 0.3707223713265045], "tmeasure1_f": [0.524812834368182, 0.45464452974158853, 0.48721525413316785], "tmeasure0_f": [0.5238536128922557, 0.4566141555907758, 0.4879282783034477]}