{"orig_r": [0.20964408759781747, 0.41742927472955343, 0.2791111365741908], "orig_f": [0.4652097065016195, 0.4460287325357328, 0.4554173460317167], "tmeasure1_r": [0.25946845234216964, 0.4167545540650287, 0.31981952144553055], "tmeasure0_r": [0.20964408759781747, 0.41742927472955343, 0.2791111365741908], "tmeasure1_f": [0.46599277087439994, 0.4438860242376587, 0.45467084077160574], "tmeasure0_f": [0.4652097065016195, 0.4460287325357328, 0.4554173460317167]}