{"orig_r": [0.20012033606341934, 0.32173128335992873, 0.2467558599099501], "orig_f": [0.4054459116072519, 0.3199692770535068, 0.3576716816772937], "tmeasure1_r": [0.20197945051619248, 0.32201423091136105, 0.24824825078301402], "tmeasure0_r": [0.20012033606341934, 0.32173128335992873, 0.2467558599099501], "tmeasure1_f": [0.40548629494281396, 0.3176928743533838, 0.3562605562233077], "tmeasure0_f": [0.4054459116072519, 0.3199692770535068, 0.3576716816772937]}