{"orig_r": [0.2603386076849269, 0.28597792056802357, 0.2725566217350034], "orig_f": [0.4638936884196582, 0.30805684043267595, 0.37024554970816387], "tmeasure1_r": [0.2869465360172123, 0.28604339288532993, 0.2864942526870014], "tmeasure0_r": [0.2603386076849269, 0.28597792056802357, 0.2725566217350034], "tmeasure1_f": [0.46350776289719625, 0.30459915092407863, 0.3676156755908494], "tmeasure0_f": [0.4638936884196582, 0.30805684043267595, 0.37024554970816387]}