{"orig_r": [0.29293921734957695, 0.623574833043114, 0.398618053858042], "orig_f": [0.6682737526705289, 0.6740336803658146, 0.6711413584077126], "tmeasure1_r": [0.28457393018140453, 0.620385442393817, 0.3901733689258257], "tmeasure0_r": [0.29293921734957695, 0.623574833043114, 0.398618053858042], "tmeasure1_f": [0.6777650710160263, 0.6587156008275543, 0.6681045755168303], "tmeasure0_f": [0.6682737526705289, 0.6740336803658146, 0.6711413584077126]}