{"orig_r": [0.39754631422023645, 0.627559217449362, 0.4867476491822129], "orig_f": [0.6893579335026927, 0.7037177854245897, 0.6964638486455582], "tmeasure1_r": [0.2786826995125601, 0.6189203836494842, 0.3843177603427402], "tmeasure0_r": [0.39754631422023645, 0.627559217449362, 0.4867476491822129], "tmeasure1_f": [0.7071847471344682, 0.6990803511043283, 0.7031091960421244], "tmeasure0_f": [0.6893579335026927, 0.7037177854245897, 0.6964638486455582]}