{"orig_r": [0.4080181801411192, 0.5708584361470094, 0.4758937262555851], "orig_f": [0.6095787787008581, 0.5951677721580182, 0.6022870842262221], "tmeasure1_r": [0.5135826815867954, 0.5694129320883377, 0.5400587350483063], "tmeasure0_r": [0.4080181801411192, 0.5708584361470094, 0.4758937262555851], "tmeasure1_f": [0.6157049372970093, 0.5940419352679365, 0.6046794760137778], "tmeasure0_f": [0.6095787787008581, 0.5951677721580182, 0.6022870842262221]}