{"orig_r": [0.49572410354148694, 0.5215731275068999, 0.5083202100102632], "orig_f": [0.7182722000468104, 0.5467190464141397, 0.6208629401571131], "tmeasure1_r": [0.3956599322393059, 0.5184960512026752, 0.44882518126233617], "tmeasure0_r": [0.49572410354148694, 0.5215731275068999, 0.5083202100102632], "tmeasure1_f": [0.7244165310411573, 0.5436272088461789, 0.6211339947105062], "tmeasure0_f": [0.7182722000468104, 0.5467190464141397, 0.6208629401571131]}