{"orig_r": [0.3639269118047488, 0.6148411848402443, 0.45722220496617055], "orig_f": [0.4326282492919691, 0.5319416899467851, 0.47717224575485273], "tmeasure1_r": [0.3752986426467526, 0.611374401002376, 0.4650942565463606], "tmeasure0_r": [0.3639269118047488, 0.6148411848402443, 0.45722220496617055], "tmeasure1_f": [0.4355445549585699, 0.5245541575344244, 0.47592336938305296], "tmeasure0_f": [0.4326282492919691, 0.5319416899467851, 0.47717224575485273]}