{"orig_r": [0.3258699323461827, 0.562922730882536, 0.41278376795424726], "orig_f": [0.3798579678220197, 0.530540881062441, 0.44272942825844674], "tmeasure1_r": [0.3347944945863934, 0.5606485249329278, 0.41923837799592434], "tmeasure0_r": [0.3258699323461827, 0.562922730882536, 0.41278376795424726], "tmeasure1_f": [0.3868778790330449, 0.5278433569010968, 0.4464986934976586], "tmeasure0_f": [0.3798579678220197, 0.530540881062441, 0.44272942825844674]}