{"orig_r": [0.4086877879823638, 0.5443725688868202, 0.4668716297202332], "orig_f": [0.6027630699972851, 0.5808957606779134, 0.5916274233427453], "tmeasure1_r": [0.49651411643574067, 0.5382304739454473, 0.5165313850278085], "tmeasure0_r": [0.4086877879823638, 0.5443725688868202, 0.4668716297202332], "tmeasure1_f": [0.6053621843668119, 0.5746641598419088, 0.5896138722436596], "tmeasure0_f": [0.6027630699972851, 0.5808957606779134, 0.5916274233427453]}