{"orig_r": [0.4314252773894319, 0.4766288146449738, 0.45290191492736037], "orig_f": [0.6891244307556984, 0.5476577684588054, 0.6103004201997809], "tmeasure1_r": [0.4314545621231114, 0.46922598676728605, 0.4495482730405896], "tmeasure0_r": [0.4314252773894319, 0.4766288146449738, 0.45290191492736037], "tmeasure1_f": [0.6998943129714004, 0.5397496437259135, 0.6094777521096674], "tmeasure0_f": [0.6891244307556984, 0.5476577684588054, 0.6103004201997809]}