{"orig_r": [0.42460478488732517, 0.42048495959683596, 0.4225348301367687], "orig_f": [0.6378124343759354, 0.4616338939976453, 0.5356074782779835], "tmeasure1_r": [0.5018352838770673, 0.41408853613332197, 0.45375878111423673], "tmeasure0_r": [0.42460478488732517, 0.42048495959683596, 0.4225348301367687], "tmeasure1_f": [0.6437764194908864, 0.45528522388410886, 0.5333675195490615], "tmeasure0_f": [0.6378124343759354, 0.4616338939976453, 0.5356074782779835]}