{"orig_r": [0.3133228277779538, 0.34942158966173675, 0.33038908417345053], "orig_f": [0.5999628860611874, 0.456374708984853, 0.5184098129461217], "tmeasure1_r": [0.26549759849238647, 0.34867395525135025, 0.301453550597692], "tmeasure0_r": [0.3133228277779538, 0.34942158966173675, 0.33038908417345053], "tmeasure1_f": [0.6135036841649837, 0.4478864162302943, 0.5177737503720915], "tmeasure0_f": [0.5999628860611874, 0.456374708984853, 0.5184098129461217]}