{"orig_r": [0.31290158932788986, 0.33977114514408036, 0.32578327761569975], "orig_f": [0.599476233407928, 0.3875578119251065, 0.47076734266504483], "tmeasure1_r": [0.3294941356137906, 0.3349944430467041, 0.33222152491952], "tmeasure0_r": [0.31290158932788986, 0.33977114514408036, 0.32578327761569975], "tmeasure1_f": [0.6062627762711305, 0.3778292959193418, 0.4655333466730561], "tmeasure0_f": [0.599476233407928, 0.3875578119251065, 0.47076734266504483]}