{"orig_r": [0.372270018297717, 0.42499025234213306, 0.39688702633779344], "orig_f": [0.4949742327511347, 0.4446549320791785, 0.46846722533276336], "tmeasure1_r": [0.4665011990382661, 0.4193158079846495, 0.4416517760433515], "tmeasure0_r": [0.372270018297717, 0.42499025234213306, 0.39688702633779344], "tmeasure1_f": [0.5029110371889335, 0.4402954991219883, 0.46952487627813794], "tmeasure0_f": [0.4949742327511347, 0.4446549320791785, 0.46846722533276336]}