{"orig_r": [0.5377559805273946, 0.3558049958295438, 0.42825564112914316], "orig_f": [0.6462542296137869, 0.365155158878133, 0.46664203155589556], "tmeasure1_r": [0.5451190216318089, 0.34629717495994367, 0.42353544377986546], "tmeasure0_r": [0.5377559805273946, 0.3558049958295438, 0.42825564112914316], "tmeasure1_f": [0.6467566466469474, 0.3556381316904515, 0.4589236305747828], "tmeasure0_f": [0.6462542296137869, 0.365155158878133, 0.46664203155589556]}