{"orig_r": [0.3029362237821523, 0.432636480223803, 0.35635161793154196], "orig_f": [0.4363222598102518, 0.439306473672923, 0.43780928151994175], "tmeasure1_r": [0.35022165505718444, 0.426628220170324, 0.3846674785611421], "tmeasure0_r": [0.3029362237821523, 0.432636480223803, 0.35635161793154196], "tmeasure1_f": [0.44039385905460815, 0.4330417540673652, 0.4366868635544666], "tmeasure0_f": [0.4363222598102518, 0.439306473672923, 0.43780928151994175]}