{"orig_r": [0.3806264098807378, 0.40999647602277217, 0.39476592320993664], "orig_f": [0.4996832492085532, 0.47842674493527804, 0.488824021528968], "tmeasure1_r": [0.40339565742050026, 0.4103318847722419, 0.4068342088366586], "tmeasure0_r": [0.3806264098807378, 0.40999647602277217, 0.39476592320993664], "tmeasure1_f": [0.5024135266778534, 0.4788359244965117, 0.4903414625881784], "tmeasure0_f": [0.4996832492085532, 0.47842674493527804, 0.488824021528968]}