{"orig_r": [0.42949752055487894, 0.17830688865478372, 0.2519967457118835], "orig_f": [0.5235982938411404, 0.31730929086680837, 0.39515068323591146], "tmeasure1_r": [0.5321979956229987, 0.1782758096898665, 0.2670838189262545], "tmeasure0_r": [0.42949752055487894, 0.17830688865478372, 0.2519967457118835], "tmeasure1_f": [0.5331848127642803, 0.3178272707500409, 0.39825679829701505], "tmeasure0_f": [0.5235982938411404, 0.31730929086680837, 0.39515068323591146]}