{"orig_r": [0.4731806745271997, 0.2650565273602555, 0.3397813767268888], "orig_f": [0.5368239889846214, 0.3330416309706036, 0.4110628877246265], "tmeasure1_r": [0.5363889115198303, 0.263431865836615, 0.3533339862531923], "tmeasure0_r": [0.4731806745271997, 0.2650565273602555, 0.3397813767268888], "tmeasure1_f": [0.5439387580262718, 0.3323718660637377, 0.4126161090819188], "tmeasure0_f": [0.5368239889846214, 0.3330416309706036, 0.4110628877246265]}