{"orig_r": [0.22099371010310015, 0.41595808718107363, 0.2886376059396615], "orig_f": [0.4173203693144922, 0.429029619703144, 0.42309399578107937], "tmeasure1_r": [0.24121382183697093, 0.41462129275075227, 0.30499247269571766], "tmeasure0_r": [0.22099371010310015, 0.41595808718107363, 0.2886376059396615], "tmeasure1_f": [0.41846584369883016, 0.428021102903674, 0.42318954277176296], "tmeasure0_f": [0.4173203693144922, 0.429029619703144, 0.42309399578107937]}