{"orig_r": [0.29390733066214975, 0.5293561518613108, 0.3779632082945251], "orig_f": [0.5811973661776555, 0.5969504688875032, 0.5889685995760373], "tmeasure1_r": [0.46905746263345327, 0.5286912906604757, 0.4970922679580705], "tmeasure0_r": [0.29390733066214975, 0.5293561518613108, 0.3779632082945251], "tmeasure1_f": [0.582257898732501, 0.5970003490515154, 0.5895369728123712], "tmeasure0_f": [0.5811973661776555, 0.5969504688875032, 0.5889685995760373]}