{"orig_r": [0.38947748426247003, 0.468733796216565, 0.42544595693807075], "orig_f": [0.5984668928945385, 0.5150450929333342, 0.5536311066094602], "tmeasure1_r": [0.26431961099267187, 0.4645715722228867, 0.33693747455274814], "tmeasure0_r": [0.38947748426247003, 0.468733796216565, 0.42544595693807075], "tmeasure1_f": [0.6011598437698528, 0.5110974511065702, 0.5524823532715654], "tmeasure0_f": [0.5984668928945385, 0.5150450929333342, 0.5536311066094602]}