{"orig_r": [0.48808237977105495, 0.5585897350571905, 0.5209612510736189], "orig_f": [0.6366852719525535, 0.6050484424453834, 0.6204638364185627], "tmeasure1_r": [0.6189726694594276, 0.5578987755873895, 0.5868510037640268], "tmeasure0_r": [0.48808237977105495, 0.5585897350571905, 0.5209612510736189], "tmeasure1_f": [0.6382437681488065, 0.6036864011463774, 0.6204842960961638], "tmeasure0_f": [0.6366852719525535, 0.6050484424453834, 0.6204638364185627]}