{"orig_r": [0.487438299937413, 0.562285333746036, 0.5221934580993898], "orig_f": [0.6408083881084018, 0.6034119842804507, 0.6215481912897061], "tmeasure1_r": [0.6212794906069323, 0.5616680371262893, 0.5899717845721936], "tmeasure0_r": [0.487438299937413, 0.562285333746036, 0.5221934580993898], "tmeasure1_f": [0.6424579411945337, 0.6020974787459883, 0.6216232726897025], "tmeasure0_f": [0.6408083881084018, 0.6034119842804507, 0.6215481912897061]}