{"orig_r": [0.4963978765787655, 0.3682282897214783, 0.42281334578648117], "orig_f": [0.389158635138054, 0.5255159026349643, 0.4471733779988861], "tmeasure1_r": [0.5948064464091183, 0.3709836436708744, 0.4569594677648901], "tmeasure0_r": [0.4963978765787655, 0.3682282897214783, 0.42281334578648117], "tmeasure1_f": [0.39282457790620473, 0.526833658281984, 0.450065472798209], "tmeasure0_f": [0.389158635138054, 0.5255159026349643, 0.4471733779988861]}