{"orig_r": [0.5312378669315093, 0.5612965314283427, 0.545853700386346], "orig_f": [0.5050888057311586, 0.6131127813144794, 0.5538829600677366], "tmeasure1_r": [0.6744720363072594, 0.5593187229844702, 0.6115215812649998], "tmeasure0_r": [0.5312378669315093, 0.5612965314283427, 0.545853700386346], "tmeasure1_f": [0.5063507611713475, 0.6108588951659164, 0.5537167796232791], "tmeasure0_f": [0.5050888057311586, 0.6131127813144794, 0.5538829600677366]}