{"orig_r": [0.36085520377557617, 0.4585415386693586, 0.40387541664462345], "orig_f": [0.4623407301971099, 0.4992999095573529, 0.48011008526228655], "tmeasure1_r": [0.3822639383119173, 0.45399567152194936, 0.41505334308091485], "tmeasure0_r": [0.36085520377557617, 0.4585415386693586, 0.40387541664462345], "tmeasure1_f": [0.46295127467559893, 0.4948995177997042, 0.47839259392296163], "tmeasure0_f": [0.4623407301971099, 0.4992999095573529, 0.48011008526228655]}