{"orig_r": [0.34783455319346435, 0.4953964099241903, 0.4087041307461668], "orig_f": [0.4948908647188798, 0.538537682762939, 0.5157925628350063], "tmeasure1_r": [0.4509450388116723, 0.4919227460608074, 0.47054343222626305], "tmeasure0_r": [0.34783455319346435, 0.4953964099241903, 0.4087041307461668], "tmeasure1_f": [0.5058389592454725, 0.5339151168307201, 0.5194979721402608], "tmeasure0_f": [0.4948908647188798, 0.538537682762939, 0.5157925628350063]}