{"orig_r": [0.1679781649188355, 0.5747622569074549, 0.2599764502988172], "orig_f": [0.529587743789714, 0.6415004452771317, 0.5801967377454632], "tmeasure1_r": [0.13108176918897463, 0.5670982803586875, 0.21294291047589506], "tmeasure0_r": [0.1679781649188355, 0.5747622569074549, 0.2599764502988172], "tmeasure1_f": [0.5378073967790936, 0.6209723239790564, 0.5764055118474792], "tmeasure0_f": [0.529587743789714, 0.6415004452771317, 0.5801967377454632]}