{"orig_r": [0.01773969675503436, 0.5297174842191407, 0.03432972609534749], "orig_f": [0.5967805721215951, 0.6048330055405439, 0.6007798077428178], "tmeasure1_r": [0.02363449427585303, 0.522585887433306, 0.0452236993666798], "tmeasure0_r": [0.01773969675503436, 0.5297174842191407, 0.03432972609534749], "tmeasure1_f": [0.5991094665137248, 0.5976241031738267, 0.5983658630411677], "tmeasure0_f": [0.5967805721215951, 0.6048330055405439, 0.6007798077428178]}