{"orig_r": [0.4715416374677046, 0.6803116689116407, 0.5570071754281755], "orig_f": [0.5307725569704476, 0.6585350405860932, 0.5877912964898908], "tmeasure1_r": [0.5229224596085138, 0.6776753803596957, 0.5903253611104458], "tmeasure0_r": [0.4715416374677046, 0.6803116689116407, 0.5570071754281755], "tmeasure1_f": [0.5401029431150499, 0.657121138234461, 0.5928932875180492], "tmeasure0_f": [0.5307725569704476, 0.6585350405860932, 0.5877912964898908]}