{"orig_r": [0.4925048114908936, 0.3444070800849914, 0.40535245289439814], "orig_f": [0.4980257219009618, 0.3615048054840017, 0.4189233214777993], "tmeasure1_r": [0.6149724583399172, 0.3408452985335239, 0.43859924058832583], "tmeasure0_r": [0.4925048114908936, 0.3444070800849914, 0.40535245289439814], "tmeasure1_f": [0.5002228111959587, 0.3572638088840805, 0.4168263448866158], "tmeasure0_f": [0.4980257219009618, 0.3615048054840017, 0.4189233214777993]}