{"orig_r": [0.36600206565844917, 0.5559405159120792, 0.4414057475475854], "orig_f": [0.6029518315178262, 0.5958179608474364, 0.5993636693753385], "tmeasure1_r": [0.4241277586573219, 0.552234738691532, 0.47977689149251557], "tmeasure0_r": [0.36600206565844917, 0.5559405159120792, 0.4414057475475854], "tmeasure1_f": [0.6108182549821451, 0.5919851109497479, 0.6012542410298034], "tmeasure0_f": [0.6029518315178262, 0.5958179608474364, 0.5993636693753385]}