{"orig_r": [0.3929795696119173, 0.61394691538113, 0.47921789359370487], "orig_f": [0.5949118757276171, 0.6571641457382904, 0.6244904429115747], "tmeasure1_r": [0.536938449409513, 0.6080752845772975, 0.5702970903036233], "tmeasure0_r": [0.3929795696119173, 0.61394691538113, 0.47921789359370487], "tmeasure1_f": [0.6000535360433903, 0.6516044478878893, 0.6247674014408654], "tmeasure0_f": [0.5949118757276171, 0.6571641457382904, 0.6244904429115747]}