{"orig_r": [0.3570977379546823, 0.3707897380217919, 0.36381496062083823], "orig_f": [0.5295490142651662, 0.39085032217973575, 0.44974913527198496], "tmeasure1_r": [0.36277283287460715, 0.3687996703664646, 0.36576142648701027], "tmeasure0_r": [0.3570977379546823, 0.3707897380217919, 0.36381496062083823], "tmeasure1_f": [0.5348995260281929, 0.38895397742049687, 0.4503988941804327], "tmeasure0_f": [0.5295490142651662, 0.39085032217973575, 0.44974913527198496]}