{"orig_r": [0.42031860891687395, 0.3874791728564636, 0.403231379422105], "orig_f": [0.5576146759982219, 0.38872868728784693, 0.4581018463753997], "tmeasure1_r": [0.4599723897866885, 0.3857231313568538, 0.4195883414075749], "tmeasure0_r": [0.42031860891687395, 0.3874791728564636, 0.403231379422105], "tmeasure1_f": [0.5623532585132486, 0.3868505961699953, 0.4583771804984643], "tmeasure0_f": [0.5576146759982219, 0.38872868728784693, 0.4581018463753997]}