{"orig_r": [0.4068083946087011, 0.42548615714759597, 0.4159376993449829], "orig_f": [0.5991044046652175, 0.45881550933381676, 0.519658225416212], "tmeasure1_r": [0.3006080119806858, 0.42050924509402515, 0.350590550834973], "tmeasure0_r": [0.4068083946087011, 0.42548615714759597, 0.4159376993449829], "tmeasure1_f": [0.6051894173058076, 0.45266590948963875, 0.5179321048145752], "tmeasure0_f": [0.5991044046652175, 0.45881550933381676, 0.519658225416212]}