{"orig_r": [0.4433283144771053, 0.39257061595408327, 0.4164084033326553], "orig_f": [0.650703918286797, 0.4572268945891056, 0.5370720416791221], "tmeasure1_r": [0.22252526009493856, 0.38802385635821224, 0.2828441061736522], "tmeasure0_r": [0.4433283144771053, 0.39257061595408327, 0.4164084033326553], "tmeasure1_f": [0.6584585698663334, 0.45175010317000336, 0.535860931543188], "tmeasure0_f": [0.650703918286797, 0.4572268945891056, 0.5370720416791221]}