{"orig_r": [0.3559626858221159, 0.6002767698996126, 0.4469092547301696], "orig_f": [0.7119427291795767, 0.6765365133026113, 0.6937881920499435], "tmeasure1_r": [0.3231979883312917, 0.5972953314184949, 0.41943737213998283], "tmeasure0_r": [0.3559626858221159, 0.6002767698996126, 0.4469092547301696], "tmeasure1_f": [0.7122923717324974, 0.6715752328014741, 0.6913347979267959], "tmeasure0_f": [0.7119427291795767, 0.6765365133026113, 0.6937881920499435]}