{"orig_r": [0.4036508821487207, 0.6089776023518221, 0.48549759395592845], "orig_f": [0.729941738716318, 0.6855366872217531, 0.7070426963135703], "tmeasure1_r": [0.4032162348218174, 0.6049699496081402, 0.48390606621784327], "tmeasure0_r": [0.4036508821487207, 0.6089776023518221, 0.48549759395592845], "tmeasure1_f": [0.7319234185092137, 0.6805340158507586, 0.7052938675196176], "tmeasure0_f": [0.729941738716318, 0.6855366872217531, 0.7070426963135703]}