{"orig_r": [0.37448344410729634, 0.5757185626901121, 0.453792075054337], "orig_f": [0.5362998481857039, 0.6274144743584248, 0.5782901882866133], "tmeasure1_r": [0.36184167765565883, 0.5748459510466543, 0.4441250571622297], "tmeasure0_r": [0.37448344410729634, 0.5757185626901121, 0.453792075054337], "tmeasure1_f": [0.5380576911302202, 0.6252475530404927, 0.5783851769938699], "tmeasure0_f": [0.5362998481857039, 0.6274144743584248, 0.5782901882866133]}