{"orig_r": [0.32290013570726966, 0.49530493972893447, 0.39093874398099865], "orig_f": [0.6635206735643093, 0.5322154997370447, 0.5906587000573925], "tmeasure1_r": [0.6285184929892268, 0.4889520841361934, 0.5500197201715318], "tmeasure0_r": [0.32290013570726966, 0.49530493972893447, 0.39093874398099865], "tmeasure1_f": [0.6643747702909416, 0.517758747065303, 0.5819746138607688], "tmeasure0_f": [0.6635206735643093, 0.5322154997370447, 0.5906587000573925]}