{"orig_r": [0.23044934094468184, 0.638519300878905, 0.33866895762591964], "orig_f": [0.6020369272054374, 0.6481120436075871, 0.6242254200546883], "tmeasure1_r": [0.2941281020761992, 0.6356823253822285, 0.40217237915718984], "tmeasure0_r": [0.23044934094468184, 0.638519300878905, 0.33866895762591964], "tmeasure1_f": [0.6128462478774228, 0.6463816363632849, 0.6291673897945308], "tmeasure0_f": [0.6020369272054374, 0.6481120436075871, 0.6242254200546883]}