{"orig_r": [0.4402730347732644, 0.4816525814204534, 0.46003417196252727], "orig_f": [0.5730628726298757, 0.5167935434760395, 0.5434756142265451], "tmeasure1_r": [0.4348902707967765, 0.4773757014029292, 0.455143684805715], "tmeasure0_r": [0.4402730347732644, 0.4816525814204534, 0.46003417196252727], "tmeasure1_f": [0.5750616853996013, 0.5122990001945859, 0.5418690051672108], "tmeasure0_f": [0.5730628726298757, 0.5167935434760395, 0.5434756142265451]}