{"orig_r": [0.5750908283172466, 0.5673715348561766, 0.5712051030507971], "orig_f": [0.4544044964002613, 0.6544542470813033, 0.5363838348395293], "tmeasure1_r": [0.6328869287318921, 0.5614485061853703, 0.5950311953113633], "tmeasure0_r": [0.5750908283172466, 0.5673715348561766, 0.5712051030507971], "tmeasure1_f": [0.4577141190164369, 0.6497038365786952, 0.5370666380813804], "tmeasure0_f": [0.4544044964002613, 0.6544542470813033, 0.5363838348395293]}