{"orig_r": [0.42833850288736897, 0.6496501638982807, 0.5162766310604552], "orig_f": [0.4005388048115846, 0.6965612688917997, 0.5086132519856044], "tmeasure1_r": [0.41993799530917586, 0.6431632921550753, 0.5081147144657829], "tmeasure0_r": [0.42833850288736897, 0.6496501638982807, 0.5162766310604552], "tmeasure1_f": [0.4038085360788689, 0.6915063502760056, 0.5098737732369771], "tmeasure0_f": [0.4005388048115846, 0.6965612688917997, 0.5086132519856044]}