{"orig_r": [0.35028570025646505, 0.41150884210571564, 0.3784371110660869], "orig_f": [0.6240127016187658, 0.4324610007982135, 0.5108715093153109], "tmeasure1_r": [0.34941391503620917, 0.40949655647820193, 0.37707687629443293], "tmeasure0_r": [0.35028570025646505, 0.41150884210571564, 0.3784371110660869], "tmeasure1_f": [0.6264904663474203, 0.4303099080836907, 0.5101910663769171], "tmeasure0_f": [0.6240127016187658, 0.4324610007982135, 0.5108715093153109]}