{"orig_r": [0.4474164498721137, 0.3613087228271406, 0.39977849467846993], "orig_f": [0.5782086137636651, 0.4156227074544739, 0.48361653410439226], "tmeasure1_r": [0.44777405350406085, 0.35868367919656735, 0.3983079049208354], "tmeasure0_r": [0.4474164498721137, 0.3613087228271406, 0.39977849467846993], "tmeasure1_f": [0.5799526702860938, 0.4136288948015953, 0.4828696313955861], "tmeasure0_f": [0.5782086137636651, 0.4156227074544739, 0.48361653410439226]}