{"orig_r": [0.36275008734561937, 0.5130887695891921, 0.42501653017751173], "orig_f": [0.5480153998621261, 0.6082610324872986, 0.576568722864608], "tmeasure1_r": [0.3003431308726114, 0.510152136310974, 0.3780915103265695], "tmeasure0_r": [0.36275008734561937, 0.5130887695891921, 0.42501653017751173], "tmeasure1_f": [0.5493348504707198, 0.6031218864934493, 0.5749732041226262], "tmeasure0_f": [0.5480153998621261, 0.6082610324872986, 0.576568722864608]}