{"orig_r": [0.44945578990248997, 0.5133545088396807, 0.479284769953069], "orig_f": [0.5613820010011357, 0.5490583634414714, 0.5551517985207622], "tmeasure1_r": [0.41609422775668997, 0.507584730479703, 0.45730840692375585], "tmeasure0_r": [0.44945578990248997, 0.5133545088396807, 0.479284769953069], "tmeasure1_f": [0.5601122958235865, 0.5423939645869599, 0.5511107549312797], "tmeasure0_f": [0.5613820010011357, 0.5490583634414714, 0.5551517985207622]}