{"orig_r": [0.24522978111401536, 0.5910501107535661, 0.34663774819175536], "orig_f": [0.6480902510222533, 0.6220601649800394, 0.6348084815682653], "tmeasure1_r": [0.3389560057659027, 0.5796206888771194, 0.42776158965674627], "tmeasure0_r": [0.24522978111401536, 0.5910501107535661, 0.34663774819175536], "tmeasure1_f": [0.6625413381660972, 0.6116335100653343, 0.6360704494965989], "tmeasure0_f": [0.6480902510222533, 0.6220601649800394, 0.6348084815682653]}