{"orig_r": [0.11162564540573462, 0.23481558815089523, 0.1513182556797835], "orig_f": [0.35594828751332774, 0.27811429327805176, 0.3122540563795649], "tmeasure1_r": [0.059690178061896366, 0.23176069340210967, 0.09493083336777028], "tmeasure0_r": [0.11162564540573462, 0.23481558815089523, 0.1513182556797835], "tmeasure1_f": [0.3701876913831067, 0.27462853186785335, 0.31532737091363566], "tmeasure0_f": [0.35594828751332774, 0.27811429327805176, 0.3122540563795649]}