{"orig_r": [0.4927513137548268, 0.7952708255205972, 0.6084844850362688], "orig_f": [0.7926490382260388, 0.8060364752528115, 0.7992867033541174], "tmeasure1_r": [0.4601917134148204, 0.7879377670801768, 0.5810333571370645], "tmeasure0_r": [0.4927513137548268, 0.7952708255205972, 0.6084844850362688], "tmeasure1_f": [0.804681715158682, 0.7987285152123953, 0.8016940635566638], "tmeasure0_f": [0.7926490382260388, 0.8060364752528115, 0.7992867033541174]}