{"orig_r": [0.16112780265681664, 0.4387752209122889, 0.23570105309766715], "orig_f": [0.5203605130550134, 0.5378316410891338, 0.5289518498097615], "tmeasure1_r": [0.21210319027308602, 0.44074077012819196, 0.28638550434056637], "tmeasure0_r": [0.16112780265681664, 0.4387752209122889, 0.23570105309766715], "tmeasure1_f": [0.5233021882404577, 0.5393505762617745, 0.5312051993178541], "tmeasure0_f": [0.5203605130550134, 0.5378316410891338, 0.5289518498097615]}