{"orig_r": [0.24097756008356228, 0.43947886749413057, 0.31127502336637364], "orig_f": [0.5172408302862351, 0.538191016827568, 0.527507994301537], "tmeasure1_r": [0.32679515336378434, 0.44169408739495036, 0.3756551930059509], "tmeasure0_r": [0.24097756008356228, 0.43947886749413057, 0.31127502336637364], "tmeasure1_f": [0.5200896422984265, 0.5398609835912259, 0.5297909147629826], "tmeasure0_f": [0.5172408302862351, 0.538191016827568, 0.527507994301537]}