{"orig_r": [0.26062722178325204, 0.5029055459990069, 0.34332744003591703], "orig_f": [0.6698944127825547, 0.542765179039057, 0.5996659958711215], "tmeasure1_r": [0.27425905514863447, 0.4945818570454698, 0.35285206771801586], "tmeasure0_r": [0.26062722178325204, 0.5029055459990069, 0.34332744003591703], "tmeasure1_f": [0.6792568097472038, 0.5346585032632201, 0.5983455770570237], "tmeasure0_f": [0.6698944127825547, 0.542765179039057, 0.5996659958711215]}