{"orig_r": [0.3798032555969645, 0.5228080997449022, 0.439977222002419], "orig_f": [0.5952814605861605, 0.6267835130325375, 0.6106264612175198], "tmeasure1_r": [0.4704783415192393, 0.5190133455801182, 0.493555511862257], "tmeasure0_r": [0.3798032555969645, 0.5228080997449022, 0.439977222002419], "tmeasure1_f": [0.6019455090371201, 0.6174737309677081, 0.6096107509390045], "tmeasure0_f": [0.5952814605861605, 0.6267835130325375, 0.6106264612175198]}