{"orig_r": [0.274142729199395, 0.3268663944396661, 0.2981919639179073], "orig_f": [0.43831193449395156, 0.34712748928577336, 0.38742674925252035], "tmeasure1_r": [0.29592439390488223, 0.3219730885958999, 0.3083996740391446], "tmeasure0_r": [0.274142729199395, 0.3268663944396661, 0.2981919639179073], "tmeasure1_f": [0.43918465867636636, 0.33997781220594975, 0.3832654805412462], "tmeasure0_f": [0.43831193449395156, 0.34712748928577336, 0.38742674925252035]}