{"orig_r": [0.2371089594522588, 0.510606192605515, 0.32383803560856184], "orig_f": [0.5510116527526734, 0.5317146649156675, 0.5411911976776412], "tmeasure1_r": [0.3388214849904895, 0.5027264578197269, 0.40481240893699605], "tmeasure0_r": [0.2371089594522588, 0.510606192605515, 0.32383803560856184], "tmeasure1_f": [0.5533862501611229, 0.5213232353289189, 0.5368764567830888], "tmeasure0_f": [0.5510116527526734, 0.5317146649156675, 0.5411911976776412]}