{"orig_r": [0.2213724167275816, 0.53865669226659, 0.3137872808880921], "orig_f": [0.6813913072086937, 0.5849816071100749, 0.6295165941324631], "tmeasure1_r": [0.2620608619876105, 0.5286521969144182, 0.3504154860105877], "tmeasure0_r": [0.2213724167275816, 0.53865669226659, 0.3137872808880921], "tmeasure1_f": [0.6830601345484949, 0.5737916054256262, 0.6236760609694428], "tmeasure0_f": [0.6813913072086937, 0.5849816071100749, 0.6295165941324631]}