{"orig_r": [0.5085194408818755, 0.43714600920540486, 0.47013929538053595], "orig_f": [0.7280836634399399, 0.54639515476266, 0.6242887371427306], "tmeasure1_r": [0.05549057220162728, 0.42984880059455344, 0.09829227646524315], "tmeasure0_r": [0.5085194408818755, 0.43714600920540486, 0.47013929538053595], "tmeasure1_f": [0.7484583602219079, 0.5315630274318157, 0.6216346003334727], "tmeasure0_f": [0.7280836634399399, 0.54639515476266, 0.6242887371427306]}