{"orig_r": [0.3677511480667055, 0.4553421186009619, 0.4068860569266216], "orig_f": [0.5867440664930462, 0.5307709456694786, 0.5573557395633044], "tmeasure1_r": [0.04382077224099783, 0.44864747799538746, 0.07984303126261276], "tmeasure0_r": [0.3677511480667055, 0.4553421186009619, 0.4068860569266216], "tmeasure1_f": [0.6050266775150648, 0.5184373421608763, 0.5583951370651146], "tmeasure0_f": [0.5867440664930462, 0.5307709456694786, 0.5573557395633044]}