{"orig_r": [0.2561611833362964, 0.5211179377113538, 0.3434806981615227], "orig_f": [0.4623289199377618, 0.5655737324405445, 0.5087662576984399], "tmeasure1_r": [0.23157394798644976, 0.5146555300686461, 0.3194213481399243], "tmeasure0_r": [0.2561611833362964, 0.5211179377113538, 0.3434806981615227], "tmeasure1_f": [0.46446460680844254, 0.560523095533368, 0.5079927077742407], "tmeasure0_f": [0.4623289199377618, 0.5655737324405445, 0.5087662576984399]}