{"orig_r": [0.3484772226016645, 0.3700372125445538, 0.35893374935618816], "orig_f": [0.6449930771958482, 0.4218182763702073, 0.5100618158665341], "tmeasure1_r": [0.4803979932724351, 0.3695504545250066, 0.417746034425463], "tmeasure0_r": [0.3484772226016645, 0.3700372125445538, 0.35893374935618816], "tmeasure1_f": [0.6574557827920712, 0.42150809365327213, 0.5136834322553778], "tmeasure0_f": [0.6449930771958482, 0.4218182763702073, 0.5100618158665341]}