{"orig_r": [0.34309805467326543, 0.38600273058754436, 0.36328800802424177], "orig_f": [0.483544640150575, 0.40001282483938777, 0.4378301697553403], "tmeasure1_r": [0.20473204915051813, 0.37758135653740627, 0.2655030919427745], "tmeasure0_r": [0.34309805467326543, 0.38600273058754436, 0.36328800802424177], "tmeasure1_f": [0.4878233719717911, 0.3907466498204191, 0.43392181288689535], "tmeasure0_f": [0.483544640150575, 0.40001282483938777, 0.4378301697553403]}