{"orig_r": [0.46386962427674555, 0.37107011090288855, 0.4123127590467844], "orig_f": [0.5256262558421452, 0.38906672915663815, 0.4471526325734874], "tmeasure1_r": [0.5037613743457707, 0.36363535432642935, 0.4223798402758824], "tmeasure0_r": [0.46386962427674555, 0.37107011090288855, 0.4123127590467844], "tmeasure1_f": [0.5277634090594354, 0.3804697921760206, 0.4421728566844044], "tmeasure0_f": [0.5256262558421452, 0.38906672915663815, 0.4471526325734874]}