{"orig_r": [0.3437075540979812, 0.3555340888352809, 0.3495208081698644], "orig_f": [0.6329822520855731, 0.449926138216369, 0.5259821842565169], "tmeasure1_r": [0.5179100259541113, 0.35632424282594366, 0.4221840859832324], "tmeasure0_r": [0.3437075540979812, 0.3555340888352809, 0.3495208081698644], "tmeasure1_f": [0.6348653771316392, 0.4445166148765535, 0.5229070161154601], "tmeasure0_f": [0.6329822520855731, 0.449926138216369, 0.5259821842565169]}