{"orig_r": [0.38898857054378827, 0.36069987178467344, 0.3743104991323169], "orig_f": [0.6030606125466369, 0.44376624459339176, 0.511293613584111], "tmeasure1_r": [0.5194553267870228, 0.3617301933512074, 0.42647699378107884], "tmeasure0_r": [0.38898857054378827, 0.36069987178467344, 0.3743104991323169], "tmeasure1_f": [0.6056038184657824, 0.4401034103654859, 0.5097570304358248], "tmeasure0_f": [0.6030606125466369, 0.44376624459339176, 0.511293613584111]}