{"orig_r": [0.32374287642094296, 0.6550985303165764, 0.43333573975113193], "orig_f": [0.6565873315854709, 0.6903688308094842, 0.6730544632202625], "tmeasure1_r": [0.07027675375509908, 0.6421415946459625, 0.12668855827232567], "tmeasure0_r": [0.32374287642094296, 0.6550985303165764, 0.43333573975113193], "tmeasure1_f": [0.6555605371039316, 0.6760989430220437, 0.6656713564356592], "tmeasure0_f": [0.6565873315854709, 0.6903688308094842, 0.6730544632202625]}