{"orig_r": [0.25777220696120834, 0.30072032296068346, 0.2775949083455205], "orig_f": [0.5154096087343882, 0.3952768681750392, 0.44741961395812685], "tmeasure1_r": [0.3597014201373695, 0.3007635916170689, 0.3276027922899233], "tmeasure0_r": [0.25777220696120834, 0.30072032296068346, 0.2775949083455205], "tmeasure1_f": [0.5141835893210054, 0.3871189889998274, 0.44169457859332784], "tmeasure0_f": [0.5154096087343882, 0.3952768681750392, 0.44741961395812685]}