{"orig_r": [0.291830555801826, 0.5379047628139458, 0.3783786043055859], "orig_f": [0.6297070618910552, 0.5756093675962944, 0.6014441930741726], "tmeasure1_r": [0.28155261505120416, 0.5272399127468549, 0.36707998922143836], "tmeasure0_r": [0.291830555801826, 0.5379047628139458, 0.3783786043055859], "tmeasure1_f": [0.6347906471379839, 0.5575351767496959, 0.593660069354448], "tmeasure0_f": [0.6297070618910552, 0.5756093675962944, 0.6014441930741726]}