{"orig_r": [0.4292812980278764, 0.6247868607070011, 0.5089031716449454], "orig_f": [0.641438920183318, 0.6370009961963004, 0.6392122553759881], "tmeasure1_r": [0.46713316637494007, 0.6154784547004417, 0.5311422744459036], "tmeasure0_r": [0.4292812980278764, 0.6247868607070011, 0.5089031716449454], "tmeasure1_f": [0.6544211710666799, 0.6221653595757908, 0.6378857577414663], "tmeasure0_f": [0.641438920183318, 0.6370009961963004, 0.6392122553759881]}