{"orig_r": [0.2972439898574792, 0.5972157341872609, 0.39692963889474325], "orig_f": [0.5065830177630463, 0.5949930490497531, 0.547240237721835], "tmeasure1_r": [0.3624909994289426, 0.5951974842163982, 0.4505718395818033], "tmeasure0_r": [0.2972439898574792, 0.5972157341872609, 0.39692963889474325], "tmeasure1_f": [0.5084372672018452, 0.5929764978503568, 0.5474624698696533], "tmeasure0_f": [0.5065830177630463, 0.5949930490497531, 0.547240237721835]}