{"orig_r": [0.09430042404309075, 0.0002501397549634109, 0.000498955987474924], "orig_f": [0.27011072582297363, 0.46909281638447653, 0.3428203299285457], "tmeasure1_r": [0.09557740299256001, 0.0, 0.0], "tmeasure0_r": [0.09430042404309075, 0.0002501397549634109, 0.000498955987474924], "tmeasure1_f": [0.26960470162235567, 0.466149321139053, 0.34162517566801653], "tmeasure0_f": [0.27011072582297363, 0.46909281638447653, 0.3428203299285457]}