{"orig_r": [0.3053177834709073, 0.332150638668643, 0.3181694755526447], "orig_f": [0.6677920716528033, 0.3998561826026024, 0.5002036719098986], "tmeasure1_r": [0.5529359898341426, 0.32957981019604243, 0.4129932598914704], "tmeasure0_r": [0.3053177834709073, 0.332150638668643, 0.3181694755526447], "tmeasure1_f": [0.6712162213571295, 0.394117526785003, 0.4966294882905623], "tmeasure0_f": [0.6677920716528033, 0.3998561826026024, 0.5002036719098986]}