{"orig_r": [0.23188565868316688, 0.3322625359430224, 0.2731442473335904], "orig_f": [0.5329711274407303, 0.34884105594116094, 0.42168210960645586], "tmeasure1_r": [0.6141211391470207, 0.32667488672226647, 0.42648554638447383], "tmeasure0_r": [0.23188565868316688, 0.3322625359430224, 0.2731442473335904], "tmeasure1_f": [0.5341008217157152, 0.34285979478699674, 0.4176281002430858], "tmeasure0_f": [0.5329711274407303, 0.34884105594116094, 0.42168210960645586]}