{"orig_r": [0.038955600606874204, 0.5324542624510443, 0.07259964144989996], "orig_f": [0.4472531058574076, 0.6336930051360661, 0.5243946239775701], "tmeasure1_r": [0.0009682820986601008, 0.5254951689945648, 0.0019330024297534744], "tmeasure0_r": [0.038955600606874204, 0.5324542624510443, 0.07259964144989996], "tmeasure1_f": [0.45073696569897065, 0.6256005464180188, 0.5239644421153031], "tmeasure0_f": [0.4472531058574076, 0.6336930051360661, 0.5243946239775701]}