{"orig_r": [0.038623800122705006, 0.5348330289351775, 0.07204477464345665], "orig_f": [0.43625701427890673, 0.627946655930027, 0.5148377907561135], "tmeasure1_r": [0.0, 0.5273773005927751, 0.0], "tmeasure0_r": [0.038623800122705006, 0.5348330289351775, 0.07204477464345665], "tmeasure1_f": [0.4384690768665985, 0.6184381152427793, 0.513131127338488], "tmeasure0_f": [0.43625701427890673, 0.627946655930027, 0.5148377907561135]}