{"orig_r": [0.33928628419241197, 0.4937061948155902, 0.40218307978299883], "orig_f": [0.5676030792655785, 0.53443353949032, 0.5505191343277842], "tmeasure1_r": [0.3551726075176304, 0.48960368892055606, 0.41169199367299897], "tmeasure0_r": [0.33928628419241197, 0.4937061948155902, 0.40218307978299883], "tmeasure1_f": [0.5686000401307292, 0.5302717352209853, 0.5487674480133753], "tmeasure0_f": [0.5676030792655785, 0.53443353949032, 0.5505191343277842]}