{"orig_r": [0.23791622732811035, 0.42713690976280033, 0.3056080678541674], "orig_f": [0.4874327961119951, 0.45057122578319236, 0.46827772014745406], "tmeasure1_r": [0.2220128964493219, 0.42326204399498313, 0.29125455353863144], "tmeasure0_r": [0.23791622732811035, 0.42713690976280033, 0.3056080678541674], "tmeasure1_f": [0.4879196488767917, 0.44691475744679754, 0.4665178989054408], "tmeasure0_f": [0.4874327961119951, 0.45057122578319236, 0.46827772014745406]}