{"orig_r": [0.4786014479280519, 0.6008623895974861, 0.5328082325130464], "orig_f": [0.6341836594703294, 0.6102167601722048, 0.6219694110153122], "tmeasure1_r": [0.5715899588906387, 0.5989942316117771, 0.584971317741368], "tmeasure0_r": [0.4786014479280519, 0.6008623895974861, 0.5328082325130464], "tmeasure1_f": [0.6361403949353345, 0.6075622158223234, 0.6215229663071123], "tmeasure0_f": [0.6341836594703294, 0.6102167601722048, 0.6219694110153122]}