{"orig_r": [0.4289007687905573, 0.5148655590575874, 0.46796802892317435], "orig_f": [0.4304190758050705, 0.5695341170151094, 0.49029964611390187], "tmeasure1_r": [0.4217021199299666, 0.5097660736466496, 0.46157117421204935], "tmeasure0_r": [0.4289007687905573, 0.5148655590575874, 0.46796802892317435], "tmeasure1_f": [0.4325717606455058, 0.5606128430859872, 0.48833879152590914], "tmeasure0_f": [0.4304190758050705, 0.5695341170151094, 0.49029964611390187]}