{"orig_r": [0.3264620675070906, 0.5244141114280615, 0.40241181804138043], "orig_f": [0.6881375769785887, 0.5400885269811043, 0.6051902155678478], "tmeasure1_r": [0.2743722381273719, 0.5228530932579671, 0.359889149933868], "tmeasure0_r": [0.3264620675070906, 0.5244141114280615, 0.40241181804138043], "tmeasure1_f": [0.6894347842556401, 0.5388527594786467, 0.6049134632551217], "tmeasure0_f": [0.6881375769785887, 0.5400885269811043, 0.6051902155678478]}