{"orig_r": [0.3592746484131565, 0.5042840446667683, 0.4196043055321297], "orig_f": [0.4867495923344957, 0.4627535912014323, 0.4744483763178411], "tmeasure1_r": [0.4001160823902016, 0.5044742117150931, 0.4462755052174658], "tmeasure0_r": [0.3592746484131565, 0.5042840446667683, 0.4196043055321297], "tmeasure1_f": [0.492940743323486, 0.4624637897217325, 0.4772161663060429], "tmeasure0_f": [0.4867495923344957, 0.4627535912014323, 0.4744483763178411]}