{"orig_r": [0.5524113990648736, 0.4379319309110555, 0.48855499568142235], "orig_f": [0.5236613705261641, 0.43044837428115146, 0.4725015897670113], "tmeasure1_r": [0.7367217603519102, 0.4374088977330912, 0.54891446861135], "tmeasure0_r": [0.5524113990648736, 0.4379319309110555, 0.48855499568142235], "tmeasure1_f": [0.529230760995409, 0.4294554044735765, 0.4741510177357302], "tmeasure0_f": [0.5236613705261641, 0.43044837428115146, 0.4725015897670113]}