{"orig_r": [0.47161304243420576, 0.5687087270712917, 0.5156298001155284], "orig_f": [0.7438022344631516, 0.5718811438094903, 0.6466091760941824], "tmeasure1_r": [0.17065558996430072, 0.5569617687917332, 0.2612599551039105], "tmeasure0_r": [0.47161304243420576, 0.5687087270712917, 0.5156298001155284], "tmeasure1_f": [0.753983429231884, 0.5605943097671408, 0.6430640159903444], "tmeasure0_f": [0.7438022344631516, 0.5718811438094903, 0.6466091760941824]}