{"orig_r": [0.19585906773587788, 0.39434511467466976, 0.26172659844912133], "orig_f": [0.22963927770727685, 0.38155950393896215, 0.28671866344656777], "tmeasure1_r": [0.21043397437980754, 0.39339809824725835, 0.2741965161521229], "tmeasure0_r": [0.19585906773587788, 0.39434511467466976, 0.26172659844912133], "tmeasure1_f": [0.23103407616476795, 0.38125611417595534, 0.28771701885929346], "tmeasure0_f": [0.22963927770727685, 0.38155950393896215, 0.28671866344656777]}