{"orig_r": [0.29045981812728866, 0.4705819666077689, 0.35920538182396583], "orig_f": [0.3701664940957237, 0.46767750929094, 0.41324767685125646], "tmeasure1_r": [0.3120561077626556, 0.47015607493645073, 0.3751285853906808], "tmeasure0_r": [0.29045981812728866, 0.4705819666077689, 0.35920538182396583], "tmeasure1_f": [0.37490320498906776, 0.4675826717138884, 0.4161452365442906], "tmeasure0_f": [0.3701664940957237, 0.46767750929094, 0.41324767685125646]}