{"orig_r": [0.19330184773375114, 0.4885183893816828, 0.2769982531433953], "orig_f": [0.6010351199285268, 0.5014190867948873, 0.5467265290989558], "tmeasure1_r": [0.23669599386662243, 0.48897038391867953, 0.318982205972393], "tmeasure0_r": [0.19330184773375114, 0.4885183893816828, 0.2769982531433953], "tmeasure1_f": [0.6070048423863124, 0.5020290004471408, 0.5495486657309112], "tmeasure0_f": [0.6010351199285268, 0.5014190867948873, 0.5467265290989558]}