{"orig_r": [0.28064437796387326, 0.4487224500117267, 0.3453171381854485], "orig_f": [0.4755873707333072, 0.49509819200030725, 0.48514669719643966], "tmeasure1_r": [0.2634579741797913, 0.4442803554831293, 0.3307697139399264], "tmeasure0_r": [0.28064437796387326, 0.4487224500117267, 0.3453171381854485], "tmeasure1_f": [0.47727955794099736, 0.48891247302737284, 0.4830259855579026], "tmeasure0_f": [0.4755873707333072, 0.49509819200030725, 0.48514669719643966]}