{"orig_r": [0.3066408233021213, 0.4513657554999683, 0.3651872444052532], "orig_f": [0.3677986251578403, 0.46262043141572307, 0.4097958911171902], "tmeasure1_r": [0.29315026443689385, 0.45031933576232536, 0.35512207176836424], "tmeasure0_r": [0.3066408233021213, 0.4513657554999683, 0.3651872444052532], "tmeasure1_f": [0.3679637057611144, 0.4614077560097006, 0.4094216297381262], "tmeasure0_f": [0.3677986251578403, 0.46262043141572307, 0.4097958911171902]}