{"orig_r": [0.34631101099923317, 0.37292384558617414, 0.35912506967140834], "orig_f": [0.8337280694052087, 0.5348196234304802, 0.6516311188232007], "tmeasure1_r": [0.28612955954787056, 0.3644917865546615, 0.32059161590823765], "tmeasure0_r": [0.34631101099923317, 0.37292384558617414, 0.35912506967140834], "tmeasure1_f": [0.8447808879354904, 0.5242465317353969, 0.6469898910907075], "tmeasure0_f": [0.8337280694052087, 0.5348196234304802, 0.6516311188232007]}