{"orig_r": [0.27254356997157714, 0.4472417616504591, 0.3386922767261949], "orig_f": [0.7587107928941086, 0.48491263799939194, 0.5916717921542584], "tmeasure1_r": [0.2934583676673474, 0.43551496048454863, 0.3506452279194339], "tmeasure0_r": [0.27254356997157714, 0.4472417616504591, 0.3386922767261949], "tmeasure1_f": [0.7617032406946515, 0.469635266734485, 0.5810306466627597], "tmeasure0_f": [0.7587107928941086, 0.48491263799939194, 0.5916717921542584]}