{"orig_r": [0.2074018941592439, 0.5152491261719943, 0.2957544976079443], "orig_f": [0.5168514024246006, 0.5871600931102512, 0.5497669522449501], "tmeasure1_r": [0.21254242210070803, 0.5069589685523337, 0.2995137701790741], "tmeasure0_r": [0.2074018941592439, 0.5152491261719943, 0.2957544976079443], "tmeasure1_f": [0.5230351768970579, 0.580995859312563, 0.5504940750493666], "tmeasure0_f": [0.5168514024246006, 0.5871600931102512, 0.5497669522449501]}