{"orig_r": [0.3492883704944618, 0.4835771263818945, 0.40560658861679727], "orig_f": [0.6267297150368448, 0.4882409089881148, 0.5488845699895342], "tmeasure1_r": [0.3862725304478126, 0.47433285745183584, 0.42579736473559454], "tmeasure0_r": [0.3492883704944618, 0.4835771263818945, 0.40560658861679727], "tmeasure1_f": [0.6347810656153792, 0.4779652208200466, 0.5453233605859283], "tmeasure0_f": [0.6267297150368448, 0.4882409089881148, 0.5488845699895342]}