{"orig_r": [0.4910329322631235, 0.34259728590891747, 0.4035999324835549], "orig_f": [0.604294803619186, 0.37819167711583174, 0.4652262799222384], "tmeasure1_r": [0.3500627120763759, 0.3396351773792102, 0.34477011783740885], "tmeasure0_r": [0.4910329322631235, 0.34259728590891747, 0.4035999324835549], "tmeasure1_f": [0.6099852178766293, 0.3755215696991002, 0.4648625649220657], "tmeasure0_f": [0.604294803619186, 0.37819167711583174, 0.4652262799222384]}