{"orig_r": [0.2823271170582705, 0.45246630278158156, 0.3476991039418401], "orig_f": [0.7847227544234353, 0.6008160892860047, 0.6805641842911805], "tmeasure1_r": [0.1518660965169841, 0.44919052602115295, 0.22698963532313432], "tmeasure0_r": [0.2823271170582705, 0.45246630278158156, 0.3476991039418401], "tmeasure1_f": [0.7916287598128643, 0.5899774511697571, 0.676087171980648], "tmeasure0_f": [0.7847227544234353, 0.6008160892860047, 0.6805641842911805]}