{"orig_r": [0.24995531212588848, 0.4806474855103777, 0.32888018674979763], "orig_f": [0.7656471940376588, 0.5349326918157312, 0.6298263089298548], "tmeasure1_r": [0.10930815361820595, 0.4737928709264254, 0.17763448095081336], "tmeasure0_r": [0.24995531212588848, 0.4806474855103777, 0.32888018674979763], "tmeasure1_f": [0.7712985768493055, 0.5246972137475026, 0.6245363097265623], "tmeasure0_f": [0.7656471940376588, 0.5349326918157312, 0.6298263089298548]}