{"orig_r": [0.4718826886593315, 0.3274584210054493, 0.38662332828845125], "orig_f": [0.5898949586107669, 0.3862881843044392, 0.466857995133171], "tmeasure1_r": [0.6449929840865282, 0.32929606930777067, 0.43599720976199163], "tmeasure0_r": [0.4718826886593315, 0.3274584210054493, 0.38662332828845125], "tmeasure1_f": [0.593275855492221, 0.3881233902388326, 0.4692570070378616], "tmeasure0_f": [0.5898949586107669, 0.3862881843044392, 0.466857995133171]}