{"orig_r": [0.3298447518592435, 0.3233054836867094, 0.3265423825568615], "orig_f": [0.5342510199635426, 0.3820309278113816, 0.44549696375985887], "tmeasure1_r": [0.43297001252889894, 0.3256918609215191, 0.3717461336561194], "tmeasure0_r": [0.3298447518592435, 0.3233054836867094, 0.3265423825568615], "tmeasure1_f": [0.5370299319842875, 0.38345536564527616, 0.44743139181428876], "tmeasure0_f": [0.5342510199635426, 0.3820309278113816, 0.44549696375985887]}