{"orig_r": [0.26242400044091585, 0.5097371076560981, 0.34647497668967964], "orig_f": [0.5443666515742582, 0.5252364347147891, 0.5346304679102701], "tmeasure1_r": [0.3075305324014287, 0.5077812520864097, 0.38306385794654724], "tmeasure0_r": [0.26242400044091585, 0.5097371076560981, 0.34647497668967964], "tmeasure1_f": [0.5448411210506597, 0.525253053419694, 0.5348678075032293], "tmeasure0_f": [0.5443666515742582, 0.5252364347147891, 0.5346304679102701]}