{"orig_r": [0.31154073470278754, 0.4326920895770367, 0.36225548535126273], "orig_f": [0.570816141578246, 0.44503027672767564, 0.500135573388791], "tmeasure1_r": [0.21571949309572874, 0.42562451178090766, 0.2863221710419053], "tmeasure0_r": [0.31154073470278754, 0.4326920895770367, 0.36225548535126273], "tmeasure1_f": [0.5757348423355665, 0.43842077938737645, 0.49778182537390564], "tmeasure0_f": [0.570816141578246, 0.44503027672767564, 0.500135573388791]}