{"orig_r": [0.3143069705702669, 0.3543417295503696, 0.33312582688491554], "orig_f": [0.5502014109730528, 0.3990953298138171, 0.46262207409309414], "tmeasure1_r": [0.4629970924938506, 0.3490978350881051, 0.39806007192522147], "tmeasure0_r": [0.3143069705702669, 0.3543417295503696, 0.33312582688491554], "tmeasure1_f": [0.5505278800535776, 0.39434219236628404, 0.4595263994828311], "tmeasure0_f": [0.5502014109730528, 0.3990953298138171, 0.46262207409309414]}