{"orig_r": [0.20900808706422896, 0.36060929009826326, 0.26463468609921664], "orig_f": [0.5391760326863865, 0.40357807661589823, 0.4616254102355578], "tmeasure1_r": [0.2422435258498374, 0.3552546919914335, 0.2880616095345902], "tmeasure0_r": [0.20900808706422896, 0.36060929009826326, 0.26463468609921664], "tmeasure1_f": [0.5389216032479792, 0.3985743811954025, 0.4582426977645791], "tmeasure0_f": [0.5391760326863865, 0.40357807661589823, 0.4616254102355578]}