{"orig_r": [0.38778106755865716, 0.5532742604329709, 0.4559759176355945], "orig_f": [0.573282578434826, 0.6600360814005326, 0.6136081435041755], "tmeasure1_r": [0.21111507604187543, 0.5448098773409108, 0.3043095168865221], "tmeasure0_r": [0.38778106755865716, 0.5532742604329709, 0.4559759176355945], "tmeasure1_f": [0.5770255884326952, 0.6448313053421286, 0.6090470419254126], "tmeasure0_f": [0.573282578434826, 0.6600360814005326, 0.6136081435041755]}