{"orig_r": [0.3238075994630735, 0.4881049994910201, 0.38933281334644837], "orig_f": [0.6030170760225917, 0.5754673374371168, 0.5889201880050161], "tmeasure1_r": [0.1809575832924448, 0.47704944062570587, 0.26238538723373384], "tmeasure0_r": [0.3238075994630735, 0.4881049994910201, 0.38933281334644837], "tmeasure1_f": [0.6055985285092851, 0.5595057167385239, 0.5816403813331142], "tmeasure0_f": [0.6030170760225917, 0.5754673374371168, 0.5889201880050161]}