{"orig_r": [0.7353812754336779, 0.384081624864309, 0.5046106219119388], "orig_f": [0.6050202898073286, 0.4302574395594935, 0.5028882074634269], "tmeasure1_r": [0.8433837338338852, 0.38450548345475327, 0.5282002085363106], "tmeasure0_r": [0.7353812754336779, 0.384081624864309, 0.5046106219119388], "tmeasure1_f": [0.6078306631735879, 0.4301963185217882, 0.5038144830394622], "tmeasure0_f": [0.6050202898073286, 0.4302574395594935, 0.5028882074634269]}