{"orig_r": [0.2049091397660647, 0.5346727207464406, 0.29627370035445044], "orig_f": [0.41727002567638216, 0.5651597048737911, 0.480083607469572], "tmeasure1_r": [0.16079587262648581, 0.5281593953116656, 0.2465351665259065], "tmeasure0_r": [0.2049091397660647, 0.5346727207464406, 0.29627370035445044], "tmeasure1_f": [0.4177480378114397, 0.5595018787283551, 0.47834398966882213], "tmeasure0_f": [0.41727002567638216, 0.5651597048737911, 0.480083607469572]}