{"orig_r": [0.3441329784796849, 0.4274252100580633, 0.3812832597716378], "orig_f": [0.6063513185208705, 0.507014596079042, 0.5522514472743278], "tmeasure1_r": [0.368930837992052, 0.42095071470378176, 0.39322781852286837], "tmeasure0_r": [0.3441329784796849, 0.4274252100580633, 0.3812832597716378], "tmeasure1_f": [0.6087428576956049, 0.5001871333329282, 0.549151609914074], "tmeasure0_f": [0.6063513185208705, 0.507014596079042, 0.5522514472743278]}