{"orig_r": [0.3772658767018011, 0.4246625405908146, 0.3995635576035425], "orig_f": [0.5942499940173496, 0.4724235419623389, 0.5263797732207369], "tmeasure1_r": [0.49048002583037276, 0.4185838372110445, 0.4516888628716634], "tmeasure0_r": [0.3772658767018011, 0.4246625405908146, 0.3995635576035425], "tmeasure1_f": [0.5957871979987746, 0.46617773765480625, 0.5230732555511911], "tmeasure0_f": [0.5942499940173496, 0.4724235419623389, 0.5263797732207369]}