{"orig_r": [0.2902715250767669, 0.47670131129558513, 0.36082846764259197], "orig_f": [0.6054039112693076, 0.5104203094311576, 0.5538694105903705], "tmeasure1_r": [0.25666315550847224, 0.4737028938296057, 0.3329346417840473], "tmeasure0_r": [0.2902715250767669, 0.47670131129558513, 0.36082846764259197], "tmeasure1_f": [0.6124579517573374, 0.5072676696638895, 0.5549218701644577], "tmeasure0_f": [0.6054039112693076, 0.5104203094311576, 0.5538694105903705]}