{"orig_r": [0.3219671920249232, 0.5220821433115456, 0.3983021244163737], "orig_f": [0.6236221259883938, 0.5684728453163848, 0.5947718141531164], "tmeasure1_r": [0.3355979021410859, 0.522988909660253, 0.4088438781322569], "tmeasure0_r": [0.3219671920249232, 0.5220821433115456, 0.3983021244163737], "tmeasure1_f": [0.632174810399944, 0.567169962340757, 0.5979107451945851], "tmeasure0_f": [0.6236221259883938, 0.5684728453163848, 0.5947718141531164]}