{"orig_r": [0.1435089180698289, 0.7504669002755847, 0.24094319039881415], "orig_f": [0.5498963183407192, 0.646698052329866, 0.5943816664539635], "tmeasure1_r": [0.20419213708091, 0.7498517348084551, 0.3209785896347583], "tmeasure0_r": [0.1435089180698289, 0.7504669002755847, 0.24094319039881415], "tmeasure1_f": [0.5596365925137358, 0.6364214190312103, 0.5955642801795634], "tmeasure0_f": [0.5498963183407192, 0.646698052329866, 0.5943816664539635]}