{"orig_r": [0.26340328360387405, 0.29312789529784844, 0.2774717861799455], "orig_f": [0.6058986769042196, 0.5155019505776729, 0.5570568486267409], "tmeasure1_r": [0.24823788891763499, 0.2868672956143754, 0.2661582579324225], "tmeasure0_r": [0.26340328360387405, 0.29312789529784844, 0.2774717861799455], "tmeasure1_f": [0.6147196123288463, 0.5090848300079239, 0.5569375196528857], "tmeasure0_f": [0.6058986769042196, 0.5155019505776729, 0.5570568486267409]}