{"orig_r": [0.5903501927432989, 0.5263233526529673, 0.556501215534245], "orig_f": [0.6747525140326384, 0.5577404997629223, 0.610691987995766], "tmeasure1_r": [0.47758175494131494, 0.5217835736404828, 0.498705143498234], "tmeasure0_r": [0.5903501927432989, 0.5263233526529673, 0.556501215534245], "tmeasure1_f": [0.6780998196510056, 0.5533540809778889, 0.6094086060755137], "tmeasure0_f": [0.6747525140326384, 0.5577404997629223, 0.610691987995766]}