{"orig_r": [0.5821122765100568, 0.5287190782392635, 0.5541324791603698], "orig_f": [0.6281418666321487, 0.5360173889297566, 0.5784345425611294], "tmeasure1_r": [0.46167557444443336, 0.5249807471247707, 0.49129728904107856], "tmeasure0_r": [0.5821122765100568, 0.5287190782392635, 0.5541324791603698], "tmeasure1_f": [0.6322340405414923, 0.5321553704255523, 0.5778938504096784], "tmeasure0_f": [0.6281418666321487, 0.5360173889297566, 0.5784345425611294]}