{"orig_r": [0.34306410111338836, 0.41054133861374936, 0.3737817905146985], "orig_f": [0.5575255743253755, 0.42532737805559184, 0.482535846592919], "tmeasure1_r": [0.25915340924802827, 0.40938500558656, 0.3173894499960188], "tmeasure0_r": [0.34306410111338836, 0.41054133861374936, 0.3737817905146985], "tmeasure1_f": [0.5590632046651849, 0.4242894166022544, 0.48244057283428193], "tmeasure0_f": [0.5575255743253755, 0.42532737805559184, 0.482535846592919]}