{"orig_r": [0.33050433155131553, 0.38526771735582005, 0.3557910638936018], "orig_f": [0.6257796367752375, 0.4188527602361654, 0.5018215573492923], "tmeasure1_r": [0.2925663935365915, 0.38465535399259704, 0.3323497217351386], "tmeasure0_r": [0.33050433155131553, 0.38526771735582005, 0.3557910638936018], "tmeasure1_f": [0.6268133418423545, 0.41730041675193724, 0.5010363413439634], "tmeasure0_f": [0.6257796367752375, 0.4188527602361654, 0.5018215573492923]}