{"orig_r": [0.185791688458849, 0.3610382762969991, 0.24533370617845074], "orig_f": [0.5881067707668846, 0.3762649811187678, 0.4589184255257187], "tmeasure1_r": [0.30467998782609385, 0.3567580382184141, 0.3286688411044978], "tmeasure0_r": [0.185791688458849, 0.3610382762969991, 0.24533370617845074], "tmeasure1_f": [0.595399275252215, 0.3719098933735886, 0.45783682850508295], "tmeasure0_f": [0.5881067707668846, 0.3762649811187678, 0.4589184255257187]}