{"orig_r": [0.20121951867084623, 0.584330718895716, 0.2993538551143846], "orig_f": [0.7538430221038626, 0.6321539175696357, 0.687656380782126], "tmeasure1_r": [0.06587180311789051, 0.5783625121403368, 0.11827305881775688], "tmeasure0_r": [0.20121951867084623, 0.584330718895716, 0.2993538551143846], "tmeasure1_f": [0.7740978956467222, 0.6270245462535178, 0.6928422060179205], "tmeasure0_f": [0.7538430221038626, 0.6321539175696357, 0.687656380782126]}