{"orig_r": [0.21517583428273687, 0.3305008123568547, 0.2606517558262999], "orig_f": [0.640176423687705, 0.35900775985584094, 0.4600319091632827], "tmeasure1_r": [0.27298249473017866, 0.32849608554041904, 0.2981774709236651], "tmeasure0_r": [0.21517583428273687, 0.3305008123568547, 0.2606517558262999], "tmeasure1_f": [0.642594935475008, 0.3568404893751353, 0.45886684730885435], "tmeasure0_f": [0.640176423687705, 0.35900775985584094, 0.4600319091632827]}