{"orig_r": [0.45027000719187443, 0.5206545466006648, 0.4829111088531725], "orig_f": [0.5922058605635473, 0.7326941641081814, 0.6550015395962933], "tmeasure1_r": [0.5381535883109254, 0.5203926805146556, 0.5291241329685278], "tmeasure0_r": [0.45027000719187443, 0.5206545466006648, 0.4829111088531725], "tmeasure1_f": [0.5960836944369752, 0.7322464174947013, 0.6571862609419366], "tmeasure0_f": [0.5922058605635473, 0.7326941641081814, 0.6550015395962933]}