{"orig_r": [0.355590200507578, 0.6804862774070015, 0.46709727898245146], "orig_f": [0.6013680267774658, 0.7462102333348725, 0.6660050682983497], "tmeasure1_r": [0.4395300903591636, 0.6743722152593108, 0.5321954703093276], "tmeasure0_r": [0.355590200507578, 0.6804862774070015, 0.46709727898245146], "tmeasure1_f": [0.6042071475391554, 0.7431632337091411, 0.6665198283182797], "tmeasure0_f": [0.6013680267774658, 0.7462102333348725, 0.6660050682983497]}