{"orig_r": [0.3729369235032486, 0.521018268932383, 0.4347129519438907], "orig_f": [0.5923407837362403, 0.572832606576648, 0.5824233851378434], "tmeasure1_r": [0.33356042940692754, 0.5104470672137807, 0.40346784503941796], "tmeasure0_r": [0.3729369235032486, 0.521018268932383, 0.4347129519438907], "tmeasure1_f": [0.5946706801338698, 0.5569129136401939, 0.5751728019055565], "tmeasure0_f": [0.5923407837362403, 0.572832606576648, 0.5824233851378434]}