{"orig_r": [0.3703285289872659, 0.5570086982567793, 0.44487853134415306], "orig_f": [0.7320667217164991, 0.6229457796498552, 0.6731124240633103], "tmeasure1_r": [0.1695849599217126, 0.5449926752613541, 0.25867745208159515], "tmeasure0_r": [0.3703285289872659, 0.5570086982567793, 0.44487853134415306], "tmeasure1_f": [0.7394959354122796, 0.6065810216491523, 0.6664763075463667], "tmeasure0_f": [0.7320667217164991, 0.6229457796498552, 0.6731124240633103]}