{"orig_r": [0.5274882278518591, 0.39035517686929744, 0.4486773221236799], "orig_f": [0.5734623856381856, 0.4261499865385932, 0.4889515070485426], "tmeasure1_r": [0.5274882278518591, 0.38621084010607576, 0.44592728343269056], "tmeasure0_r": [0.5274882278518591, 0.39035517686929744, 0.4486773221236799], "tmeasure1_f": [0.5724467050626048, 0.4170065003541747, 0.48251700193721364], "tmeasure0_f": [0.5734623856381856, 0.4261499865385932, 0.4889515070485426]}