{"orig_r": [0.18882934616317001, 0.31739015534286036, 0.23678493354648186], "orig_f": [0.4850994554408551, 0.34392691766464595, 0.402493252043599], "tmeasure1_r": [0.20926193036989815, 0.31390656146874535, 0.25111868942209375], "tmeasure0_r": [0.18882934616317001, 0.31739015534286036, 0.23678493354648186], "tmeasure1_f": [0.4875856724735967, 0.3370922881915622, 0.3986074027999431], "tmeasure0_f": [0.4850994554408551, 0.34392691766464595, 0.402493252043599]}