{"orig_r": [0.2922932036580716, 0.6406451310717285, 0.4014332154614148], "orig_f": [0.46139408873825444, 0.6173709368292983, 0.5281062957375217], "tmeasure1_r": [0.27954260716087587, 0.6394867348508905, 0.38902738124486336], "tmeasure0_r": [0.2922932036580716, 0.6406451310717285, 0.4014332154614148], "tmeasure1_f": [0.4618428191895662, 0.6155306453137744, 0.5277249122899761], "tmeasure0_f": [0.46139408873825444, 0.6173709368292983, 0.5281062957375217]}