{"orig_r": [0.3770350080690776, 0.5555076034514029, 0.4491930152301331], "orig_f": [0.6080178910285904, 0.5847513132242064, 0.5961576790800969], "tmeasure1_r": [0.39078025170647657, 0.5559215226794454, 0.45894738647265376], "tmeasure0_r": [0.3770350080690776, 0.5555076034514029, 0.4491930152301331], "tmeasure1_f": [0.6105403259441251, 0.5849202260849068, 0.5974557418545713], "tmeasure0_f": [0.6080178910285904, 0.5847513132242064, 0.5961576790800969]}