{"orig_r": [0.27360839222535166, 0.2932556707106669, 0.2830915481166038], "orig_f": [0.5341410615428581, 0.3243913333900675, 0.4036440143550109], "tmeasure1_r": [0.3149165278331819, 0.2891011205230459, 0.3014571554839939], "tmeasure0_r": [0.27360839222535166, 0.2932556707106669, 0.2830915481166038], "tmeasure1_f": [0.5369607318061511, 0.31995496941907076, 0.40098052650601196], "tmeasure0_f": [0.5341410615428581, 0.3243913333900675, 0.4036440143550109]}