{"orig_r": [0.2694223561702388, 0.6089744952913732, 0.37356997146785437], "orig_f": [0.7125880399634374, 0.7116859384485441, 0.712136703521089], "tmeasure1_r": [0.10397297110404248, 0.6023730139642018, 0.1773366403964307], "tmeasure0_r": [0.2694223561702388, 0.6089744952913732, 0.37356997146785437], "tmeasure1_f": [0.7189127090784745, 0.7039625438622066, 0.711359085698923], "tmeasure0_f": [0.7125880399634374, 0.7116859384485441, 0.712136703521089]}