{"orig_r": [0.2263233087204087, 0.5546188195921049, 0.32146598775488616], "orig_f": [0.6772295080862978, 0.6327780346958738, 0.6542496026469948], "tmeasure1_r": [0.10430064846068916, 0.548404380651408, 0.1752673258805272], "tmeasure0_r": [0.2263233087204087, 0.5546188195921049, 0.32146598775488616], "tmeasure1_f": [0.6827889521103457, 0.6234696347497689, 0.651782400308159], "tmeasure0_f": [0.6772295080862978, 0.6327780346958738, 0.6542496026469948]}