{"orig_r": [0.3633768873156376, 0.526604553826773, 0.43002227859983666], "orig_f": [0.6713732494890507, 0.612897887406978, 0.6408043199785932], "tmeasure1_r": [0.413270306102498, 0.5269763929276893, 0.463247986807395], "tmeasure0_r": [0.3633768873156376, 0.526604553826773, 0.43002227859983666], "tmeasure1_f": [0.6751386846738597, 0.6121160854186422, 0.6420846259479108], "tmeasure0_f": [0.6713732494890507, 0.612897887406978, 0.6408043199785932]}