{"orig_r": [0.2471003179968126, 0.5434559578398185, 0.3397307544168614], "orig_f": [0.770370160154227, 0.6550061468434191, 0.7080196124609798], "tmeasure1_r": [0.2700966219461905, 0.5434741531798496, 0.3608549799891786], "tmeasure0_r": [0.2471003179968126, 0.5434559578398185, 0.3397307544168614], "tmeasure1_f": [0.7746719577219974, 0.6542515001209548, 0.7093875989779678], "tmeasure0_f": [0.770370160154227, 0.6550061468434191, 0.7080196124609798]}