{"orig_r": [0.3848317842560818, 0.5751709909188993, 0.46113216422174186], "orig_f": [0.5381079463252015, 0.5905567142806584, 0.5631136896579005], "tmeasure1_r": [0.49401251924004486, 0.56752723221827, 0.5282243219631084], "tmeasure0_r": [0.3848317842560818, 0.5751709909188993, 0.46113216422174186], "tmeasure1_f": [0.542821938619034, 0.5841707358383388, 0.5627378038902571], "tmeasure0_f": [0.5381079463252015, 0.5905567142806584, 0.5631136896579005]}