{"orig_r": [0.3178156800262975, 0.668949452227471, 0.430908264010726], "orig_f": [0.6705640945076949, 0.6714473533285878, 0.6710054332551423], "tmeasure1_r": [0.16655712079261958, 0.6631568645770611, 0.2662447540849963], "tmeasure0_r": [0.3178156800262975, 0.668949452227471, 0.430908264010726], "tmeasure1_f": [0.687199457907369, 0.6651028587393637, 0.6759706292771682], "tmeasure0_f": [0.6705640945076949, 0.6714473533285878, 0.6710054332551423]}