{"orig_r": [0.30722223954365746, 0.4500822733110177, 0.3651774989806408], "orig_f": [0.6104336632760415, 0.4836916288566555, 0.5397218308031104], "tmeasure1_r": [0.2189827600164656, 0.4434803876827789, 0.29319233724994076], "tmeasure0_r": [0.30722223954365746, 0.4500822733110177, 0.3651774989806408], "tmeasure1_f": [0.6169913162871145, 0.47638133124614573, 0.5376449562430201], "tmeasure0_f": [0.6104336632760415, 0.4836916288566555, 0.5397218308031104]}