{"orig_r": [0.3798610559077034, 0.41557235146358446, 0.3969150673585415], "orig_f": [0.6481512794006821, 0.5010829118743874, 0.5652068705976533], "tmeasure1_r": [0.20277490750407237, 0.4128360826135551, 0.2719665496885033], "tmeasure0_r": [0.3798610559077034, 0.41557235146358446, 0.3969150673585415], "tmeasure1_f": [0.6567368256844927, 0.4940297314290893, 0.5638806856297601], "tmeasure0_f": [0.6481512794006821, 0.5010829118743874, 0.5652068705976533]}