{"orig_r": [0.23403643685928782, 0.43137632547160365, 0.3034440692275843], "orig_f": [0.5295737218264116, 0.47076663594637813, 0.4984416305364107], "tmeasure1_r": [0.18374637139642422, 0.4265332237318341, 0.2568459858936374], "tmeasure0_r": [0.23403643685928782, 0.43137632547160365, 0.3034440692275843], "tmeasure1_f": [0.5352912372567191, 0.4653601907657144, 0.497882130198524], "tmeasure0_f": [0.5295737218264116, 0.47076663594637813, 0.4984416305364107]}