{"orig_r": [0.23038364920255713, 0.4480007133631252, 0.3042877898882948], "orig_f": [0.5338716250158613, 0.4881500862795042, 0.5099881478708731], "tmeasure1_r": [0.18014538890410808, 0.4438771167076111, 0.25628055108858905], "tmeasure0_r": [0.23038364920255713, 0.4480007133631252, 0.3042877898882948], "tmeasure1_f": [0.5370179405815297, 0.4818812358230896, 0.5079577545243462], "tmeasure0_f": [0.5338716250158613, 0.4881500862795042, 0.5099881478708731]}