{"orig_r": [0.31876399677800044, 0.5510313899432504, 0.4038857204579283], "orig_f": [0.6121511957772882, 0.56710459279271, 0.5887675226590473], "tmeasure1_r": [0.3817527325758383, 0.545235180399561, 0.44907817480795215], "tmeasure0_r": [0.31876399677800044, 0.5510313899432504, 0.4038857204579283], "tmeasure1_f": [0.6179442719881405, 0.5575145493272796, 0.5861760804539425], "tmeasure0_f": [0.6121511957772882, 0.56710459279271, 0.5887675226590473]}