{"orig_r": [0.29499373331229584, 0.2728442920933697, 0.28348702530117875], "orig_f": [0.6218546786289169, 0.30442668586741767, 0.4087508745446608], "tmeasure1_r": [0.36775616591765414, 0.2697569516424789, 0.3112242855342177], "tmeasure0_r": [0.29499373331229584, 0.2728442920933697, 0.28348702530117875], "tmeasure1_f": [0.6307816172791583, 0.30110481575064496, 0.407627745007981], "tmeasure0_f": [0.6218546786289169, 0.30442668586741767, 0.4087508745446608]}