{"orig_r": [0.5503581877186616, 0.5650164368682736, 0.557590992965685], "orig_f": [0.6162757162706595, 0.590460805589002, 0.6030921403345599], "tmeasure1_r": [0.6948631823207837, 0.5639440935513634, 0.622595682448074], "tmeasure0_r": [0.5503581877186616, 0.5650164368682736, 0.557590992965685], "tmeasure1_f": [0.6160852685577207, 0.5897326898624154, 0.6026210176653577], "tmeasure0_f": [0.6162757162706595, 0.590460805589002, 0.6030921403345599]}