{"orig_r": [0.5529340401453986, 0.4714699798496038, 0.5089628616779206], "orig_f": [0.34926661406256543, 0.5331290110840698, 0.4220423566332026], "tmeasure1_r": [0.8264947533676196, 0.4732558553023054, 0.6018746654916053], "tmeasure0_r": [0.5529340401453986, 0.4714699798496038, 0.5089628616779206], "tmeasure1_f": [0.34974016581861367, 0.5336091580846443, 0.4225385142226994], "tmeasure0_f": [0.34926661406256543, 0.5331290110840698, 0.4220423566332026]}