{"orig_r": [0.21533147353341725, 0.4294189426968583, 0.2868316525787288], "orig_f": [0.4898378401328993, 0.465782663186578, 0.4775074894565896], "tmeasure1_r": [0.14984624711063105, 0.42156450028160336, 0.2211014005968811], "tmeasure0_r": [0.21533147353341725, 0.4294189426968583, 0.2868316525787288], "tmeasure1_f": [0.4919374416780195, 0.45398434790716385, 0.4721995013335135], "tmeasure0_f": [0.4898378401328993, 0.465782663186578, 0.4775074894565896]}