{"orig_r": [0.23403563463349167, 0.4257586092502849, 0.30204169630226535], "orig_f": [0.49788741060944186, 0.46438229739700293, 0.48055154944627854], "tmeasure1_r": [0.15256294532429882, 0.41591317913919656, 0.22323871444399832], "tmeasure0_r": [0.23403563463349167, 0.4257586092502849, 0.30204169630226535], "tmeasure1_f": [0.5016039444964858, 0.45245406390077814, 0.4757629853919608], "tmeasure0_f": [0.49788741060944186, 0.46438229739700293, 0.48055154944627854]}