{"orig_r": [0.5379968628351938, 0.5147421635031181, 0.526112668392105], "orig_f": [0.6618855384383141, 0.6134917646949213, 0.6367705086251629], "tmeasure1_r": [0.4489498752524856, 0.5069530142145683, 0.4761916613044119], "tmeasure0_r": [0.5379968628351938, 0.5147421635031181, 0.526112668392105], "tmeasure1_f": [0.6708778868523767, 0.6045159513564458, 0.6359704302541314], "tmeasure0_f": [0.6618855384383141, 0.6134917646949213, 0.6367705086251629]}