{"orig_r": [0.4016279436669121, 0.5212715477866555, 0.45369451769853103], "orig_f": [0.5975073596602347, 0.5825756267264686, 0.5899470266808363], "tmeasure1_r": [0.3414970654446115, 0.5133821257289194, 0.4101596838436903], "tmeasure0_r": [0.4016279436669121, 0.5212715477866555, 0.45369451769853103], "tmeasure1_f": [0.6042714621229033, 0.5737789282705316, 0.5886305624083749], "tmeasure0_f": [0.5975073596602347, 0.5825756267264686, 0.5899470266808363]}