{"orig_r": [0.2773475428697124, 0.32294882632868604, 0.2984161425947786], "orig_f": [0.4866517454812535, 0.33963448577182914, 0.400064067570948], "tmeasure1_r": [0.33715546187471024, 0.31815295279422057, 0.32737869175792844], "tmeasure0_r": [0.2773475428697124, 0.32294882632868604, 0.2984161425947786], "tmeasure1_f": [0.4956353509182032, 0.3352001532603026, 0.3999276505480461], "tmeasure0_f": [0.4866517454812535, 0.33963448577182914, 0.400064067570948]}