{"orig_r": [0.33653190038504266, 0.544181345298289, 0.415877433852448], "orig_f": [0.5308651603462514, 0.5712229155912868, 0.5503051004718578], "tmeasure1_r": [0.40095916707440454, 0.5280841458267324, 0.45582412857519183], "tmeasure0_r": [0.33653190038504266, 0.544181345298289, 0.415877433852448], "tmeasure1_f": [0.5340013722057746, 0.5553910179313067, 0.5444862078552986], "tmeasure0_f": [0.5308651603462514, 0.5712229155912868, 0.5503051004718578]}