{"orig_r": [0.3783347081039701, 0.5681045932626467, 0.4541943369304155], "orig_f": [0.6734724089534035, 0.6105369528010077, 0.6404622966239871], "tmeasure1_r": [0.48625004147470463, 0.5521383776168449, 0.5171038198805193], "tmeasure0_r": [0.3783347081039701, 0.5681045932626467, 0.4541943369304155], "tmeasure1_f": [0.6766564270873254, 0.5932729256191546, 0.6322271979642752], "tmeasure0_f": [0.6734724089534035, 0.6105369528010077, 0.6404622966239871]}