{"orig_r": [0.4164583759617224, 0.5087052324100033, 0.4579828973289631], "orig_f": [0.6883256551733284, 0.6154030092082327, 0.6498249077154917], "tmeasure1_r": [0.3487553645531149, 0.5103235123773389, 0.4143462663989886], "tmeasure0_r": [0.4164583759617224, 0.5087052324100033, 0.4579828973289631], "tmeasure1_f": [0.6924882994931622, 0.615126069008414, 0.6515186981153713], "tmeasure0_f": [0.6883256551733284, 0.6154030092082327, 0.6498249077154917]}