{"orig_r": [0.4142009162518947, 0.5472373964913917, 0.4715148710628884], "orig_f": [0.7020250688283707, 0.6128051448965942, 0.6543880259727604], "tmeasure1_r": [0.3315520080389279, 0.5459070163830803, 0.41254705335915737], "tmeasure0_r": [0.4142009162518947, 0.5472373964913917, 0.4715148710628884], "tmeasure1_f": [0.705274168820412, 0.6110778205894476, 0.6548057137726896], "tmeasure0_f": [0.7020250688283707, 0.6128051448965942, 0.6543880259727604]}