{"orig_r": [0.33948396364577504, 0.5763320572103292, 0.42728121522702234], "orig_f": [0.6400123623761429, 0.6362654682680742, 0.6381334152596926], "tmeasure1_r": [0.34650272349355393, 0.5728527798495965, 0.4318134772825741], "tmeasure0_r": [0.33948396364577504, 0.5763320572103292, 0.42728121522702234], "tmeasure1_f": [0.6483693676301354, 0.6339700543865778, 0.6410888664915594], "tmeasure0_f": [0.6400123623761429, 0.6362654682680742, 0.6381334152596926]}