{"orig_r": [0.311845094558745, 0.5973255744037846, 0.4097647594480018], "orig_f": [0.6813610173714855, 0.6642994082754032, 0.6727220508758239], "tmeasure1_r": [0.2847393665054552, 0.5947041241476886, 0.38509734250743605], "tmeasure0_r": [0.311845094558745, 0.5973255744037846, 0.4097647594480018], "tmeasure1_f": [0.6905177048046535, 0.662568215638708, 0.6762542963856172], "tmeasure0_f": [0.6813610173714855, 0.6642994082754032, 0.6727220508758239]}