{"orig_r": [0.4618874421247678, 0.47831219561860056, 0.46995635331580465], "orig_f": [0.6410913365124493, 0.5227135348460723, 0.5758819659801582], "tmeasure1_r": [0.4629602544704794, 0.4725684038606071, 0.46771498993158134], "tmeasure0_r": [0.4618874421247678, 0.47831219561860056, 0.46995635331580465], "tmeasure1_f": [0.6434156393296652, 0.5167640678281339, 0.5731768639511531], "tmeasure0_f": [0.6410913365124493, 0.5227135348460723, 0.5758819659801582]}