{"orig_r": [0.282265016686549, 0.4434578764888279, 0.3449598905698338], "orig_f": [0.47122081347660055, 0.4705681782733186, 0.4708942697453741], "tmeasure1_r": [0.3143440435300569, 0.43652644291732734, 0.36549442187734893], "tmeasure0_r": [0.282265016686549, 0.4434578764888279, 0.3449598905698338], "tmeasure1_f": [0.4710421327101036, 0.4637792346322633, 0.467382469891347], "tmeasure0_f": [0.47122081347660055, 0.4705681782733186, 0.4708942697453741]}