{"orig_r": [0.3989930458445943, 0.41518575367306026, 0.4069283762913939], "orig_f": [0.776749155351392, 0.5039902207902359, 0.6113249668071218], "tmeasure1_r": [0.6162250549912496, 0.4019420065341228, 0.486534566751177], "tmeasure0_r": [0.3989930458445943, 0.41518575367306026, 0.4069283762913939], "tmeasure1_f": [0.7897615696246338, 0.49155171337383075, 0.6059543093119716], "tmeasure0_f": [0.776749155351392, 0.5039902207902359, 0.6113249668071218]}