{"orig_r": [0.38029280696657375, 0.3888651753845663, 0.384531221080232], "orig_f": [0.6770635383277722, 0.47214694714027783, 0.5563358265239907], "tmeasure1_r": [0.6145432705555267, 0.3767649749060274, 0.46713699995850744], "tmeasure0_r": [0.38029280696657375, 0.3888651753845663, 0.384531221080232], "tmeasure1_f": [0.6879659390006908, 0.46135389695458606, 0.5523193057329961], "tmeasure0_f": [0.6770635383277722, 0.47214694714027783, 0.5563358265239907]}