{"orig_r": [0.28196567205148526, 0.5294168137841836, 0.3679580723024057], "orig_f": [0.5034562272078373, 0.584834313112601, 0.5411027035752091], "tmeasure1_r": [0.24662879956247652, 0.5258968877638069, 0.3357851272796566], "tmeasure0_r": [0.28196567205148526, 0.5294168137841836, 0.3679580723024057], "tmeasure1_f": [0.5139926965286018, 0.5813427232704266, 0.5455970993723038], "tmeasure0_f": [0.5034562272078373, 0.584834313112601, 0.5411027035752091]}