{"orig_r": [0.37947027396748517, 0.24636164544775926, 0.2987604760731686], "orig_f": [0.6226290832881423, 0.5513533054967921, 0.5848275177699328], "tmeasure1_r": [0.5748184954943539, 0.24256269286030646, 0.3411615636853198], "tmeasure0_r": [0.37947027396748517, 0.24636164544775926, 0.2987604760731686], "tmeasure1_f": [0.6353020351437119, 0.5503824885122421, 0.5898012634611185], "tmeasure0_f": [0.6226290832881423, 0.5513533054967921, 0.5848275177699328]}