{"orig_r": [0.3314692256073395, 0.4332076929588114, 0.37557042726346435], "orig_f": [0.6185028620193656, 0.4929202035279575, 0.5486165728962529], "tmeasure1_r": [0.4433020276022487, 0.4258365858978097, 0.4343938217070263], "tmeasure0_r": [0.3314692256073395, 0.4332076929588114, 0.37557042726346435], "tmeasure1_f": [0.6245484063957928, 0.4877105904201192, 0.5477121298208752], "tmeasure0_f": [0.6185028620193656, 0.4929202035279575, 0.5486165728962529]}