{"orig_r": [0.3210911772418881, 0.37662404750794637, 0.34664761353112494], "orig_f": [0.5772943486517919, 0.3980795160365327, 0.4712224988627615], "tmeasure1_r": [0.4550275705258422, 0.3710309604871219, 0.4087587264144488], "tmeasure0_r": [0.3210911772418881, 0.37662404750794637, 0.34664761353112494], "tmeasure1_f": [0.579726970913081, 0.3926506864053535, 0.46819297285061595], "tmeasure0_f": [0.5772943486517919, 0.3980795160365327, 0.4712224988627615]}