{"orig_r": [0.1725511802590931, 0.4303656918042267, 0.24633614186216188], "orig_f": [0.7222041268222431, 0.5979469277201781, 0.6542277678517243], "tmeasure1_r": [0.35195829842626475, 0.4264749862114709, 0.3856500317511671], "tmeasure0_r": [0.1725511802590931, 0.4303656918042267, 0.24633614186216188], "tmeasure1_f": [0.7334352515349024, 0.5935180721624546, 0.6561000583412567], "tmeasure0_f": [0.7222041268222431, 0.5979469277201781, 0.6542277678517243]}