{"orig_r": [0.18739464045136184, 0.5278150113241717, 0.2765894001189099], "orig_f": [0.6902999115807185, 0.5816663791835013, 0.6313441685291907], "tmeasure1_r": [0.27352336529267035, 0.5192179287450716, 0.35829654960267654], "tmeasure0_r": [0.18739464045136184, 0.5278150113241717, 0.2765894001189099], "tmeasure1_f": [0.6986709163245519, 0.5743286748924381, 0.6304271334053668], "tmeasure0_f": [0.6902999115807185, 0.5816663791835013, 0.6313441685291907]}