{"orig_r": [0.3987547815814237, 0.4184886288306984, 0.4083834501633796], "orig_f": [0.5217244247078648, 0.44209775358149556, 0.4786218896961262], "tmeasure1_r": [0.38366943709215895, 0.4130790837806837, 0.3978314747922156], "tmeasure0_r": [0.3987547815814237, 0.4184886288306984, 0.4083834501633796], "tmeasure1_f": [0.5261273842448423, 0.4379814919463507, 0.47802496667334793], "tmeasure0_f": [0.5217244247078648, 0.44209775358149556, 0.4786218896961262]}