{"orig_r": [0.40470545803628016, 0.41302745977591954, 0.4088241127369253], "orig_f": [0.5207669997476342, 0.4270802365612465, 0.4692935420935961], "tmeasure1_r": [0.38583800762598647, 0.40754076543474477, 0.3963925486815985], "tmeasure0_r": [0.40470545803628016, 0.41302745977591954, 0.4088241127369253], "tmeasure1_f": [0.5242739856306934, 0.42275272890616217, 0.4680718182871496], "tmeasure0_f": [0.5207669997476342, 0.4270802365612465, 0.4692935420935961]}