{"orig_r": [0.29933347427387674, 0.37300879828909855, 0.3321344621124992], "orig_f": [0.3407188770061704, 0.42981119453626376, 0.3801143989978891], "tmeasure1_r": [0.33175935001698037, 0.3701170088614001, 0.34989005324615524], "tmeasure0_r": [0.29933347427387674, 0.37300879828909855, 0.3321344621124992], "tmeasure1_f": [0.339913880711021, 0.42672969344852285, 0.37840621379688383], "tmeasure0_f": [0.3407188770061704, 0.42981119453626376, 0.3801143989978891]}