{"orig_r": [0.3029974483576529, 0.5385171588556744, 0.38779915079648314], "orig_f": [0.557703380531318, 0.5752734619266222, 0.566352183775269], "tmeasure1_r": [0.28396166010165175, 0.530369856507105, 0.3698854872983872], "tmeasure0_r": [0.3029974483576529, 0.5385171588556744, 0.38779915079648314], "tmeasure1_f": [0.5617327447284908, 0.5651301982388556, 0.5634263498801866], "tmeasure0_f": [0.557703380531318, 0.5752734619266222, 0.566352183775269]}