{"orig_r": [0.29596030876958745, 0.48595011993809556, 0.36787320455925165], "orig_f": [0.5994191387513798, 0.5176373024977513, 0.5555345183844458], "tmeasure1_r": [0.592, 0.48029871763585963, 0.5303314014350736], "tmeasure0_r": [0.29596030876958745, 0.48595011993809556, 0.36787320455925165], "tmeasure1_f": [0.6028312349356071, 0.5107345373074299, 0.5529744888425095], "tmeasure0_f": [0.5994191387513798, 0.5176373024977513, 0.5555345183844458]}