{"orig_r": [0.3220874906076899, 0.5112347216540828, 0.39519481464957934], "orig_f": [0.40889911310818344, 0.5344237747850595, 0.46330988114065397], "tmeasure1_r": [0.29939886241925723, 0.5116403247435172, 0.3777487786549689], "tmeasure0_r": [0.3220874906076899, 0.5112347216540828, 0.39519481464957934], "tmeasure1_f": [0.4181621383574075, 0.5345327428102081, 0.46924017158908354], "tmeasure0_f": [0.40889911310818344, 0.5344237747850595, 0.46330988114065397]}