{"orig_r": [0.32584556046038304, 0.509339772080032, 0.3974353883666907], "orig_f": [0.441778538987694, 0.5190872637049947, 0.4773228734419967], "tmeasure1_r": [0.38076746129402245, 0.5015399544150246, 0.4328878841546622], "tmeasure0_r": [0.32584556046038304, 0.509339772080032, 0.3974353883666907], "tmeasure1_f": [0.4437659226670172, 0.5112932263865394, 0.47514232094560094], "tmeasure0_f": [0.441778538987694, 0.5190872637049947, 0.4773228734419967]}