{"orig_r": [0.3359564624207575, 0.45207328399336405, 0.38545991934048496], "orig_f": [0.5275413017358778, 0.4939665940030842, 0.5102021846359099], "tmeasure1_r": [0.3706735673290191, 0.4457270412640103, 0.4047503901915888], "tmeasure0_r": [0.3359564624207575, 0.45207328399336405, 0.38545991934048496], "tmeasure1_f": [0.5317766289325443, 0.48739982907088175, 0.5086221056427512], "tmeasure0_f": [0.5275413017358778, 0.4939665940030842, 0.5102021846359099]}