{"orig_r": [0.133437424876453, 0.48793846101138033, 0.20956478426100766], "orig_f": [0.5208162185513573, 0.6606989806392232, 0.5824770513878972], "tmeasure1_r": [0.12016432508680888, 0.48682950064473857, 0.19275167521455328], "tmeasure0_r": [0.133437424876453, 0.48793846101138033, 0.20956478426100766], "tmeasure1_f": [0.5248933162528534, 0.6603507405505884, 0.5848815492607149], "tmeasure0_f": [0.5208162185513573, 0.6606989806392232, 0.5824770513878972]}