{"orig_r": [0.13931864281360545, 0.43970307596851077, 0.21159425906768808], "orig_f": [0.5192497503665237, 0.6293579640480192, 0.5690262421573371], "tmeasure1_r": [0.1478028519175503, 0.4419234654436769, 0.22151817410533925], "tmeasure0_r": [0.13931864281360545, 0.43970307596851077, 0.21159425906768808], "tmeasure1_f": [0.524888397334924, 0.630156076413005, 0.5727253288282816], "tmeasure0_f": [0.5192497503665237, 0.6293579640480192, 0.5690262421573371]}