{"orig_r": [0.479744328771505, 0.42150846943110304, 0.44874489852794736], "orig_f": [0.6282333770422993, 0.42735145083541437, 0.5086781053532927], "tmeasure1_r": [0.441539756053997, 0.41959063728251167, 0.43028546910401283], "tmeasure0_r": [0.479744328771505, 0.42150846943110304, 0.44874489852794736], "tmeasure1_f": [0.6436037491415793, 0.42556516704050157, 0.5123518517343139], "tmeasure0_f": [0.6282333770422993, 0.42735145083541437, 0.5086781053532927]}