{"orig_r": [0.32029790701084404, 0.5729513168677101, 0.4108934051238204], "orig_f": [0.5592971825371758, 0.5744786235544761, 0.5667862620731913], "tmeasure1_r": [0.3027097186212725, 0.5731391862096421, 0.39617518691043996], "tmeasure0_r": [0.32029790701084404, 0.5729513168677101, 0.4108934051238204], "tmeasure1_f": [0.5619974085781138, 0.5745402105498193, 0.5681995985327373], "tmeasure0_f": [0.5592971825371758, 0.5744786235544761, 0.5667862620731913]}