{"orig_r": [0.38830172632302995, 0.5165902308506831, 0.44335210817311926], "orig_f": [0.6088553853221599, 0.5446219759185023, 0.5749502056045839], "tmeasure1_r": [0.5650687184209259, 0.5126970205820766, 0.5376104247413528], "tmeasure0_r": [0.38830172632302995, 0.5165902308506831, 0.44335210817311926], "tmeasure1_f": [0.6129824523632533, 0.5405616714387719, 0.5744987333817595], "tmeasure0_f": [0.6088553853221599, 0.5446219759185023, 0.5749502056045839]}