{"orig_r": [0.4453910919368778, 0.33893840521389706, 0.38494063259370676], "orig_f": [0.5655018072781888, 0.44700063243132143, 0.4993166546184893], "tmeasure1_r": [0.5432235816039225, 0.33898387465265245, 0.41746197720014244], "tmeasure0_r": [0.4453910919368778, 0.33893840521389706, 0.38494063259370676], "tmeasure1_f": [0.5664953563346338, 0.4402826720775073, 0.49547781570062005], "tmeasure0_f": [0.5655018072781888, 0.44700063243132143, 0.4993166546184893]}