{"orig_r": [0.47160765524138226, 0.38195260944899273, 0.4220716029252108], "orig_f": [0.5683751917615857, 0.43472036433551203, 0.49264353518468934], "tmeasure1_r": [0.5448325004738228, 0.3766484565716227, 0.44539242797049516], "tmeasure0_r": [0.47160765524138226, 0.38195260944899273, 0.4220716029252108], "tmeasure1_f": [0.5677262647962669, 0.4252969974653328, 0.48629732046791296], "tmeasure0_f": [0.5683751917615857, 0.43472036433551203, 0.49264353518468934]}