{"orig_r": [0.23387109295656514, 0.4443585215349881, 0.3064525962165732], "orig_f": [0.47258683816578395, 0.5201714808247409, 0.49523875191888317], "tmeasure1_r": [0.24350677235047113, 0.44507241230973577, 0.31478775135284753], "tmeasure0_r": [0.23387109295656514, 0.4443585215349881, 0.3064525962165732], "tmeasure1_f": [0.48277824580478446, 0.5254481636841941, 0.503210271695573], "tmeasure0_f": [0.47258683816578395, 0.5201714808247409, 0.49523875191888317]}