{"orig_r": [0.22947400465399115, 0.556048068336838, 0.3248758536740954], "orig_f": [0.6077924220999245, 0.6440963021480647, 0.6254179688108262], "tmeasure1_r": [0.23514625944090267, 0.5521304402891956, 0.3298240829481504], "tmeasure0_r": [0.22947400465399115, 0.556048068336838, 0.3248758536740954], "tmeasure1_f": [0.6121690846342899, 0.6400377529499688, 0.6257933012259341], "tmeasure0_f": [0.6077924220999245, 0.6440963021480647, 0.6254179688108262]}