{"orig_r": [0.3240242632935809, 0.42675165606793986, 0.3683599524191583], "orig_f": [0.5359169618114409, 0.4408471420339974, 0.48375541249313087], "tmeasure1_r": [0.26115436610738874, 0.42407426343183585, 0.3232464047028242], "tmeasure0_r": [0.3240242632935809, 0.42675165606793986, 0.3683599524191583], "tmeasure1_f": [0.537531227344823, 0.43837863516231235, 0.48291797194297387], "tmeasure0_f": [0.5359169618114409, 0.4408471420339974, 0.48375541249313087]}