{"orig_r": [0.25255276987111785, 0.3539732565656113, 0.29478348004665744], "orig_f": [0.5210764494184525, 0.42357587084859116, 0.4672944873066503], "tmeasure1_r": [0.22911927615303024, 0.34972805898181064, 0.27685862872859485], "tmeasure0_r": [0.25255276987111785, 0.3539732565656113, 0.29478348004665744], "tmeasure1_f": [0.5247442788883226, 0.42047508345479806, 0.46685860076129265], "tmeasure0_f": [0.5210764494184525, 0.42357587084859116, 0.4672944873066503]}