{"orig_r": [0.22464197473336858, 0.38020118495465655, 0.2824174949030897], "orig_f": [0.4788339461064588, 0.41015828948542654, 0.4418434816853529], "tmeasure1_r": [0.2250951931752528, 0.3756792816865517, 0.28151529075074855], "tmeasure0_r": [0.22464197473336858, 0.38020118495465655, 0.2824174949030897], "tmeasure1_f": [0.4813235901379768, 0.4061516376222833, 0.4405539630759928], "tmeasure0_f": [0.4788339461064588, 0.41015828948542654, 0.4418434816853529]}