{"orig_r": [0.48367802881173827, 0.5603632297309415, 0.5192043516616662], "orig_f": [0.7338343845879292, 0.6173547260285674, 0.67057397352902], "tmeasure1_r": [0.4921001488065918, 0.5580545274282824, 0.5230062241387947], "tmeasure0_r": [0.48367802881173827, 0.5603632297309415, 0.5192043516616662], "tmeasure1_f": [0.7500793032577033, 0.6154546918359746, 0.6761308441938029], "tmeasure0_f": [0.7338343845879292, 0.6173547260285674, 0.67057397352902]}