{"orig_r": [0.5100078873343112, 0.5484752367283184, 0.528542572630463], "orig_f": [0.766780217675722, 0.6223269779445453, 0.6870427525223749], "tmeasure1_r": [0.5400281958576016, 0.5461294589150891, 0.543061691102891], "tmeasure0_r": [0.5100078873343112, 0.5484752367283184, 0.528542572630463], "tmeasure1_f": [0.7840238363454511, 0.620536619001118, 0.6927654822832763], "tmeasure0_f": [0.766780217675722, 0.6223269779445453, 0.6870427525223749]}