{"orig_r": [0.4120434603305443, 0.36804207527794613, 0.38880180011662063], "orig_f": [0.6143478945438661, 0.4370229630645712, 0.5107315563925071], "tmeasure1_r": [0.41329886485495543, 0.36441544402673587, 0.3873208648261509], "tmeasure0_r": [0.4120434603305443, 0.36804207527794613, 0.38880180011662063], "tmeasure1_f": [0.6173885622553357, 0.43344554672741537, 0.5093179230146392], "tmeasure0_f": [0.6143478945438661, 0.4370229630645712, 0.5107315563925071]}