{"orig_r": [0.3203838453455765, 0.42756499006461646, 0.36629488319724235], "orig_f": [0.5731340659855699, 0.44839752261623256, 0.5031501682031186], "tmeasure1_r": [0.5379741820424553, 0.4249440359316165, 0.4748252050420481], "tmeasure0_r": [0.3203838453455765, 0.42756499006461646, 0.36629488319724235], "tmeasure1_f": [0.577343809167669, 0.44553455992142116, 0.5029466409969034], "tmeasure0_f": [0.5731340659855699, 0.44839752261623256, 0.5031501682031186]}