{"orig_r": [0.3772749956205451, 0.48075655733704836, 0.42277566002948025], "orig_f": [0.6237235463072364, 0.507317520820817, 0.5595303166022535], "tmeasure1_r": [0.3699246070883269, 0.4735904702485299, 0.4153874028679641], "tmeasure0_r": [0.3772749956205451, 0.48075655733704836, 0.42277566002948025], "tmeasure1_f": [0.6331234572245245, 0.5002415365046601, 0.5588925946919037], "tmeasure0_f": [0.6237235463072364, 0.507317520820817, 0.5595303166022535]}