{"orig_r": [0.2628635344689734, 0.29657886112670095, 0.2787052547261408], "orig_f": [0.4646107349168345, 0.30714648733553634, 0.36981462846983904], "tmeasure1_r": [0.31788918651480086, 0.29490293748725843, 0.3059649470897401], "tmeasure0_r": [0.2628635344689734, 0.29657886112670095, 0.2787052547261408], "tmeasure1_f": [0.4658800547491082, 0.3057850840098569, 0.36922536609359746], "tmeasure0_f": [0.4646107349168345, 0.30714648733553634, 0.36981462846983904]}