{"orig_r": [0.3568270599068391, 0.46418866979852313, 0.4034881971036414], "orig_f": [0.5041992176304304, 0.5025514548628547, 0.5033739877885722], "tmeasure1_r": [0.3745775166667367, 0.46497610099836517, 0.41490999396973754], "tmeasure0_r": [0.3568270599068391, 0.46418866979852313, 0.4034881971036414], "tmeasure1_f": [0.5059827254379682, 0.4985032762284759, 0.5022151546709138], "tmeasure0_f": [0.5041992176304304, 0.5025514548628547, 0.5033739877885722]}