{"orig_r": [0.31953298625797494, 0.5178291169371054, 0.3952017495773757], "orig_f": [0.48174446504453544, 0.5347845769922697, 0.5068807664186366], "tmeasure1_r": [0.3176615628328137, 0.5178085951176605, 0.3937612516929429], "tmeasure0_r": [0.31953298625797494, 0.5178291169371054, 0.3952017495773757], "tmeasure1_f": [0.4822058040096413, 0.5294982176468603, 0.5047466616649788], "tmeasure0_f": [0.48174446504453544, 0.5347845769922697, 0.5068807664186366]}