{"orig_r": [0.22845361323129998, 0.3900229890954425, 0.2881342989109647], "orig_f": [0.5472751678278831, 0.4424118866348201, 0.489288080338826], "tmeasure1_r": [0.28191639890683623, 0.3859818070688098, 0.3258418726651285], "tmeasure0_r": [0.22845361323129998, 0.3900229890954425, 0.2881342989109647], "tmeasure1_f": [0.5462317499547081, 0.4357955843561938, 0.4848039893562782], "tmeasure0_f": [0.5472751678278831, 0.4424118866348201, 0.489288080338826]}