{"orig_r": [0.29709501032208574, 0.3565658269660146, 0.3241250569101507], "orig_f": [0.5431233696665762, 0.3974923810473523, 0.45903420445037174], "tmeasure1_r": [0.3538489372358545, 0.35341012447578024, 0.3536293947270288], "tmeasure0_r": [0.29709501032208574, 0.3565658269660146, 0.3241250569101507], "tmeasure1_f": [0.542792631555343, 0.3909518545327278, 0.4545264557808499], "tmeasure0_f": [0.5431233696665762, 0.3974923810473523, 0.45903420445037174]}