{"orig_r": [0.28391303225917885, 0.5018500533489823, 0.3626583457416121], "orig_f": [0.607946709160887, 0.5384362459224522, 0.5710841082379842], "tmeasure1_r": [0.2154057331485676, 0.49549964964836696, 0.3002747422939477], "tmeasure0_r": [0.28391303225917885, 0.5018500533489823, 0.3626583457416121], "tmeasure1_f": [0.6165008853530846, 0.531588683676469, 0.5709047498920145], "tmeasure0_f": [0.607946709160887, 0.5384362459224522, 0.5710841082379842]}