{"orig_r": [0.1363173109828986, 0.4966084975893022, 0.21391554613753283], "orig_f": [0.674744250477065, 0.5466227672680677, 0.6039635327224084], "tmeasure1_r": [0.1602585570389123, 0.48842735744041793, 0.24133301425099646], "tmeasure0_r": [0.1363173109828986, 0.4966084975893022, 0.21391554613753283], "tmeasure1_f": [0.6813894175235821, 0.5365971124921309, 0.6003869253318134], "tmeasure0_f": [0.674744250477065, 0.5466227672680677, 0.6039635327224084]}