{"orig_r": [0.2537399099083682, 0.37681269804207146, 0.3032654812555762], "orig_f": [0.5946806145902575, 0.42080439920550666, 0.4928565470531784], "tmeasure1_r": [0.32287092365685754, 0.3708327477357707, 0.3451938247444918], "tmeasure0_r": [0.2537399099083682, 0.37681269804207146, 0.3032654812555762], "tmeasure1_f": [0.599742445953331, 0.41164486573809456, 0.48820248343637274], "tmeasure0_f": [0.5946806145902575, 0.42080439920550666, 0.4928565470531784]}