{"orig_r": [0.3060524354303029, 0.29621239173735225, 0.3010520282985582], "orig_f": [0.7050323269757641, 0.4624401548043437, 0.558531808701162], "tmeasure1_r": [0.3599638798219025, 0.2923037631867028, 0.3226246091187448], "tmeasure0_r": [0.3060524354303029, 0.29621239173735225, 0.3010520282985582], "tmeasure1_f": [0.7167204063959282, 0.45483180702855563, 0.5565048383501916], "tmeasure0_f": [0.7050323269757641, 0.4624401548043437, 0.558531808701162]}