{"orig_r": [0.34559022663045047, 0.5816168971753922, 0.43356249137066133], "orig_f": [0.5550626413140016, 0.6006622985564046, 0.5769628922463901], "tmeasure1_r": [0.3553573998410631, 0.5820183666681605, 0.44128414842460056], "tmeasure0_r": [0.34559022663045047, 0.5816168971753922, 0.43356249137066133], "tmeasure1_f": [0.5612192600380923, 0.5960709412492435, 0.5781203231583437], "tmeasure0_f": [0.5550626413140016, 0.6006622985564046, 0.5769628922463901]}