{"orig_r": [0.29777533977954707, 0.6208391123457694, 0.40249873534968944], "orig_f": [0.6151552032506563, 0.6407154789591146, 0.6276752316431602], "tmeasure1_r": [0.1788758958420063, 0.6148242876588779, 0.27712541215579206], "tmeasure0_r": [0.29777533977954707, 0.6208391123457694, 0.40249873534968944], "tmeasure1_f": [0.6293250738800481, 0.6267419193723779, 0.6280308404433635], "tmeasure0_f": [0.6151552032506563, 0.6407154789591146, 0.6276752316431602]}