{"orig_r": [0.4353349096180587, 0.5567878159694866, 0.4886273991919041], "orig_f": [0.643716207096624, 0.5685513658451771, 0.603803544581049], "tmeasure1_r": [0.33825312152095427, 0.5434738057137233, 0.416981052907351], "tmeasure0_r": [0.4353349096180587, 0.5567878159694866, 0.4886273991919041], "tmeasure1_f": [0.6588827848818198, 0.5550985575196746, 0.6025543732639725], "tmeasure0_f": [0.643716207096624, 0.5685513658451771, 0.603803544581049]}