{"orig_r": [0.33234337182145746, 0.4863397251135304, 0.3948579974353293], "orig_f": [0.5601931911542102, 0.5468305001453682, 0.5534311962868166], "tmeasure1_r": [0.390271724099509, 0.48394665315176694, 0.43209042411479803], "tmeasure0_r": [0.33234337182145746, 0.4863397251135304, 0.3948579974353293], "tmeasure1_f": [0.5644680595489934, 0.5403718238476942, 0.5521571757610809], "tmeasure0_f": [0.5601931911542102, 0.5468305001453682, 0.5534311962868166]}