{"orig_r": [0.29365613218051184, 0.4965670248510046, 0.36906018404700935], "orig_f": [0.6105678850057388, 0.5732111081042643, 0.5913000584974802], "tmeasure1_r": [0.4423164768454528, 0.494137465665512, 0.46679315013498596], "tmeasure0_r": [0.29365613218051184, 0.4965670248510046, 0.36906018404700935], "tmeasure1_f": [0.6194118188179849, 0.572303203032516, 0.5949264067432386], "tmeasure0_f": [0.6105678850057388, 0.5732111081042643, 0.5913000584974802]}