{"orig_r": [0.3162751099059364, 0.3614018791323466, 0.33733599013006405], "orig_f": [0.6137718464236768, 0.4172865082531309, 0.4968074008546202], "tmeasure1_r": [0.4214813488852984, 0.35837674745028086, 0.38737589731830563], "tmeasure0_r": [0.3162751099059364, 0.3614018791323466, 0.33733599013006405], "tmeasure1_f": [0.6190596521032419, 0.4102428709909919, 0.49346971040168697], "tmeasure0_f": [0.6137718464236768, 0.4172865082531309, 0.4968074008546202]}