{"orig_r": [0.3540821635619336, 0.39362961638446015, 0.3728100317516893], "orig_f": [0.7496633946743594, 0.4726490196838745, 0.5797661292211591], "tmeasure1_r": [0.4634591805040549, 0.39050954165637924, 0.42386852693435795], "tmeasure0_r": [0.3540821635619336, 0.39362961638446015, 0.3728100317516893], "tmeasure1_f": [0.7563376955511228, 0.4654022680707839, 0.5762294586703999], "tmeasure0_f": [0.7496633946743594, 0.4726490196838745, 0.5797661292211591]}