{"orig_r": [0.23792252779338577, 0.5021924282387136, 0.3228765774598701], "orig_f": [0.6470645456372998, 0.591310628816267, 0.6179325155388926], "tmeasure1_r": [0.2747933625664908, 0.4942457399345153, 0.3532081746404855], "tmeasure0_r": [0.23792252779338577, 0.5021924282387136, 0.3228765774598701], "tmeasure1_f": [0.6518462584012488, 0.5802994457851438, 0.613995603283201], "tmeasure0_f": [0.6470645456372998, 0.591310628816267, 0.6179325155388926]}