{"orig_r": [0.2192195839316867, 0.5522666305215687, 0.3138556689521465], "orig_f": [0.6283415000049913, 0.6031825024575322, 0.6155050126722377], "tmeasure1_r": [0.2612590416679822, 0.5431749349813597, 0.3528179243805308], "tmeasure0_r": [0.2192195839316867, 0.5522666305215687, 0.3138556689521465], "tmeasure1_f": [0.6323958382779411, 0.5911553815190321, 0.6110805939293286], "tmeasure0_f": [0.6283415000049913, 0.6031825024575322, 0.6155050126722377]}