{"orig_r": [0.3645189429527614, 0.2428915364413511, 0.29152795060134623], "orig_f": [0.6097079182437534, 0.2654505665825706, 0.3698697210935519], "tmeasure1_r": [0.3370890326168017, 0.23921354476045686, 0.2798400200086295], "tmeasure0_r": [0.3645189429527614, 0.2428915364413511, 0.29152795060134623], "tmeasure1_f": [0.6206273582893785, 0.2617866459157526, 0.36824427925185393], "tmeasure0_f": [0.6097079182437534, 0.2654505665825706, 0.3698697210935519]}