{"orig_r": [0.30567399795586003, 0.3236878549983708, 0.31442312641819475], "orig_f": [0.5410213962019302, 0.3408792143521932, 0.418239756902226], "tmeasure1_r": [0.36490313317040757, 0.3162938078639213, 0.33886412148796596], "tmeasure0_r": [0.30567399795586003, 0.3236878549983708, 0.31442312641819475], "tmeasure1_f": [0.54691068933158, 0.33287794660099834, 0.4138596472000451], "tmeasure0_f": [0.5410213962019302, 0.3408792143521932, 0.418239756902226]}