{"orig_r": [0.31192087918314376, 0.5844462949555094, 0.406755194561943], "orig_f": [0.5679174755566339, 0.5996896098607566, 0.5833712617938025], "tmeasure1_r": [0.373176563756817, 0.576882006666864, 0.4531906803284209], "tmeasure0_r": [0.31192087918314376, 0.5844462949555094, 0.406755194561943], "tmeasure1_f": [0.5687165280360775, 0.5924531646264954, 0.5803422341100988], "tmeasure0_f": [0.5679174755566339, 0.5996896098607566, 0.5833712617938025]}