{"orig_r": [0.33760187538577385, 0.5536377165285561, 0.4194363290860278], "orig_f": [0.5971558063418255, 0.626843764403784, 0.6116397464990363], "tmeasure1_r": [0.19429692440379862, 0.5486810736893838, 0.2869722801214118], "tmeasure0_r": [0.33760187538577385, 0.5536377165285561, 0.4194363290860278], "tmeasure1_f": [0.6029452759403383, 0.619107968780912, 0.6109197396855097], "tmeasure0_f": [0.5971558063418255, 0.626843764403784, 0.6116397464990363]}