{"orig_r": [0.46629097873939385, 0.6550203074302665, 0.5447730064131798], "orig_f": [0.6757964344323607, 0.7080456890896681, 0.6915452911408424], "tmeasure1_r": [0.34894213967610227, 0.6466096938864321, 0.4532749828055406], "tmeasure0_r": [0.46629097873939385, 0.6550203074302665, 0.5447730064131798], "tmeasure1_f": [0.6828297709906519, 0.6991319786316729, 0.6908847209291742], "tmeasure0_f": [0.6757964344323607, 0.7080456890896681, 0.6915452911408424]}