{"orig_r": [0.36549551577679995, 0.6476724445135662, 0.4672894987600362], "orig_f": [0.340554289016395, 0.5860695758961254, 0.4307864610249114], "tmeasure1_r": [1.0, 0.6468639813098411, 0.7855706222870389], "tmeasure0_r": [0.36549551577679995, 0.6476724445135662, 0.4672894987600362], "tmeasure1_f": [0.3476321263359982, 0.585903236047299, 0.43636009085778377], "tmeasure0_f": [0.340554289016395, 0.5860695758961254, 0.4307864610249114]}