{"orig_r": [0.28707694322125576, 0.5606959424877811, 0.3797311283701449], "orig_f": [0.5998062630950078, 0.6419637658483845, 0.6201694008729717], "tmeasure1_r": [0.2606753912662899, 0.5574104903785129, 0.3552272467609733], "tmeasure0_r": [0.28707694322125576, 0.5606959424877811, 0.3797311283701449], "tmeasure1_f": [0.6024151111605566, 0.6330183358758137, 0.6173376835281238], "tmeasure0_f": [0.5998062630950078, 0.6419637658483845, 0.6201694008729717]}