{"orig_r": [0.2724455533713283, 0.565021171607813, 0.36762656037239205], "orig_f": [0.5775392188565717, 0.6256288807295958, 0.6006229972270053], "tmeasure1_r": [0.2689929398053541, 0.542700164329379, 0.3596987873672431], "tmeasure0_r": [0.2724455533713283, 0.565021171607813, 0.36762656037239205], "tmeasure1_f": [0.5757149071700555, 0.6030393185258311, 0.589060412623391], "tmeasure0_f": [0.5775392188565717, 0.6256288807295958, 0.6006229972270053]}