{"orig_r": [0.3126486472101107, 0.5960207212470772, 0.4101493429309384], "orig_f": [0.6103867289242276, 0.6369533734170972, 0.6233871345073219], "tmeasure1_r": [0.36733093139846, 0.5916679822807044, 0.4532600567314713], "tmeasure0_r": [0.3126486472101107, 0.5960207212470772, 0.4101493429309384], "tmeasure1_f": [0.6176658132415741, 0.6325546293436107, 0.6250215661893125], "tmeasure0_f": [0.6103867289242276, 0.6369533734170972, 0.6233871345073219]}