{"orig_r": [0.4762771313143031, 0.25211546307789323, 0.32970359786514203], "orig_f": [0.516147671992036, 0.26773955763614965, 0.35258425995694337], "tmeasure1_r": [0.6108970889323149, 0.25049195350170744, 0.3552977752369835], "tmeasure0_r": [0.4762771313143031, 0.25211546307789323, 0.32970359786514203], "tmeasure1_f": [0.5210858940578019, 0.26464450830290526, 0.351017396812398], "tmeasure0_f": [0.516147671992036, 0.26773955763614965, 0.35258425995694337]}