{"orig_r": [0.5252299908046049, 0.25866279662276204, 0.34662254959006067], "orig_f": [0.4835022908758132, 0.2652529944481806, 0.3425696832894327], "tmeasure1_r": [0.6129429173903079, 0.2574318843422556, 0.36258184383079206], "tmeasure0_r": [0.5252299908046049, 0.25866279662276204, 0.34662254959006067], "tmeasure1_f": [0.4901361772875558, 0.263984338481858, 0.34315012473906736], "tmeasure0_f": [0.4835022908758132, 0.2652529944481806, 0.3425696832894327]}