{"orig_r": [0.3320296254630261, 0.2919175507679331, 0.31068423334504536], "orig_f": [0.5388779217618924, 0.38581902184071276, 0.4496810638428582], "tmeasure1_r": [0.4026947298951293, 0.29214476832842834, 0.338625420325315], "tmeasure0_r": [0.3320296254630261, 0.2919175507679331, 0.31068423334504536], "tmeasure1_f": [0.5396277708288402, 0.38453332274713886, 0.4490664262017771], "tmeasure0_f": [0.5388779217618924, 0.38581902184071276, 0.4496810638428582]}