{"orig_r": [0.30148760044788964, 0.2708585627220617, 0.28535352690602556], "orig_f": [0.4690658912679885, 0.3618808530853003, 0.40856039460720606], "tmeasure1_r": [0.3817400739642782, 0.2710103912455373, 0.31698338741407217], "tmeasure0_r": [0.30148760044788964, 0.2708585627220617, 0.28535352690602556], "tmeasure1_f": [0.4702356894465321, 0.3620204010801019, 0.4090926214499451], "tmeasure0_f": [0.4690658912679885, 0.3618808530853003, 0.40856039460720606]}