{"orig_r": [0.5056365077893418, 0.4098479943038696, 0.45273100328939225], "orig_f": [0.5537398295924971, 0.4511959687929123, 0.49723610060189966], "tmeasure1_r": [0.279117048035704, 0.40676364183852076, 0.3310624388012441], "tmeasure0_r": [0.5056365077893418, 0.4098479943038696, 0.45273100328939225], "tmeasure1_f": [0.5716207122482495, 0.4479898655218664, 0.502309983032254], "tmeasure0_f": [0.5537398295924971, 0.4511959687929123, 0.49723610060189966]}