{"orig_r": [0.36211930454729013, 0.5475076622299182, 0.4359217594074923], "orig_f": [0.70592811347326, 0.5575138708479546, 0.6230040159609138], "tmeasure1_r": [0.392831943731923, 0.5440302341598795, 0.456230295932899], "tmeasure0_r": [0.36211930454729013, 0.5475076622299182, 0.4359217594074923], "tmeasure1_f": [0.7095141955389984, 0.5454115543660809, 0.616733285236987], "tmeasure0_f": [0.70592811347326, 0.5575138708479546, 0.6230040159609138]}