{"orig_r": [0.45533657828920965, 0.3202681279607794, 0.3760415385456645], "orig_f": [0.6107799350998625, 0.37041837414566786, 0.46115878592259857], "tmeasure1_r": [0.5061609092475231, 0.31654212163884027, 0.3894995936291528], "tmeasure0_r": [0.45533657828920965, 0.3202681279607794, 0.3760415385456645], "tmeasure1_f": [0.6198414184271148, 0.36546195530541886, 0.4598146373933967], "tmeasure0_f": [0.6107799350998625, 0.37041837414566786, 0.46115878592259857]}