{"orig_r": [0.4423030958484102, 0.32469774896837467, 0.3744841235944861], "orig_f": [0.5857680818730238, 0.36779011908532644, 0.45186484133205557], "tmeasure1_r": [0.4818182067557777, 0.3210855306683145, 0.3853633938687715], "tmeasure0_r": [0.4423030958484102, 0.32469774896837467, 0.3744841235944861], "tmeasure1_f": [0.5926567332150531, 0.3628949358516816, 0.450152794756143], "tmeasure0_f": [0.5857680818730238, 0.36779011908532644, 0.45186484133205557]}