{"orig_r": [0.5133327628275519, 0.34593931918795306, 0.4133312141898029], "orig_f": [0.5666058344822561, 0.42234496155282153, 0.48395354013451813], "tmeasure1_r": [0.6446131265545951, 0.3428537939960235, 0.44762624752158003], "tmeasure0_r": [0.5133327628275519, 0.34593931918795306, 0.4133312141898029], "tmeasure1_f": [0.5702642535870074, 0.418790950049123, 0.4829285719558649], "tmeasure0_f": [0.5666058344822561, 0.42234496155282153, 0.48395354013451813]}