{"orig_r": [0.40566527122259677, 0.4000712384474549, 0.40284883582998277], "orig_f": [0.4846574208325, 0.4334910935922764, 0.4576485657245063], "tmeasure1_r": [0.5322653492916499, 0.39593734918568657, 0.45408989180411236], "tmeasure0_r": [0.40566527122259677, 0.4000712384474549, 0.40284883582998277], "tmeasure1_f": [0.489137202225698, 0.43011631394237865, 0.4577320330748413], "tmeasure0_f": [0.4846574208325, 0.4334910935922764, 0.4576485657245063]}