{"orig_r": [0.43776548946488975, 0.5159254899991863, 0.4736426778070714], "orig_f": [0.5647441400656837, 0.5338568102256284, 0.5488662741992635], "tmeasure1_r": [0.40773585702804627, 0.5136961928467029, 0.45462355573775826], "tmeasure0_r": [0.43776548946488975, 0.5159254899991863, 0.4736426778070714], "tmeasure1_f": [0.5667279263273498, 0.5315510584864468, 0.5485761510117672], "tmeasure0_f": [0.5647441400656837, 0.5338568102256284, 0.5488662741992635]}