{"orig_r": [0.5293650154201055, 0.542630327964138, 0.5359155964676457], "orig_f": [0.5254590385682679, 0.5808777031666109, 0.5517803538785759], "tmeasure1_r": [0.5352053477274796, 0.5448635387145268, 0.5399912604877938], "tmeasure0_r": [0.5293650154201055, 0.542630327964138, 0.5359155964676457], "tmeasure1_f": [0.5278572679029933, 0.5833055483397899, 0.554197942188922], "tmeasure0_f": [0.5254590385682679, 0.5808777031666109, 0.5517803538785759]}