{"orig_r": [0.0323379628391263, 0.3594033075057342, 0.05933697408061206], "orig_f": [0.535594986934085, 0.45531186996000445, 0.49220116572112294], "tmeasure1_r": [0.03515571506841828, 0.35650298251460977, 0.06400019890618167], "tmeasure0_r": [0.0323379628391263, 0.3594033075057342, 0.05933697408061206], "tmeasure1_f": [0.5504221084844595, 0.4533059088826228, 0.4971657457767011], "tmeasure0_f": [0.535594986934085, 0.45531186996000445, 0.49220116572112294]}