{"orig_r": [0.0374034766834484, 0.3597644435147894, 0.0677619731614916], "orig_f": [0.5373148673691788, 0.4845839540495211, 0.5095889290446068], "tmeasure1_r": [0.041672584002967444, 0.3564380064425005, 0.07462093760783774], "tmeasure0_r": [0.0374034766834484, 0.3597644435147894, 0.0677619731614916], "tmeasure1_f": [0.5510589913311447, 0.48185941039797087, 0.5141412142775675], "tmeasure0_f": [0.5373148673691788, 0.4845839540495211, 0.5095889290446068]}