{"orig_r": [0.31298198271589384, 0.44093987613258223, 0.3661022294837397], "orig_f": [0.5675595635731199, 0.5966266336890612, 0.5817302294581386], "tmeasure1_r": [0.3590224213853355, 0.44028386556326643, 0.39552242261190673], "tmeasure0_r": [0.31298198271589384, 0.44093987613258223, 0.3661022294837397], "tmeasure1_f": [0.570534740664452, 0.5963417709974344, 0.583152877383459], "tmeasure0_f": [0.5675595635731199, 0.5966266336890612, 0.5817302294581386]}