{"orig_r": [0.20617954702817812, 0.42848979148156996, 0.2783995562833123], "orig_f": [0.5836962711496975, 0.5429769652360351, 0.5626007962080425], "tmeasure1_r": [0.1667737012107983, 0.42744057964051557, 0.2399331345998907], "tmeasure0_r": [0.20617954702817812, 0.42848979148156996, 0.2783995562833123], "tmeasure1_f": [0.5887986096830042, 0.5447590795359912, 0.5659233609256872], "tmeasure0_f": [0.5836962711496975, 0.5429769652360351, 0.5626007962080425]}