{"orig_r": [0.3306915425758724, 0.4723480228267179, 0.3890256546025145], "orig_f": [0.46662037260734923, 0.4876360331611626, 0.4768967881482147], "tmeasure1_r": [0.008448097412480968, 0.46405701392354165, 0.01659410137378649], "tmeasure0_r": [0.3306915425758724, 0.4723480228267179, 0.3890256546025145], "tmeasure1_f": [0.47092279511151974, 0.47918173531609426, 0.47501636911442097], "tmeasure0_f": [0.46662037260734923, 0.4876360331611626, 0.4768967881482147]}