{"orig_r": [0.3546380347292805, 0.4611099950311772, 0.400925620328876], "orig_f": [0.4972037837421958, 0.48730456274801165, 0.4922044049639911], "tmeasure1_r": [0.221354635444655, 0.4542597103788376, 0.29766239633511854], "tmeasure0_r": [0.3546380347292805, 0.4611099950311772, 0.400925620328876], "tmeasure1_f": [0.4976960993090439, 0.47719320864245857, 0.4872290558959194], "tmeasure0_f": [0.4972037837421958, 0.48730456274801165, 0.4922044049639911]}