{"orig_r": [0.36460196758701846, 0.4673597671439779, 0.4096349232379102], "orig_f": [0.6689145288672403, 0.5072703764528066, 0.5769850018282723], "tmeasure1_r": [0.5030969236737816, 0.4622398492950899, 0.48180376567358024], "tmeasure0_r": [0.36460196758701846, 0.4673597671439779, 0.4096349232379102], "tmeasure1_f": [0.675024185695485, 0.5034550937686425, 0.5767506830666626], "tmeasure0_f": [0.6689145288672403, 0.5072703764528066, 0.5769850018282723]}