{"orig_r": [0.3731251456949073, 0.3845921199261018, 0.3787718646292944], "orig_f": [0.6625055394333432, 0.494511827181044, 0.5663127179869452], "tmeasure1_r": [0.5337930929833186, 0.381553955504604, 0.4450134326325069], "tmeasure0_r": [0.3731251456949073, 0.3845921199261018, 0.3787718646292944], "tmeasure1_f": [0.6694264210257894, 0.4920514306457917, 0.567195022623592], "tmeasure0_f": [0.6625055394333432, 0.494511827181044, 0.5663127179869452]}