{"orig_r": [0.42616375407520596, 0.5772066680136215, 0.49031654731426644], "orig_f": [0.6712851786344924, 0.6904956335947189, 0.6807549064892383], "tmeasure1_r": [0.41882782763303233, 0.5730858287552691, 0.48396206899460964], "tmeasure0_r": [0.42616375407520596, 0.5772066680136215, 0.49031654731426644], "tmeasure1_f": [0.6767677411635897, 0.686140490558434, 0.6814218875608321], "tmeasure0_f": [0.6712851786344924, 0.6904956335947189, 0.6807549064892383]}