{"orig_r": [0.41173717204379384, 0.5746164588449838, 0.4797284632317249], "orig_f": [0.6638280244328242, 0.686007176899906, 0.6747353877548657], "tmeasure1_r": [0.3992770318759968, 0.5704987700480812, 0.46977261165264195], "tmeasure0_r": [0.41173717204379384, 0.5746164588449838, 0.4797284632317249], "tmeasure1_f": [0.6692897053421192, 0.6816111465551463, 0.6753942345881222], "tmeasure0_f": [0.6638280244328242, 0.686007176899906, 0.6747353877548657]}