{"orig_r": [0.34703302386424306, 0.40322537684264875, 0.37302487167796916], "orig_f": [0.5316987469974547, 0.44031434480568926, 0.48171076581673045], "tmeasure1_r": [0.32418089322916716, 0.40032977258595476, 0.35825356171156986], "tmeasure0_r": [0.34703302386424306, 0.40322537684264875, 0.37302487167796916], "tmeasure1_f": [0.5373153424426933, 0.4361170896714749, 0.4814559195916658], "tmeasure0_f": [0.5316987469974547, 0.44031434480568926, 0.48171076581673045]}