{"orig_r": [0.15338108504809297, 0.46141687476753607, 0.23023050022016542], "orig_f": [0.5042763522007678, 0.4696856348851272, 0.4863667407588165], "tmeasure1_r": [0.004598020285136152, 0.4524630521043689, 0.009103528685888911], "tmeasure0_r": [0.15338108504809297, 0.46141687476753607, 0.23023050022016542], "tmeasure1_f": [0.5162646431322964, 0.4626624347389005, 0.48799601555740296], "tmeasure0_f": [0.5042763522007678, 0.4696856348851272, 0.4863667407588165]}