{"orig_r": [0.34360313302151635, 0.6369822034078984, 0.44640496372680055], "orig_f": [0.6947610214821378, 0.6960855043729478, 0.6954226322846591], "tmeasure1_r": [0.3356567787332282, 0.6395011058353907, 0.4402423127122652], "tmeasure0_r": [0.34360313302151635, 0.6369822034078984, 0.44640496372680055], "tmeasure1_f": [0.7006338213923827, 0.6955790479780543, 0.6980972846713378], "tmeasure0_f": [0.6947610214821378, 0.6960855043729478, 0.6954226322846591]}