{"orig_r": [0.3482461253393536, 0.6539917325578272, 0.4544831051285211], "orig_f": [0.6500764664014758, 0.670880072633184, 0.6603144526091066], "tmeasure1_r": [0.33227357171773914, 0.6521932923148511, 0.44025167855854447], "tmeasure0_r": [0.3482461253393536, 0.6539917325578272, 0.4544831051285211], "tmeasure1_f": [0.6543202501324732, 0.6689605173188367, 0.6615593965955764], "tmeasure0_f": [0.6500764664014758, 0.670880072633184, 0.6603144526091066]}