{"orig_r": [0.24630689764238578, 0.4507422037397578, 0.3185454614875599], "orig_f": [0.6488754088164448, 0.7301616174181067, 0.6871228386055933], "tmeasure1_r": [0.17432000601122538, 0.4418685290446561, 0.2500096001696958], "tmeasure0_r": [0.24630689764238578, 0.4507422037397578, 0.3185454614875599], "tmeasure1_f": [0.6657477043565195, 0.7220571198321841, 0.6927600503530081], "tmeasure0_f": [0.6488754088164448, 0.7301616174181067, 0.6871228386055933]}