{"orig_r": [0.2418740407154234, 0.7075322549130262, 0.36050674241427577], "orig_f": [0.6745119612256726, 0.7672974254568524, 0.7179191591742238], "tmeasure1_r": [0.1680765909393151, 0.7010995783211152, 0.27114969600114885], "tmeasure0_r": [0.2418740407154234, 0.7075322549130262, 0.36050674241427577], "tmeasure1_f": [0.692685968948851, 0.7589533386601203, 0.7243071002846712], "tmeasure0_f": [0.6745119612256726, 0.7672974254568524, 0.7179191591742238]}