{"orig_r": [0.46018004211386937, 0.27310852133454644, 0.3427820836543818], "orig_f": [0.43302190382766736, 0.2892842253444925, 0.346851289077535], "tmeasure1_r": [0.3896752549708491, 0.26759902673980923, 0.31730046915388166], "tmeasure0_r": [0.46018004211386937, 0.27310852133454644, 0.3427820836543818], "tmeasure1_f": [0.43695364310923834, 0.28393612328878576, 0.3442049790809428], "tmeasure0_f": [0.43302190382766736, 0.2892842253444925, 0.346851289077535]}