{"orig_r": [0.21599426063225521, 0.5110144877322609, 0.3036447544775861], "orig_f": [0.4461428420683618, 0.5369253356972548, 0.487342385125185], "tmeasure1_r": [0.2747961677698376, 0.5007421418361774, 0.3548555111025938], "tmeasure0_r": [0.21599426063225521, 0.5110144877322609, 0.3036447544775861], "tmeasure1_f": [0.4478082578980752, 0.5267207909723606, 0.48406955149756253], "tmeasure0_f": [0.4461428420683618, 0.5369253356972548, 0.487342385125185]}