{"orig_r": [0.18545576331878938, 0.2766942362235812, 0.22206876916830584], "orig_f": [0.4264895694604145, 0.30357809630617205, 0.35468737395808997], "tmeasure1_r": [0.16784411052083673, 0.27076978826382286, 0.2072306162343898], "tmeasure0_r": [0.18545576331878938, 0.2766942362235812, 0.22206876916830584], "tmeasure1_f": [0.42679306393928373, 0.2981772975644749, 0.35107642789895765], "tmeasure0_f": [0.4264895694604145, 0.30357809630617205, 0.35468737395808997]}