{"orig_r": [0.40488303840819967, 0.5487369399008969, 0.46595978391274745], "orig_f": [0.6589790766012064, 0.5914472234940983, 0.6233895514942099], "tmeasure1_r": [0.5323351003205297, 0.5441913286352724, 0.5381979257185774], "tmeasure0_r": [0.40488303840819967, 0.5487369399008969, 0.46595978391274745], "tmeasure1_f": [0.6644372256767638, 0.5865336815067775, 0.6230597528183175], "tmeasure0_f": [0.6589790766012064, 0.5914472234940983, 0.6233895514942099]}