{"orig_r": [0.22390549144452732, 0.29381324038569273, 0.2541395315131903], "orig_f": [0.6642665565290444, 0.3430894837961262, 0.45247729870962794], "tmeasure1_r": [0.25892030028592344, 0.2924902808296577, 0.2746834171731461], "tmeasure0_r": [0.22390549144452732, 0.29381324038569273, 0.2541395315131903], "tmeasure1_f": [0.6674794625930179, 0.34175879926366354, 0.4520577316386749], "tmeasure0_f": [0.6642665565290444, 0.3430894837961262, 0.45247729870962794]}