{"orig_r": [0.2652632594529379, 0.2938339839108055, 0.27881861781784234], "orig_f": [0.7307112054051744, 0.3600430654560835, 0.4823955484482411], "tmeasure1_r": [0.28631544326673264, 0.2924306533347112, 0.28934074070124516], "tmeasure0_r": [0.2652632594529379, 0.2938339839108055, 0.27881861781784234], "tmeasure1_f": [0.7327916725151907, 0.35822914444123966, 0.4812141616712433], "tmeasure0_f": [0.7307112054051744, 0.3600430654560835, 0.4823955484482411]}