{"orig_r": [0.3388322370106266, 0.5203485994355448, 0.41041623018820245], "orig_f": [0.48021987024055135, 0.5634435925888577, 0.5185135219495907], "tmeasure1_r": [0.29246000903098907, 0.5212855819869205, 0.37469987597699633], "tmeasure0_r": [0.3388322370106266, 0.5203485994355448, 0.41041623018820245], "tmeasure1_f": [0.48461857764894656, 0.564227103398422, 0.5214016537625984], "tmeasure0_f": [0.48021987024055135, 0.5634435925888577, 0.5185135219495907]}