{"orig_r": [0.22131774305057275, 0.2915327690059722, 0.2516186410849166], "orig_f": [0.43408614347201036, 0.31959726153013535, 0.368145939796663], "tmeasure1_r": [0.2656975201392289, 0.287356726357945, 0.27610300462279563], "tmeasure0_r": [0.22131774305057275, 0.2915327690059722, 0.2516186410849166], "tmeasure1_f": [0.43415299105844596, 0.3145094116694241, 0.36477109387298867], "tmeasure0_f": [0.43408614347201036, 0.31959726153013535, 0.368145939796663]}