{"orig_r": [0.3391578670007462, 0.4108214806515668, 0.3715657971970397], "orig_f": [0.48679374781837237, 0.4481841067540279, 0.4666917402855522], "tmeasure1_r": [0.4060915098003395, 0.40898519771416014, 0.4075332171672422], "tmeasure0_r": [0.3391578670007462, 0.4108214806515668, 0.3715657971970397], "tmeasure1_f": [0.4879859104615336, 0.44832971784236864, 0.4673180259622052], "tmeasure0_f": [0.48679374781837237, 0.4481841067540279, 0.4666917402855522]}