{"orig_r": [0.6940221757184429, 0.5748527728651074, 0.6288414356150429], "orig_f": [0.5966155953939848, 0.6091665932047203, 0.6028257725739469], "tmeasure1_r": [0.701527140774802, 0.5765541625047184, 0.632930615737655], "tmeasure0_r": [0.6940221757184429, 0.5748527728651074, 0.6288414356150429], "tmeasure1_f": [0.5975470533514425, 0.6103985450976769, 0.603904434870935], "tmeasure0_f": [0.5966155953939848, 0.6091665932047203, 0.6028257725739469]}