{"orig_r": [0.6344617364474243, 0.6787300007361181, 0.6558497173757513], "orig_f": [0.5195318326671613, 0.6769303249469664, 0.5878779367480795], "tmeasure1_r": [0.6406375886258536, 0.6805351973638036, 0.6599839664235706], "tmeasure0_r": [0.6344617364474243, 0.6787300007361181, 0.6558497173757513], "tmeasure1_f": [0.5209134671293199, 0.678735521574652, 0.5894432073655924], "tmeasure0_f": [0.5195318326671613, 0.6769303249469664, 0.5878779367480795]}