{"orig_r": [0.3120461025223197, 0.4056981298773552, 0.35276220835816463], "orig_f": [0.6360693949631399, 0.4823048430637604, 0.5486166245327608], "tmeasure1_r": [0.47051633003955246, 0.39808197797003775, 0.4312789228396242], "tmeasure0_r": [0.3120461025223197, 0.4056981298773552, 0.35276220835816463], "tmeasure1_f": [0.6457994619310875, 0.4756591074315331, 0.5478229941503607], "tmeasure0_f": [0.6360693949631399, 0.4823048430637604, 0.5486166245327608]}