{"orig_r": [0.39131266450800517, 0.4441075544141546, 0.41604190683857306], "orig_f": [0.6731309107701965, 0.5285681673572166, 0.5921541896357729], "tmeasure1_r": [0.4792173294890291, 0.4383096629589067, 0.45785156818549405], "tmeasure0_r": [0.39131266450800517, 0.4441075544141546, 0.41604190683857306], "tmeasure1_f": [0.6858786205115753, 0.5234317220017717, 0.5937444091852067], "tmeasure0_f": [0.6731309107701965, 0.5285681673572166, 0.5921541896357729]}