{"orig_r": [0.4334179649533668, 0.5837104037750697, 0.49746046439069447], "orig_f": [0.6426669454397884, 0.6089199393611318, 0.6253384758163967], "tmeasure1_r": [0.40147730615755106, 0.5795949457791016, 0.47436713663969887], "tmeasure0_r": [0.4334179649533668, 0.5837104037750697, 0.49746046439069447], "tmeasure1_f": [0.6523117591204082, 0.6033965069821023, 0.6269014030436794], "tmeasure0_f": [0.6426669454397884, 0.6089199393611318, 0.6253384758163967]}