{"orig_r": [0.49832293278978423, 0.5966468046852352, 0.5430703249133094], "orig_f": [0.6049317322621576, 0.6835649884325481, 0.6418489793956402], "tmeasure1_r": [0.5206270823269331, 0.6014878424333889, 0.5581440074475523], "tmeasure0_r": [0.49832293278978423, 0.5966468046852352, 0.5430703249133094], "tmeasure1_f": [0.6116108351866696, 0.6790053076289138, 0.6435484409626542], "tmeasure0_f": [0.6049317322621576, 0.6835649884325481, 0.6418489793956402]}