{"orig_r": [0.37422571769028073, 0.4974060316088352, 0.42711186074157753], "orig_f": [0.5374390571225413, 0.5291440759258083, 0.5332593108513997], "tmeasure1_r": [0.37376512581535093, 0.4947671574304796, 0.42583727148335565], "tmeasure0_r": [0.37422571769028073, 0.4974060316088352, 0.42711186074157753], "tmeasure1_f": [0.5479330540321595, 0.5273412530611894, 0.5374399841990807], "tmeasure0_f": [0.5374390571225413, 0.5291440759258083, 0.5332593108513997]}