{"orig_r": [0.41704424635304216, 0.49945856802984345, 0.45454595189394836], "orig_f": [0.5458809162504576, 0.5288181763987152, 0.5372140958095355], "tmeasure1_r": [0.40663494239194337, 0.4982393519679244, 0.4478003882919492], "tmeasure0_r": [0.41704424635304216, 0.49945856802984345, 0.45454595189394836], "tmeasure1_f": [0.5567432670082907, 0.5279029238435798, 0.5419396683688573], "tmeasure0_f": [0.5458809162504576, 0.5288181763987152, 0.5372140958095355]}