{"orig_r": [0.4064770441985125, 0.4392684493377018, 0.4222370494695578], "orig_f": [0.7220053403605435, 0.5345946710697185, 0.6143246919141792], "tmeasure1_r": [0.17594881350267047, 0.43703407124466104, 0.25088996188673574], "tmeasure0_r": [0.4064770441985125, 0.4392684493377018, 0.4222370494695578], "tmeasure1_f": [0.738033791686454, 0.5332298483965463, 0.6191345908812462], "tmeasure0_f": [0.7220053403605435, 0.5345946710697185, 0.6143246919141792]}