{"orig_r": [0.3402882416190559, 0.5661138288178326, 0.42506937185568766], "orig_f": [0.7552367254875431, 0.5991845091223533, 0.6682206909769318], "tmeasure1_r": [0.297642903975774, 0.5625829885283398, 0.38931363469077124], "tmeasure0_r": [0.3402882416190559, 0.5661138288178326, 0.42506937185568766], "tmeasure1_f": [0.7716246801242984, 0.5963265566867668, 0.6727437004636491], "tmeasure0_f": [0.7552367254875431, 0.5991845091223533, 0.6682206909769318]}