{"orig_r": [0.3813644518102814, 0.4131158046548402, 0.3966056578355586], "orig_f": [0.6770209271198978, 0.450124979462491, 0.5407357275324415], "tmeasure1_r": [0.4182019072109852, 0.41098808493888234, 0.41456361651640905], "tmeasure0_r": [0.3813644518102814, 0.4131158046548402, 0.3966056578355586], "tmeasure1_f": [0.6849291720027498, 0.4479890918971034, 0.5416821452292708], "tmeasure0_f": [0.6770209271198978, 0.450124979462491, 0.5407357275324415]}