{"orig_r": [0.4093145337270349, 0.4110663720014588, 0.4101885824298436], "orig_f": [0.6773379330321321, 0.44235973168371273, 0.5351927323905484], "tmeasure1_r": [0.389418050759006, 0.41075888540358574, 0.39980388650768084], "tmeasure0_r": [0.4093145337270349, 0.4110663720014588, 0.4101885824298436], "tmeasure1_f": [0.6878744727108719, 0.4417272372479407, 0.5379823485129753], "tmeasure0_f": [0.6773379330321321, 0.44235973168371273, 0.5351927323905484]}