{"orig_r": [0.37285784694777174, 0.5642176103214714, 0.44899898244594777], "orig_f": [0.6466103046347507, 0.6076109338299334, 0.6265042864433066], "tmeasure1_r": [0.414033494238183, 0.5575379501130103, 0.475187670444217], "tmeasure0_r": [0.37285784694777174, 0.5642176103214714, 0.44899898244594777], "tmeasure1_f": [0.6536030931086755, 0.6025729577674492, 0.6270515167770639], "tmeasure0_f": [0.6466103046347507, 0.6076109338299334, 0.6265042864433066]}