{"orig_r": [0.21481083753426763, 0.2941133588735158, 0.24828348660008928], "orig_f": [0.24770049073213746, 0.31825546217364215, 0.27858010417188184], "tmeasure1_r": [0.2266955808539885, 0.2906369330997094, 0.2547147398995971], "tmeasure0_r": [0.21481083753426763, 0.2941133588735158, 0.24828348660008928], "tmeasure1_f": [0.24914378561787218, 0.31556635425696444, 0.2784486785756546], "tmeasure0_f": [0.24770049073213746, 0.31825546217364215, 0.27858010417188184]}