{"orig_r": [0.3270897068546278, 0.593949289851625, 0.4218598773750781], "orig_f": [0.7551912740816912, 0.655852771480751, 0.7020252722261866], "tmeasure1_r": [0.6031942744565593, 0.5933437837686876, 0.5982284820668673], "tmeasure0_r": [0.3270897068546278, 0.593949289851625, 0.4218598773750781], "tmeasure1_f": [0.7611553079894252, 0.6523382982939303, 0.702558195019776], "tmeasure0_f": [0.7551912740816912, 0.655852771480751, 0.7020252722261866]}