{"orig_r": [0.3258697931655465, 0.5868694501335344, 0.4190529282798187], "orig_f": [0.7552897071913532, 0.6443239755913608, 0.6954079869999653], "tmeasure1_r": [0.6064031286884316, 0.5867468376042766, 0.5964130714880965], "tmeasure0_r": [0.3258697931655465, 0.5868694501335344, 0.4190529282798187], "tmeasure1_f": [0.7615571803484207, 0.6411157970549803, 0.6961656017439684], "tmeasure0_f": [0.7552897071913532, 0.6443239755913608, 0.6954079869999653]}