{"orig_r": [0.36683828583837624, 0.6832855178877216, 0.47738235669114876], "orig_f": [0.5617851734896852, 0.6834800685999601, 0.6166862383002721], "tmeasure1_r": [0.37152609181312746, 0.6855528467660441, 0.48189545850321763], "tmeasure0_r": [0.36683828583837624, 0.6832855178877216, 0.47738235669114876], "tmeasure1_f": [0.572711232248728, 0.6805964147372459, 0.6220104254300407], "tmeasure0_f": [0.5617851734896852, 0.6834800685999601, 0.6166862383002721]}