{"orig_r": [0.4875047139096741, 0.6474377191535726, 0.5562025541655033], "orig_f": [0.5961971324707485, 0.6589034196262581, 0.6259838364344583], "tmeasure1_r": [0.4950704156021621, 0.6450968579926215, 0.5602131844797359], "tmeasure0_r": [0.4875047139096741, 0.6474377191535726, 0.5562025541655033], "tmeasure1_f": [0.6062466551197594, 0.653640002150628, 0.6290519272818154], "tmeasure0_f": [0.5961971324707485, 0.6589034196262581, 0.6259838364344583]}