{"orig_r": [0.31449378547729084, 0.24857946527517263, 0.2776786037050714], "orig_f": [0.5417800821428087, 0.2330161412559383, 0.32587537300184194], "tmeasure1_r": [0.6833102213689087, 0.24501952102218333, 0.36070015966123936], "tmeasure0_r": [0.31449378547729084, 0.24857946527517263, 0.2776786037050714], "tmeasure1_f": [0.55439295394841, 0.22933390814783988, 0.32445258399985794], "tmeasure0_f": [0.5417800821428087, 0.2330161412559383, 0.32587537300184194]}