{"orig_r": [0.2373811444505904, 0.0, 0.0], "orig_f": [0.41702791454844, 0.23157808556012732, 0.2977910351125179], "tmeasure1_r": [0.29631712088750173, 0.0, 0.0], "tmeasure0_r": [0.2373811444505904, 0.0, 0.0], "tmeasure1_f": [0.42229865808919015, 0.22694693798085447, 0.2952330765026114], "tmeasure0_f": [0.41702791454844, 0.23157808556012732, 0.2977910351125179]}