{"orig_r": [0.2615053830813828, 0.6067570061894992, 0.3654891085957099], "orig_f": [0.5579407876957257, 0.6623579262491072, 0.6056820332347594], "tmeasure1_r": [0.22662836905353081, 0.6036431922047754, 0.32953717439702723], "tmeasure0_r": [0.2615053830813828, 0.6067570061894992, 0.3654891085957099], "tmeasure1_f": [0.5617187707641527, 0.6593247405319552, 0.6066206148425961], "tmeasure0_f": [0.5579407876957257, 0.6623579262491072, 0.6056820332347594]}