{"orig_r": [0.25623693599010317, 0.5959491642760792, 0.3583822543274707], "orig_f": [0.6267455811500117, 0.7021876805661573, 0.6623252477923294], "tmeasure1_r": [0.23266454718150603, 0.594105144983213, 0.3343789832784121], "tmeasure0_r": [0.25623693599010317, 0.5959491642760792, 0.3583822543274707], "tmeasure1_f": [0.6323639279917025, 0.6982294137901369, 0.6636664725112802], "tmeasure0_f": [0.6267455811500117, 0.7021876805661573, 0.6623252477923294]}