{"orig_r": [0.38758017695900915, 0.3076731738156841, 0.3430347312102832], "orig_f": [0.6045665758207581, 0.3554435506601349, 0.44768129917106003], "tmeasure1_r": [0.3337886978757425, 0.3051951336467602, 0.3188521562908366], "tmeasure0_r": [0.38758017695900915, 0.3076731738156841, 0.3430347312102832], "tmeasure1_f": [0.6094857262405563, 0.3526127126471756, 0.44675764259190265], "tmeasure0_f": [0.6045665758207581, 0.3554435506601349, 0.44768129917106003]}