{"orig_r": [0.3860287697921661, 0.32697782173821804, 0.35405800668407317], "orig_f": [0.5713885916759656, 0.34929043660075254, 0.4335508130966169], "tmeasure1_r": [0.3492384498605878, 0.3244611476225105, 0.33639416932712574], "tmeasure0_r": [0.3860287697921661, 0.32697782173821804, 0.35405800668407317], "tmeasure1_f": [0.5759332084230298, 0.34653546149780273, 0.43271123818202556], "tmeasure0_f": [0.5713885916759656, 0.34929043660075254, 0.4335508130966169]}