{"orig_r": [0.41353967777373746, 0.4401111780367074, 0.4264118837604358], "orig_f": [0.6460464440569087, 0.45718548397010755, 0.5354505225778634], "tmeasure1_r": [0.12048065102936173, 0.43675622071644354, 0.1888628570043538], "tmeasure0_r": [0.41353967777373746, 0.4401111780367074, 0.4264118837604358], "tmeasure1_f": [0.6708906944763164, 0.45461056917381776, 0.5419700720373504], "tmeasure0_f": [0.6460464440569087, 0.45718548397010755, 0.5354505225778634]}