{"orig_r": [0.4114219840281567, 0.43753328978728234, 0.42407608437045663], "orig_f": [0.5796194037427854, 0.46363475571834467, 0.5151797349223247], "tmeasure1_r": [0.3862955091129244, 0.4308505297507314, 0.4073583345593441], "tmeasure0_r": [0.4114219840281567, 0.43753328978728234, 0.42407608437045663], "tmeasure1_f": [0.5811083388704288, 0.45703475953012285, 0.5116572278441772], "tmeasure0_f": [0.5796194037427854, 0.46363475571834467, 0.5151797349223247]}