{"orig_r": [0.05324832943768552, 0.4862512432529997, 0.09598549359765574], "orig_f": [0.6743896762265277, 0.49881028918730885, 0.5734615058649958], "tmeasure1_r": [0.04588002135695138, 0.4742880675141011, 0.08366659598100973], "tmeasure0_r": [0.05324832943768552, 0.4862512432529997, 0.09598549359765574], "tmeasure1_f": [0.6714434703362824, 0.48638516747204963, 0.564125180710186], "tmeasure0_f": [0.6743896762265277, 0.49881028918730885, 0.5734615058649958]}