{"orig_r": [0.42565489576251214, 0.6599422144433957, 0.5175172849251682], "orig_f": [0.5721166014055171, 0.6584331855779464, 0.6122475666895143], "tmeasure1_r": [0.48630603578376713, 0.6571683215122485, 0.5589717324890768], "tmeasure0_r": [0.42565489576251214, 0.6599422144433957, 0.5175172849251682], "tmeasure1_f": [0.571754803970005, 0.6556509933351452, 0.6108356437457444], "tmeasure0_f": [0.5721166014055171, 0.6584331855779464, 0.6122475666895143]}