{"orig_r": [0.24943258415646516, 0.4598356499191856, 0.3234262834175551], "orig_f": [0.5772196955169011, 0.5023827409821371, 0.5372074070581513], "tmeasure1_r": [0.3445405143160571, 0.45204591523314835, 0.39103887877437427], "tmeasure0_r": [0.24943258415646516, 0.4598356499191856, 0.3234262834175551], "tmeasure1_f": [0.5779179381949984, 0.4948581456208431, 0.5331725856507666], "tmeasure0_f": [0.5772196955169011, 0.5023827409821371, 0.5372074070581513]}