{"orig_r": [0.3792161801707532, 0.459237080116453, 0.41540808429769255], "orig_f": [0.5511986762198706, 0.46070097387881426, 0.5019030630368189], "tmeasure1_r": [0.6059002121791855, 0.4535003737865573, 0.5187385703588808], "tmeasure0_r": [0.3792161801707532, 0.459237080116453, 0.41540808429769255], "tmeasure1_f": [0.5535308499556246, 0.4547772808597747, 0.4993181094577648], "tmeasure0_f": [0.5511986762198706, 0.46070097387881426, 0.5019030630368189]}