{"orig_r": [0.3033558286876573, 0.6872724972534489, 0.420920970012623], "orig_f": [0.6645710185206305, 0.6810520098876516, 0.6727105858346402], "tmeasure1_r": [0.2241310029330424, 0.6789018724759224, 0.33700424805074236], "tmeasure0_r": [0.3033558286876573, 0.6872724972534489, 0.420920970012623], "tmeasure1_f": [0.6729753859208867, 0.6707806927530074, 0.6718762470927379], "tmeasure0_f": [0.6645710185206305, 0.6810520098876516, 0.6727105858346402]}