{"orig_r": [0.4799820381545181, 0.5115221285884642, 0.4952504327794169], "orig_f": [0.7433714773432034, 0.6485866746540415, 0.6927519104376707], "tmeasure1_r": [0.3719724975113157, 0.5087338837212474, 0.4297346251348518], "tmeasure0_r": [0.4799820381545181, 0.5115221285884642, 0.4952504327794169], "tmeasure1_f": [0.7565464324784689, 0.6423771918658058, 0.6948030104780198], "tmeasure0_f": [0.7433714773432034, 0.6485866746540415, 0.6927519104376707]}