{"orig_r": [0.23753513113464994, 0.5564849535347608, 0.3329505864259691], "orig_f": [0.613916974107545, 0.5774890848883152, 0.5951461282202554], "tmeasure1_r": [0.2740523564479759, 0.5519195062268457, 0.3662469584889919], "tmeasure0_r": [0.23753513113464994, 0.5564849535347608, 0.3329505864259691], "tmeasure1_f": [0.6145345234293726, 0.5736860278715493, 0.5934081334481944], "tmeasure0_f": [0.613916974107545, 0.5774890848883152, 0.5951461282202554]}