{"orig_r": [0.27358154639516, 0.47085593268120396, 0.3460800881548446], "orig_f": [0.5939534989103912, 0.5566356403848182, 0.5746893916056028], "tmeasure1_r": [0.32468964705381975, 0.46738709371207704, 0.38318446353605834], "tmeasure0_r": [0.27358154639516, 0.47085593268120396, 0.3460800881548446], "tmeasure1_f": [0.594817814673268, 0.5532430961643611, 0.5732776829819263], "tmeasure0_f": [0.5939534989103912, 0.5566356403848182, 0.5746893916056028]}