{"orig_r": [0.49918685883097824, 0.5235489599659686, 0.5110777504146952], "orig_f": [0.7702745599709283, 0.5532430327182823, 0.6439642902187329], "tmeasure1_r": [0.2686528248758396, 0.5204789353853427, 0.3543847639166428], "tmeasure0_r": [0.49918685883097824, 0.5235489599659686, 0.5110777504146952], "tmeasure1_f": [0.7774542753459557, 0.5507382648324786, 0.6447466096039076], "tmeasure0_f": [0.7702745599709283, 0.5532430327182823, 0.6439642902187329]}