{"orig_r": [0.3597734124492094, 0.41074590384159954, 0.3835736557157349], "orig_f": [0.4963555514982247, 0.45115633401321814, 0.47267787223623964], "tmeasure1_r": [0.3677554707370347, 0.3979609859544462, 0.3822624639857243], "tmeasure0_r": [0.3597734124492094, 0.41074590384159954, 0.3835736557157349], "tmeasure1_f": [0.4925002702999781, 0.4382881746442468, 0.4638154795626201], "tmeasure0_f": [0.4963555514982247, 0.45115633401321814, 0.47267787223623964]}