{"orig_r": [0.344022879206962, 0.39887949551173674, 0.36942585505808384], "orig_f": [0.4744130092179096, 0.4624368391091091, 0.46834837579733785], "tmeasure1_r": [0.4507081658521905, 0.3885390253415287, 0.41732093550315286], "tmeasure0_r": [0.344022879206962, 0.39887949551173674, 0.36942585505808384], "tmeasure1_f": [0.47183259029269636, 0.4502754573558008, 0.46080204143365777], "tmeasure0_f": [0.4744130092179096, 0.4624368391091091, 0.46834837579733785]}