{"orig_r": [0.3542680434976595, 0.455562052241024, 0.39858009177096304], "orig_f": [0.5711187980188116, 0.5205820385386284, 0.5446807003609379], "tmeasure1_r": [0.4039541173653258, 0.44118342613225214, 0.42174877419813755], "tmeasure0_r": [0.3542680434976595, 0.455562052241024, 0.39858009177096304], "tmeasure1_f": [0.5714214474188039, 0.5082533522975536, 0.537989524811778], "tmeasure0_f": [0.5711187980188116, 0.5205820385386284, 0.5446807003609379]}