{"orig_r": [0.3095161795605464, 0.48378377732921524, 0.37750892381081214], "orig_f": [0.5242839201684153, 0.5968729904381164, 0.5582285731981067], "tmeasure1_r": [0.28838873239617774, 0.4683068441494448, 0.3569583894576132], "tmeasure0_r": [0.3095161795605464, 0.48378377732921524, 0.37750892381081214], "tmeasure1_f": [0.5231631256001085, 0.5815441517012684, 0.5508109927938827], "tmeasure0_f": [0.5242839201684153, 0.5968729904381164, 0.5582285731981067]}