{"orig_r": [0.36715978622284096, 0.5744048766239579, 0.44797427097351633], "orig_f": [0.58077650857452, 0.7303425783447706, 0.6470286596331113], "tmeasure1_r": [0.536260789968782, 0.572465324177018, 0.5537719425133565], "tmeasure0_r": [0.36715978622284096, 0.5744048766239579, 0.44797427097351633], "tmeasure1_f": [0.5985011885241588, 0.720982446763109, 0.6540571474368184], "tmeasure0_f": [0.58077650857452, 0.7303425783447706, 0.6470286596331113]}