{"orig_r": [0.34936678273216976, 0.583034397617504, 0.4369210507464739], "orig_f": [0.5680003797754204, 0.6427018721418518, 0.603046549026969], "tmeasure1_r": [0.37631148127626285, 0.5730149135718304, 0.45428441069335207], "tmeasure0_r": [0.34936678273216976, 0.583034397617504, 0.4369210507464739], "tmeasure1_f": [0.5827555270202764, 0.6334079989741331, 0.6070269406562131], "tmeasure0_f": [0.5680003797754204, 0.6427018721418518, 0.603046549026969]}