{"orig_r": [0.21458072983233473, 0.6029494217621195, 0.3165175662851417], "orig_f": [0.7666586775632203, 0.6441667690929116, 0.7000951740606279], "tmeasure1_r": [0.36015960792236945, 0.592137548019051, 0.447893865481151], "tmeasure0_r": [0.21458072983233473, 0.6029494217621195, 0.3165175662851417], "tmeasure1_f": [0.7868536343745396, 0.6333029877652021, 0.7017771840298753], "tmeasure0_f": [0.7666586775632203, 0.6441667690929116, 0.7000951740606279]}