{"orig_r": [0.275354406127041, 0.5964657745474856, 0.3767737493723911], "orig_f": [0.5991511008381497, 0.6373075599004772, 0.6176405863156686], "tmeasure1_r": [0.2887668982289744, 0.5912126347240219, 0.3880150215542672], "tmeasure0_r": [0.275354406127041, 0.5964657745474856, 0.3767737493723911], "tmeasure1_f": [0.5999988627917902, 0.632487645128186, 0.6158150460360396], "tmeasure0_f": [0.5991511008381497, 0.6373075599004772, 0.6176405863156686]}