{"orig_r": [0.10481979822786633, 0.568478645172962, 0.17700268719738252], "orig_f": [0.3925808052788725, 0.5803712103576185, 0.46835320439480566], "tmeasure1_r": [0.09950933134654381, 0.5622174605758185, 0.1690905801493238], "tmeasure0_r": [0.10481979822786633, 0.568478645172962, 0.17700268719738252], "tmeasure1_f": [0.3923239605232476, 0.5742925223139791, 0.466180167322983], "tmeasure0_f": [0.3925808052788725, 0.5803712103576185, 0.46835320439480566]}