{"orig_r": [0.16024989854692873, 0.5428493858277244, 0.24745170685965634], "orig_f": [0.531745738386591, 0.6020211820768232, 0.564705482599479], "tmeasure1_r": [0.8865979381443299, 0.5312084118156246, 0.6643619315909528], "tmeasure0_r": [0.16024989854692873, 0.5428493858277244, 0.24745170685965634], "tmeasure1_f": [0.5342139599745216, 0.5922241831805493, 0.5617253428642182], "tmeasure0_f": [0.531745738386591, 0.6020211820768232, 0.564705482599479]}