{"orig_r": [0.22430113530963838, 0.5093598197712593, 0.31145172729877224], "orig_f": [0.5684485019953077, 0.6094045747991934, 0.5882144801904314], "tmeasure1_r": [0.8865979381443299, 0.5009479819566148, 0.6401798188963523], "tmeasure0_r": [0.22430113530963838, 0.5093598197712593, 0.31145172729877224], "tmeasure1_f": [0.574107662312601, 0.6017641083694196, 0.5876106462173386], "tmeasure0_f": [0.5684485019953077, 0.6094045747991934, 0.5882144801904314]}