{"orig_r": [0.19039587063226224, 0.47438526628694944, 0.27173152417770136], "orig_f": [0.4503913292050661, 0.48132961133912544, 0.4653468093357817], "tmeasure1_r": [0.2608461798641905, 0.47406927209501276, 0.3365262175052108], "tmeasure0_r": [0.19039587063226224, 0.47438526628694944, 0.27173152417770136], "tmeasure1_f": [0.4535767541784127, 0.48167785688754317, 0.4672051360167169], "tmeasure0_f": [0.4503913292050661, 0.48132961133912544, 0.4653468093357817]}