{"orig_r": [0.5048466479292226, 0.6683029680385696, 0.5751875270181821], "orig_f": [0.7545057869021722, 0.5945448812577784, 0.6650418165448352], "tmeasure1_r": [0.0, 0.658505396084989, 0.0], "tmeasure0_r": [0.5048466479292226, 0.6683029680385696, 0.5751875270181821], "tmeasure1_f": [0.7620797991249165, 0.5866571766767957, 0.6629603716340489], "tmeasure0_f": [0.7545057869021722, 0.5945448812577784, 0.6650418165448352]}