{"orig_r": [0.4439176111982481, 0.5781958470879796, 0.5022364536211134], "orig_f": [0.7628802279315237, 0.6473234976147454, 0.7003673135446775], "tmeasure1_r": [1.0, 0.5684012017877172, 0.7248160752999093], "tmeasure0_r": [0.4439176111982481, 0.5781958470879796, 0.5022364536211134], "tmeasure1_f": [0.769058155583139, 0.6385018518217517, 0.6977252179873903], "tmeasure0_f": [0.7628802279315237, 0.6473234976147454, 0.7003673135446775]}