{"orig_r": [0.34861905891396594, 0.43242451937675447, 0.38602565384728227], "orig_f": [0.563195459047924, 0.4664844706951368, 0.5102982548711681], "tmeasure1_r": [0.45603452015629453, 0.42561827074942704, 0.4403017284651738], "tmeasure0_r": [0.34861905891396594, 0.43242451937675447, 0.38602565384728227], "tmeasure1_f": [0.571853093702634, 0.45920383026997436, 0.5093746521156389], "tmeasure0_f": [0.563195459047924, 0.4664844706951368, 0.5102982548711681]}