{"orig_r": [0.4797416708271819, 0.5286659269149182, 0.5030169857019021], "orig_f": [0.60885969476759, 0.5732386004488734, 0.5905124484328765], "tmeasure1_r": [0.5058279975607984, 0.5252708461555498, 0.515366110450261], "tmeasure0_r": [0.4797416708271819, 0.5286659269149182, 0.5030169857019021], "tmeasure1_f": [0.6149319958054837, 0.5703105280964005, 0.5917813176609085], "tmeasure0_f": [0.60885969476759, 0.5732386004488734, 0.5905124484328765]}