{"orig_r": [0.47040127524458164, 0.5094127415201379, 0.48913038420933863], "orig_f": [0.6668488622470933, 0.5916863520689986, 0.6270231713758728], "tmeasure1_r": [0.5012690911372372, 0.503980320266709, 0.5026210495131164], "tmeasure0_r": [0.47040127524458164, 0.5094127415201379, 0.48913038420933863], "tmeasure1_f": [0.6748149278645329, 0.5881682341383233, 0.6285193919178548], "tmeasure0_f": [0.6668488622470933, 0.5916863520689986, 0.6270231713758728]}