{"orig_r": [0.3769899897798193, 0.4400722833339109, 0.4060959636875563], "orig_f": [0.6669590633492422, 0.46053702329800955, 0.5448521646046057], "tmeasure1_r": [0.48074732605612214, 0.43666302764256526, 0.45764598596558037], "tmeasure0_r": [0.3769899897798193, 0.4400722833339109, 0.4060959636875563], "tmeasure1_f": [0.6705085096073053, 0.45619549674213644, 0.5429695126428193], "tmeasure0_f": [0.6669590633492422, 0.46053702329800955, 0.5448521646046057]}