{"orig_r": [0.41593741895035385, 0.4405547489642193, 0.42789230784600757], "orig_f": [0.7020477448792424, 0.4787130168673695, 0.5692590824900688], "tmeasure1_r": [0.5087259960788325, 0.43686528021528925, 0.4700650913379474], "tmeasure0_r": [0.41593741895035385, 0.4405547489642193, 0.42789230784600757], "tmeasure1_f": [0.7072399120035404, 0.4746274107396581, 0.5680425234650829], "tmeasure0_f": [0.7020477448792424, 0.4787130168673695, 0.5692590824900688]}