{"orig_r": [0.38591526273963334, 0.624772866056196, 0.4771192574388642], "orig_f": [0.6259816454181654, 0.6248282764965661, 0.6254044291979649], "tmeasure1_r": [0.36832637709332294, 0.6138972236712135, 0.4604135761479686], "tmeasure0_r": [0.38591526273963334, 0.624772866056196, 0.4771192574388642], "tmeasure1_f": [0.6373906939079521, 0.6175090586615127, 0.6272923818636589], "tmeasure0_f": [0.6259816454181654, 0.6248282764965661, 0.6254044291979649]}