{"orig_r": [0.3161505061502275, 0.49545395875977166, 0.3859959539611595], "orig_f": [0.4772962137202629, 0.5207397221536849, 0.4980724416502114], "tmeasure1_r": [0.32228514194472163, 0.49220465943011993, 0.38952052748241917], "tmeasure0_r": [0.3161505061502275, 0.49545395875977166, 0.3859959539611595], "tmeasure1_f": [0.48200129721073504, 0.5179187175758639, 0.4993149252534242], "tmeasure0_f": [0.4772962137202629, 0.5207397221536849, 0.4980724416502114]}