{"orig_r": [0.2794377575458568, 0.4770274635584558, 0.3524272656182868], "orig_f": [0.47590457336784475, 0.5064240767548664, 0.4906902270663139], "tmeasure1_r": [0.29395046807350406, 0.47537296707446314, 0.36327011448482094], "tmeasure0_r": [0.2794377575458568, 0.4770274635584558, 0.3524272656182868], "tmeasure1_f": [0.47906994289408483, 0.501912194172844, 0.4902251266657348], "tmeasure0_f": [0.47590457336784475, 0.5064240767548664, 0.4906902270663139]}