{"orig_r": [0.4102267737206363, 0.43665664567450113, 0.4230292927606563], "orig_f": [0.5977782123540916, 0.49261674241021397, 0.5401264089988863], "tmeasure1_r": [0.40691150133341913, 0.4262243969162767, 0.4163441033293553], "tmeasure0_r": [0.4102267737206363, 0.43665664567450113, 0.4230292927606563], "tmeasure1_f": [0.603906517353663, 0.476676126515904, 0.5328011163292403], "tmeasure0_f": [0.5977782123540916, 0.49261674241021397, 0.5401264089988863]}