{"orig_r": [0.3525655317793346, 0.438509694331366, 0.3908690310842747], "orig_f": [0.6804921554252579, 0.5328087467542844, 0.5976624131028636], "tmeasure1_r": [0.3757795737078245, 0.42767382660268755, 0.4000508011656723], "tmeasure0_r": [0.3525655317793346, 0.438509694331366, 0.3908690310842747], "tmeasure1_f": [0.6900317844460888, 0.5149555224385512, 0.5897749727792937], "tmeasure0_f": [0.6804921554252579, 0.5328087467542844, 0.5976624131028636]}