{"orig_r": [0.2981040610240764, 0.5953699920998512, 0.3972856555515902], "orig_f": [0.5815544229830547, 0.6389740474783526, 0.6089135853454393], "tmeasure1_r": [0.3086825675359891, 0.5878023754447136, 0.40479061667839594], "tmeasure0_r": [0.2981040610240764, 0.5953699920998512, 0.3972856555515902], "tmeasure1_f": [0.5823457547438429, 0.6263228003570898, 0.6035342316931022], "tmeasure0_f": [0.5815544229830547, 0.6389740474783526, 0.6089135853454393]}