{"orig_r": [0.2743437220657926, 0.5670172519292573, 0.36977617973211313], "orig_f": [0.6079550624134276, 0.6694161249097005, 0.6372069857828757], "tmeasure1_r": [0.29590442367487707, 0.5554795177489364, 0.38612155706816625], "tmeasure0_r": [0.2743437220657926, 0.5670172519292573, 0.36977617973211313], "tmeasure1_f": [0.6089687126816513, 0.6554263928836968, 0.6313440553117271], "tmeasure0_f": [0.6079550624134276, 0.6694161249097005, 0.6372069857828757]}