{"orig_r": [0.31526986657226047, 0.5644424388709047, 0.404567928149888], "orig_f": [0.509146839017274, 0.5873965167221725, 0.5454797171009712], "tmeasure1_r": [0.22353144271406294, 0.5563243115040155, 0.3189204549553802], "tmeasure0_r": [0.31526986657226047, 0.5644424388709047, 0.404567928149888], "tmeasure1_f": [0.5102986684071632, 0.5788474048057691, 0.5424158745060769], "tmeasure0_f": [0.509146839017274, 0.5873965167221725, 0.5454797171009712]}