{"orig_r": [0.2744935356171257, 0.5621847186489755, 0.36887792961043525], "orig_f": [0.4979760340902414, 0.582639290808244, 0.5369910950857493], "tmeasure1_r": [0.2640800855992106, 0.5538631155673489, 0.3576390604156067], "tmeasure0_r": [0.2744935356171257, 0.5621847186489755, 0.36887792961043525], "tmeasure1_f": [0.498967372763281, 0.5737303444361121, 0.5337435104928946], "tmeasure0_f": [0.4979760340902414, 0.582639290808244, 0.5369910950857493]}