{"orig_r": [0.27832667419857754, 0.5887961296691776, 0.37798029949356415], "orig_f": [0.6774604043852472, 0.674428663714972, 0.6759411345657478], "tmeasure1_r": [0.38295868219550533, 0.5801994355226833, 0.4613830422044044], "tmeasure0_r": [0.27832667419857754, 0.5887961296691776, 0.37798029949356415], "tmeasure1_f": [0.6773804551796947, 0.6647984785936267, 0.6710304933285051], "tmeasure0_f": [0.6774604043852472, 0.674428663714972, 0.6759411345657478]}