{"orig_r": [0.2451974105481811, 0.6316238979588199, 0.35325907962606184], "orig_f": [0.6822930256561379, 0.681932174469098, 0.682112552338247], "tmeasure1_r": [0.3293827584248279, 0.6246683245421271, 0.4313290546213406], "tmeasure0_r": [0.2451974105481811, 0.6316238979588199, 0.35325907962606184], "tmeasure1_f": [0.6860207938551761, 0.6753814050233521, 0.6806595259076479], "tmeasure0_f": [0.6822930256561379, 0.681932174469098, 0.682112552338247]}