{"orig_r": [0.45426868005812115, 0.751519969790186, 0.5662550974531984], "orig_f": [0.8480827542962576, 0.7861202975242264, 0.815926841392015], "tmeasure1_r": [0.2994161595471268, 0.7406686866492702, 0.42644246662057944], "tmeasure0_r": [0.45426868005812115, 0.751519969790186, 0.5662550974531984], "tmeasure1_f": [0.8628590982644673, 0.7761821097453262, 0.8172287457215196], "tmeasure0_f": [0.8480827542962576, 0.7861202975242264, 0.815926841392015]}