{"orig_r": [0.054085832353577196, 0.7237984231453322, 0.10065055281756337], "orig_f": [0.6817038969060959, 0.7463983865308123, 0.7125857785451211], "tmeasure1_r": [0.044338595706929586, 0.7218251142804946, 0.08354536111796895], "tmeasure0_r": [0.054085832353577196, 0.7237984231453322, 0.10065055281756337], "tmeasure1_f": [0.6885371509877455, 0.7463542160752162, 0.7162808521400386], "tmeasure0_f": [0.6817038969060959, 0.7463983865308123, 0.7125857785451211]}