{"orig_r": [0.29831532390596405, 0.5802971472983656, 0.3940566225305949], "orig_f": [0.5673631244827845, 0.5625253373909246, 0.564933874080963], "tmeasure1_r": [0.4315946250550632, 0.5683490332515102, 0.4906204181983774], "tmeasure0_r": [0.29831532390596405, 0.5802971472983656, 0.3940566225305949], "tmeasure1_f": [0.5782695100272885, 0.5533583090113126, 0.565539716924519], "tmeasure0_f": [0.5673631244827845, 0.5625253373909246, 0.564933874080963]}