{"orig_r": [0.27988956371796, 0.4309772286100989, 0.3393773060998134], "orig_f": [0.5422513163502838, 0.5102374219318346, 0.5257574805889269], "tmeasure1_r": [0.3495902165303236, 0.41691372784429415, 0.3802953956367862], "tmeasure0_r": [0.27988956371796, 0.4309772286100989, 0.3393773060998134], "tmeasure1_f": [0.5541543423950167, 0.5032860178704666, 0.5274966660050582], "tmeasure0_f": [0.5422513163502838, 0.5102374219318346, 0.5257574805889269]}