{"orig_r": [0.30121366506373254, 0.30973201637488534, 0.3054134554815826], "orig_f": [0.5471835462732905, 0.3276766505016164, 0.40989239723877857], "tmeasure1_r": [0.3206180606106216, 0.308790594749711, 0.31459320039624694], "tmeasure0_r": [0.30121366506373254, 0.30973201637488534, 0.3054134554815826], "tmeasure1_f": [0.5490017489101902, 0.3249994798113188, 0.40829526766756835], "tmeasure0_f": [0.5471835462732905, 0.3276766505016164, 0.40989239723877857]}