{"orig_r": [0.28747484926464084, 0.3209805278503514, 0.3033051636364313], "orig_f": [0.4608090540004378, 0.32675116557970263, 0.38237049500695736], "tmeasure1_r": [0.3473442263484636, 0.3203958666810532, 0.3333262615179124], "tmeasure0_r": [0.28747484926464084, 0.3209805278503514, 0.3033051636364313], "tmeasure1_f": [0.462430852897202, 0.32394226958783867, 0.3809919126980571], "tmeasure0_f": [0.4608090540004378, 0.32675116557970263, 0.38237049500695736]}