{"orig_r": [0.33361639194421716, 0.4638112645874392, 0.3880854629691501], "orig_f": [0.5965201795840801, 0.5634449020074327, 0.5795109860894408], "tmeasure1_r": [0.3816223734530136, 0.4583427153552709, 0.41647882089228166], "tmeasure0_r": [0.33361639194421716, 0.4638112645874392, 0.3880854629691501], "tmeasure1_f": [0.6047411192850034, 0.5590770346329408, 0.5810132288318007], "tmeasure0_f": [0.5965201795840801, 0.5634449020074327, 0.5795109860894408]}