{"orig_r": [0.3352280518635018, 0.6250876356241679, 0.436412552798046], "orig_f": [0.6480117457423938, 0.617150249289269, 0.6322045903967959], "tmeasure1_r": [0.34501340064718333, 0.621162193233575, 0.44362387540794734], "tmeasure0_r": [0.3352280518635018, 0.6250876356241679, 0.436412552798046], "tmeasure1_f": [0.6749114061565445, 0.6141781002826308, 0.6431140789243003], "tmeasure0_f": [0.6480117457423938, 0.617150249289269, 0.6322045903967959]}