{"orig_r": [0.14576198458672804, 0.4060631080527212, 0.21451929347436247], "orig_f": [0.5371972387502193, 0.445832941396144, 0.48726932275108326], "tmeasure1_r": [0.19696180720679066, 0.39922966353515127, 0.26378437089207607], "tmeasure0_r": [0.14576198458672804, 0.4060631080527212, 0.21451929347436247], "tmeasure1_f": [0.5414134840298757, 0.4368381919633854, 0.48353627859225334], "tmeasure0_f": [0.5371972387502193, 0.445832941396144, 0.48726932275108326]}