{"orig_r": [0.16949113020261297, 0.39131601421897416, 0.23653262686145857], "orig_f": [0.5847684618567421, 0.44821094864547983, 0.5074634099421959], "tmeasure1_r": [0.15611231981791873, 0.3832480035451766, 0.2218544164537899], "tmeasure0_r": [0.16949113020261297, 0.39131601421897416, 0.23653262686145857], "tmeasure1_f": [0.5876757582016159, 0.43792653816337135, 0.5018686312694843], "tmeasure0_f": [0.5847684618567421, 0.44821094864547983, 0.5074634099421959]}