{"orig_r": [0.17525415369948333, 0.44035425848040244, 0.2507240361601674], "orig_f": [0.5090022801871332, 0.46554116278142305, 0.4863026170591336], "tmeasure1_r": [0.20841699162122831, 0.4347810132959163, 0.2817662682795077], "tmeasure0_r": [0.17525415369948333, 0.44035425848040244, 0.2507240361601674], "tmeasure1_f": [0.5109821571931845, 0.46123612357922267, 0.4848364488984673], "tmeasure0_f": [0.5090022801871332, 0.46554116278142305, 0.4863026170591336]}