{"orig_r": [0.31515820276488193, 0.45310819441432376, 0.37174804139285894], "orig_f": [0.410578839488342, 0.47462548489316897, 0.4402851983697317], "tmeasure1_r": [0.3531897089774962, 0.4490388401232482, 0.3953883153136349], "tmeasure0_r": [0.31515820276488193, 0.45310819441432376, 0.37174804139285894], "tmeasure1_f": [0.41167896082429223, 0.46826550371999176, 0.43815277833731603], "tmeasure0_f": [0.410578839488342, 0.47462548489316897, 0.4402851983697317]}