{"orig_r": [0.37058791855930967, 0.42783565198166507, 0.39715942665851867], "orig_f": [0.3763595298742897, 0.4444915487914585, 0.4075980033020543], "tmeasure1_r": [0.40233540726554734, 0.42355429017778534, 0.4126722693485145], "tmeasure0_r": [0.37058791855930967, 0.42783565198166507, 0.39715942665851867], "tmeasure1_f": [0.37662809074705855, 0.4384522523554316, 0.4051954781778106], "tmeasure0_f": [0.3763595298742897, 0.4444915487914585, 0.4075980033020543]}