{"orig_r": [0.39637197885303793, 0.5655723290637455, 0.466091480370632], "orig_f": [0.704335708914668, 0.6547793490859645, 0.6786540614149138], "tmeasure1_r": [0.479442931886346, 0.5578878205120885, 0.5156993017156076], "tmeasure0_r": [0.39637197885303793, 0.5655723290637455, 0.466091480370632], "tmeasure1_f": [0.7081448348727575, 0.6476650134616836, 0.6765559854490039], "tmeasure0_f": [0.704335708914668, 0.6547793490859645, 0.6786540614149138]}