{"orig_r": [0.37306227811211984, 0.5789593038860318, 0.45374575729387073], "orig_f": [0.7475229965586223, 0.6547171066460518, 0.6980489180700767], "tmeasure1_r": [0.49660325830436775, 0.5714433179929453, 0.5314011953212036], "tmeasure0_r": [0.37306227811211984, 0.5789593038860318, 0.45374575729387073], "tmeasure1_f": [0.7515500449500557, 0.6478921914823346, 0.6958821063921247], "tmeasure0_f": [0.7475229965586223, 0.6547171066460518, 0.6980489180700767]}