{"orig_r": [0.4161979053656754, 0.6901329244848664, 0.5192513303336082], "orig_f": [0.6500826925001654, 0.6976327386818508, 0.6730188861023907], "tmeasure1_r": [0.4861192555019903, 0.6876288038578691, 0.569576408714858], "tmeasure0_r": [0.4161979053656754, 0.6901329244848664, 0.5192513303336082], "tmeasure1_f": [0.6562072787284355, 0.6954443642395767, 0.6752563149519725], "tmeasure0_f": [0.6500826925001654, 0.6976327386818508, 0.6730188861023907]}