{"orig_r": [0.11624788316042067, 0.3843193513530281, 0.17850273838159156], "orig_f": [0.5954771724419514, 0.4637513998861761, 0.5214235709545609], "tmeasure1_r": [0.0, 0.36759304854967334, 0.0], "tmeasure0_r": [0.11624788316042067, 0.3843193513530281, 0.17850273838159156], "tmeasure1_f": [0.5937936191832208, 0.4508213551613408, 0.5125234668482529], "tmeasure0_f": [0.5954771724419514, 0.4637513998861761, 0.5214235709545609]}