{"orig_r": [0.3125992834319943, 0.22447992891913773, 0.2613106719129922], "orig_f": [0.28468298596008657, 0.2502866524715931, 0.26637904827814696], "tmeasure1_r": [0.46346738967061263, 0.21974627610171477, 0.2981358192230252], "tmeasure0_r": [0.3125992834319943, 0.22447992891913773, 0.2613106719129922], "tmeasure1_f": [0.2890540842213358, 0.2467309017020793, 0.2662208785775613], "tmeasure0_f": [0.28468298596008657, 0.2502866524715931, 0.26637904827814696]}