{"orig_r": [0.2386910293388182, 0.5187287347978455, 0.32694128545127343], "orig_f": [0.5359850984571252, 0.5688390283242553, 0.5519235780826898], "tmeasure1_r": [0.19198203941055286, 0.515669978795518, 0.2797967691604354], "tmeasure0_r": [0.2386910293388182, 0.5187287347978455, 0.32694128545127343], "tmeasure1_f": [0.5432646983000131, 0.5653904048143992, 0.5541067674344499], "tmeasure0_f": [0.5359850984571252, 0.5688390283242553, 0.5519235780826898]}