{"orig_r": [0.17867186170141844, 0.517990272928922, 0.2656963305650161], "orig_f": [0.6331343512666122, 0.6686349932686559, 0.6504006020335915], "tmeasure1_r": [0.12318896222514918, 0.5152949688242379, 0.19884181688008168], "tmeasure0_r": [0.17867186170141844, 0.517990272928922, 0.2656963305650161], "tmeasure1_f": [0.6434205967667421, 0.6661947886732015, 0.65460967129217], "tmeasure0_f": [0.6331343512666122, 0.6686349932686559, 0.6504006020335915]}