{"orig_r": [0.26779449174423714, 0.32663622318302815, 0.2943030337295382], "orig_f": [0.4439563540107756, 0.3425911491780191, 0.38674210238749596], "tmeasure1_r": [0.29303416233435053, 0.322743904858855, 0.30717232343112405], "tmeasure0_r": [0.26779449174423714, 0.32663622318302815, 0.2943030337295382], "tmeasure1_f": [0.4445424978729121, 0.3390213412628561, 0.384676745786125], "tmeasure0_f": [0.4439563540107756, 0.3425911491780191, 0.38674210238749596]}