{"orig_r": [0.23172576828615535, 0.3241638249484099, 0.27025910289006744], "orig_f": [0.4356236849445874, 0.3443916297563032, 0.3846723211480595], "tmeasure1_r": [0.2312411971039013, 0.3201360556379599, 0.2685226652848555], "tmeasure0_r": [0.23172576828615535, 0.3241638249484099, 0.27025910289006744], "tmeasure1_f": [0.43539239457181017, 0.34052317899749546, 0.38215807843346977], "tmeasure0_f": [0.4356236849445874, 0.3443916297563032, 0.3846723211480595]}