{"orig_r": [0.4337391860286226, 0.5350896622560358, 0.47911321998758594], "orig_f": [0.5326664390440311, 0.5687462496878716, 0.5501153975076969], "tmeasure1_r": [0.5418570291565413, 0.5249522780708518, 0.5332707165514057], "tmeasure0_r": [0.4337391860286226, 0.5350896622560358, 0.47911321998758594], "tmeasure1_f": [0.5330912457653569, 0.5586463499867904, 0.5455697043235985], "tmeasure0_f": [0.5326664390440311, 0.5687462496878716, 0.5501153975076969]}