{"orig_r": [0.383608098487988, 0.37862274393835976, 0.38109911791068196], "orig_f": [0.5132049272330809, 0.3978132019157065, 0.44820116923966447], "tmeasure1_r": [0.4006502596104709, 0.37575447595831457, 0.3878032202681163], "tmeasure0_r": [0.383608098487988, 0.37862274393835976, 0.38109911791068196], "tmeasure1_f": [0.5165653549150993, 0.3953037874474172, 0.4478718091786849], "tmeasure0_f": [0.5132049272330809, 0.3978132019157065, 0.44820116923966447]}