{"orig_r": [0.2976480775687987, 0.4545474585918395, 0.35973406038599687], "orig_f": [0.41804687590330414, 0.46434087965269644, 0.4399794826497506], "tmeasure1_r": [0.3017666843359903, 0.45141012474568326, 0.3617225994684843], "tmeasure0_r": [0.2976480775687987, 0.4545474585918395, 0.35973406038599687], "tmeasure1_f": [0.4200988169371581, 0.4613712517521727, 0.4397687996782448], "tmeasure0_f": [0.41804687590330414, 0.46434087965269644, 0.4399794826497506]}