{"orig_r": [0.44697722051477673, 0.4540711534156408, 0.4504962617808025], "orig_f": [0.5950134731202404, 0.4928905771549201, 0.5391588239918975], "tmeasure1_r": [0.4546777428533032, 0.45014001036521617, 0.4523974980658678], "tmeasure0_r": [0.44697722051477673, 0.4540711534156408, 0.4504962617808025], "tmeasure1_f": [0.6047670124756547, 0.4890829791755542, 0.5408077056748879], "tmeasure0_f": [0.5950134731202404, 0.4928905771549201, 0.5391588239918975]}