{"orig_r": [0.3796132074090582, 0.4777900293486596, 0.4230807576490761], "orig_f": [0.5700676882227526, 0.5161163160125521, 0.541752104571742], "tmeasure1_r": [0.3289957415288308, 0.4730432518247, 0.38808391287448746], "tmeasure0_r": [0.3796132074090582, 0.4777900293486596, 0.4230807576490761], "tmeasure1_f": [0.5781591390854902, 0.5115227251349559, 0.5428034513509358], "tmeasure0_f": [0.5700676882227526, 0.5161163160125521, 0.541752104571742]}