{"orig_r": [0.16145883900597713, 0.45511826674733175, 0.2383574293426234], "orig_f": [0.514039037941436, 0.5046659242683844, 0.5093093600526002], "tmeasure1_r": [0.23231182017635116, 0.4539120444477094, 0.3073315828308746], "tmeasure0_r": [0.16145883900597713, 0.45511826674733175, 0.2383574293426234], "tmeasure1_f": [0.5239920122482274, 0.5037048886121689, 0.5136482127019925], "tmeasure0_f": [0.514039037941436, 0.5046659242683844, 0.5093093600526002]}