{"orig_r": [0.3305805507488723, 0.4810901023048917, 0.39188069787031676], "orig_f": [0.3907941535797698, 0.4810260731408062, 0.4312406877963186], "tmeasure1_r": [0.3396381115553115, 0.47826664994497314, 0.3972041476057341], "tmeasure0_r": [0.3305805507488723, 0.4810901023048917, 0.39188069787031676], "tmeasure1_f": [0.39067418517766506, 0.47642725747600395, 0.42931039312134844], "tmeasure0_f": [0.3907941535797698, 0.4810260731408062, 0.4312406877963186]}