{"orig_r": [0.1720909348874926, 0.37226832336238874, 0.2353739844616553], "orig_f": [0.63452250509884, 0.4772050161709926, 0.544732979103892], "tmeasure1_r": [0.1898891080764364, 0.36451956697652066, 0.24970134330228003], "tmeasure0_r": [0.1720909348874926, 0.37226832336238874, 0.2353739844616553], "tmeasure1_f": [0.6450550389651347, 0.46993720655809873, 0.543744343164016], "tmeasure0_f": [0.63452250509884, 0.4772050161709926, 0.544732979103892]}