{"orig_r": [0.16357786240347, 0.35571527408860065, 0.22410134111436006], "orig_f": [0.6260782890095045, 0.4662056906857563, 0.5344420802225174], "tmeasure1_r": [0.1837853540775821, 0.34970119969192115, 0.24094312538007573], "tmeasure0_r": [0.16357786240347, 0.35571527408860065, 0.22410134111436006], "tmeasure1_f": [0.6368184668068828, 0.4599272080328186, 0.5341076717809499], "tmeasure0_f": [0.6260782890095045, 0.4662056906857563, 0.5344420802225174]}