{"orig_r": [0.39496568699683, 0.22322548502126602, 0.2852399420677721], "orig_f": [0.6793585665482466, 0.25945604163183406, 0.37550264554783025], "tmeasure1_r": [0.2724783508450643, 0.22296755565982798, 0.2452491021138151], "tmeasure0_r": [0.39496568699683, 0.22322548502126602, 0.2852399420677721], "tmeasure1_f": [0.6824866953816199, 0.25892432170733276, 0.3754203030731425], "tmeasure0_f": [0.6793585665482466, 0.25945604163183406, 0.37550264554783025]}