{"orig_r": [0.24848775297250986, 0.2030514849974385, 0.22348360010344356], "orig_f": [0.5285733307615899, 0.25007042559526516, 0.3395148466875495], "tmeasure1_r": [0.13091296002322633, 0.20236451015602588, 0.15897946545217642], "tmeasure0_r": [0.24848775297250986, 0.2030514849974385, 0.22348360010344356], "tmeasure1_f": [0.5288830270417071, 0.24896681818601826, 0.33855974965609037], "tmeasure0_f": [0.5285733307615899, 0.25007042559526516, 0.3395148466875495]}