{"orig_r": [0.45905935928170793, 0.6213030986742472, 0.5279987291242353], "orig_f": [0.5932900833591762, 0.6416073114350974, 0.616503455088431], "tmeasure1_r": [0.2518840488787975, 0.6178008752530904, 0.35786336302183475], "tmeasure0_r": [0.45905935928170793, 0.6213030986742472, 0.5279987291242353], "tmeasure1_f": [0.5998081406117695, 0.629445459898519, 0.6142695221905772], "tmeasure0_f": [0.5932900833591762, 0.6416073114350974, 0.616503455088431]}