{"orig_r": [0.4483497946529544, 0.5581433460011551, 0.4972581420751662], "orig_f": [0.6308292603966157, 0.6730724695929807, 0.6512665769529293], "tmeasure1_r": [0.17140168131254227, 0.5515008211376669, 0.26152397499759517], "tmeasure0_r": [0.4483497946529544, 0.5581433460011551, 0.4972581420751662], "tmeasure1_f": [0.6349062865929769, 0.6582450162711201, 0.6463650433223157], "tmeasure0_f": [0.6308292603966157, 0.6730724695929807, 0.6512665769529293]}