{"orig_r": [0.5385609566068659, 0.2876305557168322, 0.37498953917001726], "orig_f": [0.6021587197823847, 0.3328930595103349, 0.4287558464212747], "tmeasure1_r": [0.5541218999003812, 0.28442651041383715, 0.37590425643641256], "tmeasure0_r": [0.5385609566068659, 0.2876305557168322, 0.37498953917001726], "tmeasure1_f": [0.6046210679514343, 0.32998693894706366, 0.4269534477845891], "tmeasure0_f": [0.6021587197823847, 0.3328930595103349, 0.4287558464212747]}