{"orig_r": [0.7346045598030458, 0.26931408724968164, 0.3941342400474819], "orig_f": [0.6809584582904216, 0.38513775346833523, 0.49200589578791337], "tmeasure1_r": [0.8336589352039497, 0.26837200432927705, 0.4060334630213879], "tmeasure0_r": [0.7346045598030458, 0.26931408724968164, 0.3941342400474819], "tmeasure1_f": [0.6847980252286023, 0.3830804669100127, 0.4913157239795326], "tmeasure0_f": [0.6809584582904216, 0.38513775346833523, 0.49200589578791337]}