{"orig_r": [0.309531119320968, 0.3793532844103429, 0.3409037745828182], "orig_f": [0.4085799961143515, 0.40712896286768346, 0.40785318889744254], "tmeasure1_r": [0.21537878944371855, 0.37639551414479816, 0.273981515239709], "tmeasure0_r": [0.309531119320968, 0.3793532844103429, 0.3409037745828182], "tmeasure1_f": [0.4124785066326016, 0.4045308863367494, 0.4084660404613112], "tmeasure0_f": [0.4085799961143515, 0.40712896286768346, 0.40785318889744254]}