{"orig_r": [0.5135950962816616, 0.3879600511202208, 0.4420237195311744], "orig_f": [0.6079021030450231, 0.43515934970372244, 0.5072266512149961], "tmeasure1_r": [0.0, 0.3866341754966581, 0.0], "tmeasure0_r": [0.5135950962816616, 0.3879600511202208, 0.4420237195311744], "tmeasure1_f": [0.6094703288070455, 0.43354571694901467, 0.506671497024315], "tmeasure0_f": [0.6079021030450231, 0.43515934970372244, 0.5072266512149961]}