{"orig_r": [0.46231032766997365, 0.3916196718113246, 0.4240390170320188], "orig_f": [0.6066571610120464, 0.4382820703559013, 0.5089041516347623], "tmeasure1_r": [0.0, 0.39174673948079275, 0.0], "tmeasure0_r": [0.46231032766997365, 0.3916196718113246, 0.4240390170320188], "tmeasure1_f": [0.6077343967122684, 0.4368333386827569, 0.5083033613857026], "tmeasure0_f": [0.6066571610120464, 0.4382820703559013, 0.5089041516347623]}