{"orig_r": [0.26902117751565957, 0.4600015657976794, 0.3394960281417454], "orig_f": [0.6012615752526385, 0.4862287160264199, 0.5376611562890609], "tmeasure1_r": [0.3082213994088434, 0.455792463696088, 0.3677550834731861], "tmeasure0_r": [0.26902117751565957, 0.4600015657976794, 0.3394960281417454], "tmeasure1_f": [0.6036176189761675, 0.4789769161571933, 0.5341222337497519], "tmeasure0_f": [0.6012615752526385, 0.4862287160264199, 0.5376611562890609]}