{"orig_r": [0.18842781179894713, 0.34865224484739904, 0.24464054757723083], "orig_f": [0.25176133195683426, 0.3474828707641776, 0.2919769602393731], "tmeasure1_r": [0.20091128330534005, 0.3471057288481889, 0.25450836699933627], "tmeasure0_r": [0.18842781179894713, 0.34865224484739904, 0.24464054757723083], "tmeasure1_f": [0.25255644412899736, 0.3459692845229046, 0.2919733207585327], "tmeasure0_f": [0.25176133195683426, 0.3474828707641776, 0.2919769602393731]}