{"orig_r": [0.4477403618569798, 0.5555070524888395, 0.4958356735115841], "orig_f": [0.6491869121252117, 0.616052727373077, 0.6321859595676755], "tmeasure1_r": [0.48304429569392987, 0.5456191718295017, 0.512428480050952], "tmeasure0_r": [0.4477403618569798, 0.5555070524888395, 0.4958356735115841], "tmeasure1_f": [0.6509421973855533, 0.6024869914672072, 0.6257780010386284], "tmeasure0_f": [0.6491869121252117, 0.616052727373077, 0.6321859595676755]}