{"orig_r": [0.3849811593280306, 0.6351268572609726, 0.4793842805907691], "orig_f": [0.690065662366923, 0.6663518042766222, 0.6780014420271101], "tmeasure1_r": [0.44576581799305964, 0.6219280133156073, 0.5193141356799366], "tmeasure0_r": [0.3849811593280306, 0.6351268572609726, 0.4793842805907691], "tmeasure1_f": [0.6917459490437323, 0.6525853640333825, 0.6715952795029877], "tmeasure0_f": [0.690065662366923, 0.6663518042766222, 0.6780014420271101]}