{"orig_r": [0.49731645688321446, 0.6216940511759004, 0.5525929927725708], "orig_f": [0.7734569734588733, 0.6207318502463233, 0.6887293457784418], "tmeasure1_r": [0.383150584003357, 0.6168552069897414, 0.4726941282388279], "tmeasure0_r": [0.49731645688321446, 0.6216940511759004, 0.5525929927725708], "tmeasure1_f": [0.7971654150944256, 0.6124374169262824, 0.6926971436110531], "tmeasure0_f": [0.7734569734588733, 0.6207318502463233, 0.6887293457784418]}