{"orig_r": [0.31792278414065506, 0.527931095429545, 0.39685654401365694], "orig_f": [0.37038934293946096, 0.5202826069901858, 0.43272303110285776], "tmeasure1_r": [0.31217197993369744, 0.5240287291516249, 0.39126272949550994], "tmeasure0_r": [0.31792278414065506, 0.527931095429545, 0.39685654401365694], "tmeasure1_f": [0.3721804032576355, 0.5165458342949126, 0.43263769828234694], "tmeasure0_f": [0.37038934293946096, 0.5202826069901858, 0.43272303110285776]}