{"orig_r": [0.1868577792364833, 0.4902655103207725, 0.2705856552495214], "orig_f": [0.6307832995437496, 0.5459213195469778, 0.5852922571192343], "tmeasure1_r": [0.25574468755776186, 0.4867117099981702, 0.33530301473308793], "tmeasure0_r": [0.1868577792364833, 0.4902655103207725, 0.2705856552495214], "tmeasure1_f": [0.6356926476240858, 0.54236535822423, 0.5853322482212975], "tmeasure0_f": [0.6307832995437496, 0.5459213195469778, 0.5852922571192343]}