{"orig_r": [0.19800177158834378, 0.49597364088146867, 0.2830176913794438], "orig_f": [0.6366269163849687, 0.5191635091158526, 0.5719262880462233], "tmeasure1_r": [0.25982084167498415, 0.4926888871407624, 0.34022375110626074], "tmeasure0_r": [0.19800177158834378, 0.49597364088146867, 0.2830176913794438], "tmeasure1_f": [0.6418207734126342, 0.5161790001370173, 0.5721838857908822], "tmeasure0_f": [0.6366269163849687, 0.5191635091158526, 0.5719262880462233]}