{"orig_r": [0.1932384547387469, 0.0, 0.0], "orig_f": [0.23993254565656108, 0.4969943819279516, 0.3236280905729483], "tmeasure1_r": [0.279905395086299, 0.0, 0.0], "tmeasure0_r": [0.1932384547387469, 0.0, 0.0], "tmeasure1_f": [0.2461187818082236, 0.4994835710106532, 0.32975295092778834], "tmeasure0_f": [0.23993254565656108, 0.4969943819279516, 0.3236280905729483]}