{"orig_r": [0.30071816919973743, 0.46956297492423693, 0.36663527134313983], "orig_f": [0.46135543575194105, 0.5256079291050585, 0.4913902254154573], "tmeasure1_r": [0.32703178961233637, 0.46367644321297236, 0.3835471308631799], "tmeasure0_r": [0.30071816919973743, 0.46956297492423693, 0.36663527134313983], "tmeasure1_f": [0.46665035248333175, 0.5208681895274112, 0.4922709071272852], "tmeasure0_f": [0.46135543575194105, 0.5256079291050585, 0.4913902254154573]}