{"orig_r": [0.24261278483826107, 0.12431078043707283, 0.16439055695223456], "orig_f": [0.2372569925607714, 0.2665910345969466, 0.25107009932714086], "tmeasure1_r": [0.2389646683185964, 0.12431078043707283, 0.16354468498943606], "tmeasure0_r": [0.24261278483826107, 0.12431078043707283, 0.16439055695223456], "tmeasure1_f": [0.23727369307835933, 0.2665910345969466, 0.2510794498842562], "tmeasure0_f": [0.2372569925607714, 0.2665910345969466, 0.25107009932714086]}