{"orig_r": [0.16236452628004727, 0.40975972900811203, 0.2325734092694027], "orig_f": [0.4749732367504275, 0.532238638454751, 0.5019780148620588], "tmeasure1_r": [0.1759731137428258, 0.40975972900811203, 0.24621018367800418], "tmeasure0_r": [0.16236452628004727, 0.40975972900811203, 0.2325734092694027], "tmeasure1_f": [0.4749926688902865, 0.532238638454751, 0.5019888669515948], "tmeasure0_f": [0.4749732367504275, 0.532238638454751, 0.5019780148620588]}