{"orig_r": [0.24170421799101546, 0.31622247525079267, 0.2739869126804799], "orig_f": [0.6695959558184246, 0.36092620823630966, 0.46903354010943027], "tmeasure1_r": [0.359777916139592, 0.3104664376366363, 0.3333081952421313], "tmeasure0_r": [0.24170421799101546, 0.31622247525079267, 0.2739869126804799], "tmeasure1_f": [0.6766828556967485, 0.35525781004632934, 0.465912193193043], "tmeasure0_f": [0.6695959558184246, 0.36092620823630966, 0.46903354010943027]}