{"orig_r": [0.19866237735220377, 0.27171946094693467, 0.22951750977361748], "orig_f": [0.676249554145926, 0.3617978142401537, 0.4713958495964826], "tmeasure1_r": [0.1372640114068929, 0.2679863448578767, 0.181541509483238], "tmeasure0_r": [0.19866237735220377, 0.27171946094693467, 0.22951750977361748], "tmeasure1_f": [0.6845016593858602, 0.35699669152597546, 0.46925629316810713], "tmeasure0_f": [0.676249554145926, 0.3617978142401537, 0.4713958495964826]}