{"orig_r": [0.4733800664640728, 0.520942858570827, 0.49602389486410886], "orig_f": [0.54348272824198, 0.5440595175014036, 0.5437709699186222], "tmeasure1_r": [0.4576617930823011, 0.5162556367810396, 0.4851961227374461], "tmeasure0_r": [0.4733800664640728, 0.520942858570827, 0.49602389486410886], "tmeasure1_f": [0.5459070817452194, 0.5393949818461351, 0.5426314946333893], "tmeasure0_f": [0.54348272824198, 0.5440595175014036, 0.5437709699186222]}