{"orig_r": [0.2674925617197636, 0.46945408740452726, 0.34079936885219947], "orig_f": [0.5624851229906713, 0.48542248228289764, 0.5211202271560029], "tmeasure1_r": [0.40829140817982407, 0.46522436895868446, 0.4349025345459615], "tmeasure0_r": [0.2674925617197636, 0.46945408740452726, 0.34079936885219947], "tmeasure1_f": [0.5667615368143831, 0.483526636428754, 0.5218459210234486], "tmeasure0_f": [0.5624851229906713, 0.48542248228289764, 0.5211202271560029]}