{"orig_r": [0.2593668453946186, 0.4842856666472878, 0.3378127380575798], "orig_f": [0.609845670828457, 0.5669904339266935, 0.5876377519931438], "tmeasure1_r": [0.3954994234982857, 0.48000006297732284, 0.4336718664470878], "tmeasure0_r": [0.2593668453946186, 0.4842856666472878, 0.3378127380575798], "tmeasure1_f": [0.6143509909214468, 0.5650871194233853, 0.588690205496587], "tmeasure0_f": [0.609845670828457, 0.5669904339266935, 0.5876377519931438]}