{"orig_r": [0.43727409887801416, 0.5462332641954606, 0.48571808884449047], "orig_f": [0.6037439382211912, 0.5558562452910161, 0.578811289250386], "tmeasure1_r": [0.3492677398326172, 0.5431419804247255, 0.4251454631320051], "tmeasure0_r": [0.43727409887801416, 0.5462332641954606, 0.48571808884449047], "tmeasure1_f": [0.6104368605906644, 0.5524178186703571, 0.5799799493050535], "tmeasure0_f": [0.6037439382211912, 0.5558562452910161, 0.578811289250386]}