{"orig_r": [0.39660250817581005, 0.5491007798480247, 0.4605561792728615], "orig_f": [0.6640235167181481, 0.6359077298973659, 0.6496615697393049], "tmeasure1_r": [0.2764426757748453, 0.5503904144854557, 0.3680341309351462], "tmeasure0_r": [0.39660250817581005, 0.5491007798480247, 0.4605561792728615], "tmeasure1_f": [0.6698647018014607, 0.6300372895356046, 0.649340863990004], "tmeasure0_f": [0.6640235167181481, 0.6359077298973659, 0.6496615697393049]}