{"orig_r": [0.09231545394764416, 0.4373428819306677, 0.15245113289589113], "orig_f": [0.6054831400061843, 0.48927289488810494, 0.5412100582672219], "tmeasure1_r": [0.09246937874230839, 0.4303711891264495, 0.15223056102678256], "tmeasure0_r": [0.09231545394764416, 0.4373428819306677, 0.15245113289589113], "tmeasure1_f": [0.6060581794216623, 0.47123991292614165, 0.5302131429127881], "tmeasure0_f": [0.6054831400061843, 0.48927289488810494, 0.5412100582672219]}