{"orig_r": [0.16186996676963683, 0.4209814062846815, 0.2338306106712585], "orig_f": [0.6704506883938178, 0.5254730996235114, 0.5891743351958669], "tmeasure1_r": [0.1815866785238258, 0.41464477950166606, 0.2525662383742673], "tmeasure0_r": [0.16186996676963683, 0.4209814062846815, 0.2338306106712585], "tmeasure1_f": [0.6725939257060612, 0.507545755692942, 0.5785284533306833], "tmeasure0_f": [0.6704506883938178, 0.5254730996235114, 0.5891743351958669]}