{"orig_r": [0.38068972830111014, 0.40361733215562506, 0.39181840955623987], "orig_f": [0.6442961092944278, 0.48011813366311273, 0.5502211439570437], "tmeasure1_r": [0.2968454346750454, 0.3970182873272234, 0.33970090188749297], "tmeasure0_r": [0.38068972830111014, 0.40361733215562506, 0.39181840955623987], "tmeasure1_f": [0.6466051480252367, 0.47353328328738925, 0.5466986047003375], "tmeasure0_f": [0.6442961092944278, 0.48011813366311273, 0.5502211439570437]}