{"orig_r": [0.4371908818054846, 0.4024415499111615, 0.41909714164114864], "orig_f": [0.6509013797479344, 0.46820485752865254, 0.5446403167436994], "tmeasure1_r": [0.2385526618975574, 0.3993670139025929, 0.2986898440498608], "tmeasure0_r": [0.4371908818054846, 0.4024415499111615, 0.41909714164114864], "tmeasure1_f": [0.6579784708031796, 0.4611957572544324, 0.5422871104275727], "tmeasure0_f": [0.6509013797479344, 0.46820485752865254, 0.5446403167436994]}