{"orig_r": [0.2828071356289742, 0.40855357913381063, 0.33424481605218886], "orig_f": [0.5805572343075637, 0.4738801737184439, 0.5218224637196899], "tmeasure1_r": [0.23735779298130422, 0.4063092063540646, 0.29966009314682224], "tmeasure0_r": [0.2828071356289742, 0.40855357913381063, 0.33424481605218886], "tmeasure1_f": [0.5842294061771426, 0.4660565582637091, 0.5184948775818925], "tmeasure0_f": [0.5805572343075637, 0.4738801737184439, 0.5218224637196899]}