{"orig_r": [0.15887595319031028, 0.5251953077123199, 0.2439538390014312], "orig_f": [0.40392186721524503, 0.5698945388063135, 0.4727644036535589], "tmeasure1_r": [0.2925078210960239, 0.5251953077123199, 0.37574452071050685], "tmeasure0_r": [0.15887595319031028, 0.5251953077123199, 0.2439538390014312], "tmeasure1_f": [0.40809256658786464, 0.568938673148693, 0.4752757822133676], "tmeasure0_f": [0.40392186721524503, 0.5698945388063135, 0.4727644036535589]}