{"orig_r": [0.19083524344260833, 0.4469067346982772, 0.2674610059726889], "orig_f": [0.39373533733131044, 0.4656252972810086, 0.4266733338969761], "tmeasure1_r": [0.33662429039145403, 0.4394035908545763, 0.3812077517869083], "tmeasure0_r": [0.19083524344260833, 0.4469067346982772, 0.2674610059726889], "tmeasure1_f": [0.3947259577847404, 0.4606327749555643, 0.42514025126947846], "tmeasure0_f": [0.39373533733131044, 0.4656252972810086, 0.4266733338969761]}