{"orig_r": [0.4821283422224378, 0.32592533334549373, 0.3889292144948558], "orig_f": [0.6416440669413919, 0.39659209174184507, 0.49019861335742493], "tmeasure1_r": [0.45040230533794795, 0.3233594262783783, 0.37645136764337955], "tmeasure0_r": [0.4821283422224378, 0.32592533334549373, 0.3889292144948558], "tmeasure1_f": [0.6495493390419653, 0.39316630560218124, 0.4898380785772587], "tmeasure0_f": [0.6416440669413919, 0.39659209174184507, 0.49019861335742493]}