{"orig_r": [0.24690737503883348, 0.35062257229375127, 0.28976388326936264], "orig_f": [0.46426633192551486, 0.37085969220086995, 0.4123393691083602], "tmeasure1_r": [0.0757238307349666, 0.34774547236267894, 0.12436613041569441], "tmeasure0_r": [0.24690737503883348, 0.35062257229375127, 0.28976388326936264], "tmeasure1_f": [0.4711078256337123, 0.3680446539722991, 0.41324722474849673], "tmeasure0_f": [0.46426633192551486, 0.37085969220086995, 0.4123393691083602]}