{"orig_r": [0.40014305375853343, 0.33832366625299415, 0.3666458116653996], "orig_f": [0.6430648476991533, 0.3699193301472495, 0.4696660084224602], "tmeasure1_r": [0.18052395150247869, 0.3299763992285408, 0.23337356538931], "tmeasure0_r": [0.40014305375853343, 0.33832366625299415, 0.3666458116653996], "tmeasure1_f": [0.66059395390775, 0.36215039495558665, 0.467828273172755], "tmeasure0_f": [0.6430648476991533, 0.3699193301472495, 0.4696660084224602]}