{"orig_r": [0.4001905958209951, 0.2935469914957266, 0.3386719923379415], "orig_f": [0.6393812409142242, 0.36030538499995934, 0.46088943914535724], "tmeasure1_r": [0.17739355496437087, 0.28465503086288424, 0.21857427730398266], "tmeasure0_r": [0.4001905958209951, 0.2935469914957266, 0.3386719923379415], "tmeasure1_f": [0.6532365561165111, 0.35265469051897524, 0.45803547113762594], "tmeasure0_f": [0.6393812409142242, 0.36030538499995934, 0.46088943914535724]}