{"orig_r": [0.34268849752701425, 0.3524351160276935, 0.34749347607304076], "orig_f": [0.42733681176973015, 0.3594751812966069, 0.3904795027004274], "tmeasure1_r": [0.4238183076935469, 0.34911962009270686, 0.38285942829609054], "tmeasure0_r": [0.34268849752701425, 0.3524351160276935, 0.34749347607304076], "tmeasure1_f": [0.4290463884846833, 0.3539136867593253, 0.3878751776508287], "tmeasure0_f": [0.42733681176973015, 0.3594751812966069, 0.3904795027004274]}