{"orig_r": [0.3402826870998183, 0.35405932151287084, 0.34703433127389327], "orig_f": [0.49773498209955663, 0.38492824921189545, 0.43412311385494246], "tmeasure1_r": [0.4059852355855946, 0.35070597047013835, 0.37632641929264554], "tmeasure0_r": [0.3402826870998183, 0.35405932151287084, 0.34703433127389327], "tmeasure1_f": [0.49986547205635173, 0.37938597224056353, 0.4313713655761636], "tmeasure0_f": [0.49773498209955663, 0.38492824921189545, 0.43412311385494246]}