{"orig_r": [0.3616847551003932, 0.36899800305772895, 0.3653047807091883], "orig_f": [0.6205870990678516, 0.4212622419219284, 0.5018574229029792], "tmeasure1_r": [0.43546897418258407, 0.36745199820827434, 0.39857956193278726], "tmeasure0_r": [0.3616847551003932, 0.36899800305772895, 0.3653047807091883], "tmeasure1_f": [0.6264179309192374, 0.4201312629759587, 0.5029438807140131], "tmeasure0_f": [0.6205870990678516, 0.4212622419219284, 0.5018574229029792]}