{"orig_r": [0.37363131321696447, 0.37846098601861594, 0.3760306423859021], "orig_f": [0.6360631384478008, 0.4319789586078693, 0.5145225884129401], "tmeasure1_r": [0.4347553018296008, 0.376602296208077, 0.4035947783163792], "tmeasure0_r": [0.37363131321696447, 0.37846098601861594, 0.3760306423859021], "tmeasure1_f": [0.6418378175357382, 0.43053575125394994, 0.5153691493307195], "tmeasure0_f": [0.6360631384478008, 0.4319789586078693, 0.5145225884129401]}