{"orig_r": [0.2904659128863363, 0.44302460427172136, 0.35087991760134446], "orig_f": [0.5442417173537759, 0.4648111915850461, 0.5014001523855431], "tmeasure1_r": [0.25650372365963153, 0.4398883515425283, 0.32405021304241743], "tmeasure0_r": [0.2904659128863363, 0.44302460427172136, 0.35087991760134446], "tmeasure1_f": [0.5467921964680903, 0.46065638008753035, 0.5000420264551216], "tmeasure0_f": [0.5442417173537759, 0.4648111915850461, 0.5014001523855431]}