{"orig_r": [0.27549042534819673, 0.43250992037761127, 0.3365883721709022], "orig_f": [0.44109757948538, 0.444544433018475, 0.4428142988017892], "tmeasure1_r": [0.2192057658241465, 0.4287551392135011, 0.29009651018026567], "tmeasure0_r": [0.27549042534819673, 0.43250992037761127, 0.3365883721709022], "tmeasure1_f": [0.44611491617400956, 0.44085679373028125, 0.4434702694203158], "tmeasure0_f": [0.44109757948538, 0.444544433018475, 0.4428142988017892]}