{"orig_r": [0.4362509434838447, 0.28670547038848526, 0.3460112658494066], "orig_f": [0.6706487322364568, 0.40048778671331065, 0.5014984022742709], "tmeasure1_r": [0.4433655429136566, 0.28443670696622564, 0.3465486264420497], "tmeasure0_r": [0.4362509434838447, 0.28670547038848526, 0.3460112658494066], "tmeasure1_f": [0.6760591784424567, 0.3954742920119528, 0.4990306552707698], "tmeasure0_f": [0.6706487322364568, 0.40048778671331065, 0.5014984022742709]}