{"orig_r": [0.377001122867829, 0.29028470954052527, 0.32800834704720006], "orig_f": [0.6139685895576046, 0.3598271667922045, 0.45373493700163225], "tmeasure1_r": [0.41892303012842175, 0.28848753865488175, 0.3416801477972086], "tmeasure0_r": [0.377001122867829, 0.29028470954052527, 0.32800834704720006], "tmeasure1_f": [0.6192411146001886, 0.35546879438167245, 0.4516644191468633], "tmeasure0_f": [0.6139685895576046, 0.3598271667922045, 0.45373493700163225]}