{"orig_r": [0.302405199386713, 0.3539468204548952, 0.3261522950376099], "orig_f": [0.6979612510017595, 0.3910368333351893, 0.5012470844676856], "tmeasure1_r": [0.4179514434846869, 0.3492180446262898, 0.3805057112004016], "tmeasure0_r": [0.302405199386713, 0.3539468204548952, 0.3261522950376099], "tmeasure1_f": [0.7002164766546365, 0.38115946144047147, 0.4936195188577464], "tmeasure0_f": [0.6979612510017595, 0.3910368333351893, 0.5012470844676856]}