{"orig_r": [0.2322144346457199, 0.3041030425823112, 0.2633407230071294], "orig_f": [0.6741228541266387, 0.3810847913134023, 0.48691452965603577], "tmeasure1_r": [0.43113868213667494, 0.3004266768396996, 0.3541052345961388], "tmeasure0_r": [0.2322144346457199, 0.3041030425823112, 0.2633407230071294], "tmeasure1_f": [0.6766685902220126, 0.37240370221108127, 0.4804128180417115], "tmeasure0_f": [0.6741228541266387, 0.3810847913134023, 0.48691452965603577]}