{"orig_r": [0.24172364590791476, 0.40252938090266654, 0.30205793527596736], "orig_f": [0.6085428509703634, 0.43162496344652057, 0.5050382874093686], "tmeasure1_r": [0.13086010226932915, 0.3987445760203696, 0.1970517185228603], "tmeasure0_r": [0.24172364590791476, 0.40252938090266654, 0.30205793527596736], "tmeasure1_f": [0.6086921128871526, 0.42779468077803084, 0.502457435475594], "tmeasure0_f": [0.6085428509703634, 0.43162496344652057, 0.5050382874093686]}