{"orig_r": [0.17687795571962728, 0.517733171781924, 0.26367439681657223], "orig_f": [0.2950206413610896, 0.5335550012430936, 0.3799526092112033], "tmeasure1_r": [0.1519201896608872, 0.517406331142676, 0.23487629883414798], "tmeasure0_r": [0.17687795571962728, 0.517733171781924, 0.26367439681657223], "tmeasure1_f": [0.2974680257738519, 0.5328640273542421, 0.3817990877885985], "tmeasure0_f": [0.2950206413610896, 0.5335550012430936, 0.3799526092112033]}