{"orig_r": [0.3945390194829836, 0.31418514161367594, 0.3498068910662578], "orig_f": [0.7270416223857634, 0.40471566732887065, 0.5199792182543154], "tmeasure1_r": [0.46343973204080396, 0.30926451943293387, 0.37097108173630416], "tmeasure0_r": [0.3945390194829836, 0.31418514161367594, 0.3498068910662578], "tmeasure1_f": [0.7432609837347536, 0.39798676561443397, 0.5183940736666262], "tmeasure0_f": [0.7270416223857634, 0.40471566732887065, 0.5199792182543154]}