{"orig_r": [0.3331559738996632, 0.3686166986570735, 0.34999041723685054], "orig_f": [0.7164189500269105, 0.4126517235253368, 0.5236722933644357], "tmeasure1_r": [0.5287060680992052, 0.35999015271187146, 0.4283330428051567], "tmeasure0_r": [0.3331559738996632, 0.3686166986570735, 0.34999041723685054], "tmeasure1_f": [0.7316646007914857, 0.40412893522276566, 0.5206700455360629], "tmeasure0_f": [0.7164189500269105, 0.4126517235253368, 0.5236722933644357]}