{"orig_r": [0.011694144413199336, 0.35029599995682187, 0.02263272674448202], "orig_f": [0.26432153024688476, 0.468776644283844, 0.3380386536644185], "tmeasure1_r": [0.0, 0.34958275190598886, 0.0], "tmeasure0_r": [0.011694144413199336, 0.35029599995682187, 0.02263272674448202], "tmeasure1_f": [0.2669559641985545, 0.46598315704117693, 0.3394469728339846], "tmeasure0_f": [0.26432153024688476, 0.468776644283844, 0.3380386536644185]}