{"orig_r": [0.025205553975830023, 0.3753709958361969, 0.04723908027541885], "orig_f": [0.29300451225202245, 0.47399045347997487, 0.3621440761386764], "tmeasure1_r": [0.0, 0.3756836221421816, 0.0], "tmeasure0_r": [0.025205553975830023, 0.3753709958361969, 0.04723908027541885], "tmeasure1_f": [0.29733848968390497, 0.47654865791690826, 0.36619359462213275], "tmeasure0_f": [0.29300451225202245, 0.47399045347997487, 0.3621440761386764]}