{"orig_r": [0.34245725128462756, 0.4597077078113011, 0.39251337577459117], "orig_f": [0.6941826432437133, 0.5399759206150937, 0.6074453037679958], "tmeasure1_r": [0.22989838898025655, 0.4558811532034202, 0.3056560782032103], "tmeasure0_r": [0.34245725128462756, 0.4597077078113011, 0.39251337577459117], "tmeasure1_f": [0.7003818862085929, 0.5354966270518329, 0.606940138029361], "tmeasure0_f": [0.6941826432437133, 0.5399759206150937, 0.6074453037679958]}