{"orig_r": [0.5063851480475746, 0.4616837575272243, 0.4830023907601276], "orig_f": [0.7260208247519765, 0.5500069562487551, 0.6258743107957717], "tmeasure1_r": [0.424116503652948, 0.4578566654626972, 0.44034121429100964], "tmeasure0_r": [0.5063851480475746, 0.4616837575272243, 0.4830023907601276], "tmeasure1_f": [0.7385398433015896, 0.5475153208988152, 0.6288406447218607], "tmeasure0_f": [0.7260208247519765, 0.5500069562487551, 0.6258743107957717]}