{"orig_r": [0.3657169219977174, 0.5328712977209511, 0.4337471748393249], "orig_f": [0.47281236627086937, 0.5381812645514772, 0.5033835019677717], "tmeasure1_r": [0.48524587321025076, 0.5336364980846678, 0.5082920576216399], "tmeasure0_r": [0.3657169219977174, 0.5328712977209511, 0.4337471748393249], "tmeasure1_f": [0.478545535204967, 0.5392119031825524, 0.5070706222618312], "tmeasure0_f": [0.47281236627086937, 0.5381812645514772, 0.5033835019677717]}