{"orig_r": [0.3405307547613824, 0.5055412128314514, 0.406944887343971], "orig_f": [0.49332652544807354, 0.5272055272098674, 0.5097036790918669], "tmeasure1_r": [0.3493107545480183, 0.49418780667415374, 0.409307433524621], "tmeasure0_r": [0.3405307547613824, 0.5055412128314514, 0.406944887343971], "tmeasure1_f": [0.4933800406171969, 0.5156235743380564, 0.5042566275867633], "tmeasure0_f": [0.49332652544807354, 0.5272055272098674, 0.5097036790918669]}