{"orig_r": [0.24074335569119668, 0.31180104227735905, 0.27170315906500553], "orig_f": [0.6043237161254903, 0.41011896843697293, 0.48863207913275336], "tmeasure1_r": [0.1255904489569026, 0.3095830806055418, 0.17869045537675268], "tmeasure0_r": [0.24074335569119668, 0.31180104227735905, 0.27170315906500553], "tmeasure1_f": [0.6053818364767158, 0.40754218175967405, 0.48714144396528924], "tmeasure0_f": [0.6043237161254903, 0.41011896843697293, 0.48863207913275336]}