{"orig_r": [0.42543220720228203, 0.37581616915741095, 0.3990879908508394], "orig_f": [0.6808833291829093, 0.4057121768836695, 0.508455365670677], "tmeasure1_r": [0.17306125962211497, 0.37234075555363866, 0.2362945437376057], "tmeasure0_r": [0.42543220720228203, 0.37581616915741095, 0.3990879908508394], "tmeasure1_f": [0.6825495879014041, 0.4027946223495624, 0.5066177179496327], "tmeasure0_f": [0.6808833291829093, 0.4057121768836695, 0.508455365670677]}