{"orig_r": [0.38904910636773554, 0.40556610865873144, 0.3971359449528384], "orig_f": [0.6498409579423492, 0.4588369873226755, 0.5378858101301411], "tmeasure1_r": [0.41362570092117584, 0.40746336149109286, 0.41052140677969273], "tmeasure0_r": [0.38904910636773554, 0.40556610865873144, 0.3971359449528384], "tmeasure1_f": [0.6535177371103437, 0.460444270213119, 0.5402491208081676], "tmeasure0_f": [0.6498409579423492, 0.4588369873226755, 0.5378858101301411]}