{"orig_r": [0.36764498973374915, 0.43172876699136725, 0.3971181609928333], "orig_f": [0.538837130627705, 0.4160732021204967, 0.46956385887345353], "tmeasure1_r": [0.35941819073142445, 0.432978088366145, 0.39278377562333], "tmeasure0_r": [0.36764498973374915, 0.43172876699136725, 0.3971181609928333], "tmeasure1_f": [0.5421582699080543, 0.417090097757705, 0.4714709003808093], "tmeasure0_f": [0.538837130627705, 0.4160732021204967, 0.46956385887345353]}