{"orig_r": [0.1186461859167701, 0.6114254624122145, 0.19872925966553162], "orig_f": [0.4274603264421591, 0.6255746232870892, 0.5078812108809583], "tmeasure1_r": [0.12428586301909568, 0.6006953882589575, 0.20595827715473322], "tmeasure0_r": [0.1186461859167701, 0.6114254624122145, 0.19872925966553162], "tmeasure1_f": [0.42896351514918973, 0.6147668159236855, 0.5053269537249581], "tmeasure0_f": [0.4274603264421591, 0.6255746232870892, 0.5078812108809583]}