{"orig_r": [0.42926690927914435, 0.385116113635349, 0.40599472032756173], "orig_f": [0.7751544797386979, 0.4602858992561548, 0.5775959452762066], "tmeasure1_r": [0.4263035764758851, 0.3812315183463084, 0.4025097132704746], "tmeasure0_r": [0.42926690927914435, 0.385116113635349, 0.40599472032756173], "tmeasure1_f": [0.7796121886962619, 0.456926158953038, 0.5761652334214299], "tmeasure0_f": [0.7751544797386979, 0.4602858992561548, 0.5775959452762066]}