{"orig_r": [0.4054046505822732, 0.522546949961351, 0.4565819241818423], "orig_f": [0.7081919909047308, 0.5420444391589732, 0.6140782995857381], "tmeasure1_r": [0.4591004922891736, 0.5199648128771852, 0.4876408147756846], "tmeasure0_r": [0.4054046505822732, 0.522546949961351, 0.4565819241818423], "tmeasure1_f": [0.7143738670018552, 0.5395423141445034, 0.6147698469193775], "tmeasure0_f": [0.7081919909047308, 0.5420444391589732, 0.6140782995857381]}