{"orig_r": [0.1764583474424239, 0.4719315470284943, 0.2568709401695643], "orig_f": [0.7424788336824266, 0.5343895578276484, 0.6214782013026429], "tmeasure1_r": [0.06608173026520597, 0.468366704635813, 0.11582214567315287], "tmeasure0_r": [0.1764583474424239, 0.4719315470284943, 0.2568709401695643], "tmeasure1_f": [0.7516553492285727, 0.5316280323721903, 0.6227791305673369], "tmeasure0_f": [0.7424788336824266, 0.5343895578276484, 0.6214782013026429]}