{"orig_r": [0.37355839173925987, 0.5247728924480369, 0.43643880867089224], "orig_f": [0.5226032094613, 0.5633584106659981, 0.5422160563216887], "tmeasure1_r": [0.4398611487796798, 0.5191172533533915, 0.4762140855382678], "tmeasure0_r": [0.37355839173925987, 0.5247728924480369, 0.43643880867089224], "tmeasure1_f": [0.5271410117668457, 0.5580577567603856, 0.5421589833210801], "tmeasure0_f": [0.5226032094613, 0.5633584106659981, 0.5422160563216887]}