{"orig_r": [0.3896543110491124, 0.46341578557428353, 0.4233461221345509], "orig_f": [0.48690922125844316, 0.47128288476018776, 0.47896863472292855], "tmeasure1_r": [0.4277102387691194, 0.46324805251226203, 0.44477039405377533], "tmeasure0_r": [0.3896543110491124, 0.46341578557428353, 0.4233461221345509], "tmeasure1_f": [0.48742883354294636, 0.4711092311232503, 0.4791301075303417], "tmeasure0_f": [0.48690922125844316, 0.47128288476018776, 0.47896863472292855]}