{"orig_r": [0.37065785592716355, 0.37373505338125107, 0.37219009434095535], "orig_f": [0.41801321504583666, 0.39063401754003396, 0.4038601135281607], "tmeasure1_r": [0.2525264076890428, 0.3717494118125199, 0.3007534188989848], "tmeasure0_r": [0.37065785592716355, 0.37373505338125107, 0.37219009434095535], "tmeasure1_f": [0.4279104405960715, 0.38880808872488637, 0.4074232053775279], "tmeasure0_f": [0.41801321504583666, 0.39063401754003396, 0.4038601135281607]}