{"orig_r": [0.25388117558661377, 0.5287263952850311, 0.3430421166233567], "orig_f": [0.41558745559869, 0.5431034282845414, 0.4708649590438565], "tmeasure1_r": [0.2881935642311917, 0.5280119095570586, 0.3728708984650696], "tmeasure0_r": [0.25388117558661377, 0.5287263952850311, 0.3430421166233567], "tmeasure1_f": [0.4195028689657644, 0.5409056962690825, 0.4725311698346177], "tmeasure0_f": [0.41558745559869, 0.5431034282845414, 0.4708649590438565]}