{"orig_r": [0.34236307080930517, 0.6568900096250597, 0.4501259696521126], "orig_f": [0.5402187975496616, 0.6727135927269271, 0.5992296538068099], "tmeasure1_r": [0.33779578886405864, 0.6568480269540009, 0.44615065996512193], "tmeasure0_r": [0.34236307080930517, 0.6568900096250597, 0.4501259696521126], "tmeasure1_f": [0.543701843622142, 0.6709577855535783, 0.6006637188488232], "tmeasure0_f": [0.5402187975496616, 0.6727135927269271, 0.5992296538068099]}