{"orig_r": [0.2917436203393464, 0.4126694411698366, 0.3418269289679648], "orig_f": [0.42913184375976193, 0.4724935946126072, 0.44977002376245157], "tmeasure1_r": [0.4703134630198502, 0.40659402872315287, 0.43613869762221535], "tmeasure0_r": [0.2917436203393464, 0.4126694411698366, 0.3418269289679648], "tmeasure1_f": [0.43263480361150836, 0.46920143378018486, 0.45017678762793567], "tmeasure0_f": [0.42913184375976193, 0.4724935946126072, 0.44977002376245157]}