{"orig_r": [0.28649025550397267, 0.5506947506251934, 0.3769027841068779], "orig_f": [0.4941788670586867, 0.5648766521092482, 0.5271680264441116], "tmeasure1_r": [0.247758604694206, 0.5479215751541138, 0.3412232411467461], "tmeasure0_r": [0.28649025550397267, 0.5506947506251934, 0.3769027841068779], "tmeasure1_f": [0.4942448135445203, 0.5617327379989455, 0.5258321863913483], "tmeasure0_f": [0.4941788670586867, 0.5648766521092482, 0.5271680264441116]}