{"orig_r": [0.25810779649044135, 0.5655099945921973, 0.3544424129198252], "orig_f": [0.3882603955020375, 0.5747706924237318, 0.46345481295743873], "tmeasure1_r": [0.29717466708589974, 0.5611107037932052, 0.38856047709933106], "tmeasure0_r": [0.25810779649044135, 0.5655099945921973, 0.3544424129198252], "tmeasure1_f": [0.38947852580513137, 0.5704535317119122, 0.46290651266752075], "tmeasure0_f": [0.3882603955020375, 0.5747706924237318, 0.46345481295743873]}