{"orig_r": [0.5523991349179648, 0.4910164498148757, 0.5199022634450607], "orig_f": [0.5986338179712272, 0.5520757719133522, 0.5744129188721752], "tmeasure1_r": [0.41583279959002967, 0.4888011808467787, 0.4493741510268787], "tmeasure0_r": [0.5523991349179648, 0.4910164498148757, 0.5199022634450607], "tmeasure1_f": [0.6020357377377428, 0.546068547858555, 0.5726880130835096], "tmeasure0_f": [0.5986338179712272, 0.5520757719133522, 0.5744129188721752]}