{"orig_r": [0.39452415461249124, 0.546868956943908, 0.45836964446320855], "orig_f": [0.6190640729958257, 0.6040053083448442, 0.6114419868563595], "tmeasure1_r": [0.3053728884216565, 0.5507047552419823, 0.3928856290560047], "tmeasure0_r": [0.39452415461249124, 0.546868956943908, 0.45836964446320855], "tmeasure1_f": [0.6305101422383215, 0.605507913382784, 0.6177561547053008], "tmeasure0_f": [0.6190640729958257, 0.6040053083448442, 0.6114419868563595]}