{"orig_r": [0.10830088964893231, 0.5084469178085926, 0.1785665157527794], "orig_f": [0.5927887494507953, 0.5482265785042256, 0.5696374797517515], "tmeasure1_r": [0.1179887020697974, 0.5098899357220654, 0.19163337655784984], "tmeasure0_r": [0.10830088964893231, 0.5084469178085926, 0.1785665157527794], "tmeasure1_f": [0.5958207848541758, 0.5497384963714046, 0.571852767012003], "tmeasure0_f": [0.5927887494507953, 0.5482265785042256, 0.5696374797517515]}