{"orig_r": [0.3044311551969308, 0.5832662973195243, 0.40005619522069724], "orig_f": [0.4718717407458684, 0.5927796750409615, 0.525460207900301], "tmeasure1_r": [0.32131170680680393, 0.5802356753523616, 0.4135922723244092], "tmeasure0_r": [0.3044311551969308, 0.5832662973195243, 0.40005619522069724], "tmeasure1_f": [0.47515209244869305, 0.5922667934074942, 0.5272846675365341], "tmeasure0_f": [0.4718717407458684, 0.5927796750409615, 0.525460207900301]}