{"orig_r": [0.2491168127898915, 0.5224815204198752, 0.3373748374161688], "orig_f": [0.5478444823048915, 0.5407805153482687, 0.5442895801772418], "tmeasure1_r": [0.3308512160671483, 0.5177474983603391, 0.4037182393419225], "tmeasure0_r": [0.2491168127898915, 0.5224815204198752, 0.3373748374161688], "tmeasure1_f": [0.5526865471865675, 0.5365395331491211, 0.5444933560788234], "tmeasure0_f": [0.5478444823048915, 0.5407805153482687, 0.5442895801772418]}