{"orig_r": [0.3641247137160736, 0.4819570310617401, 0.4148357225338558], "orig_f": [0.4370508270611076, 0.5039404687798549, 0.46811824858159373], "tmeasure1_r": [0.3543259432008967, 0.4777778590863947, 0.4068941641558401], "tmeasure0_r": [0.3641247137160736, 0.4819570310617401, 0.4148357225338558], "tmeasure1_f": [0.43837701111628663, 0.4995266157136672, 0.466958392110565], "tmeasure0_f": [0.4370508270611076, 0.5039404687798549, 0.46811824858159373]}