{"orig_r": [0.37466151747547877, 0.514246822436146, 0.4334946275113689], "orig_f": [0.5044350969694762, 0.5075009763580316, 0.5059633922911136], "tmeasure1_r": [0.4710313597363832, 0.5157508319233527, 0.49237778650508296], "tmeasure0_r": [0.37466151747547877, 0.514246822436146, 0.4334946275113689], "tmeasure1_f": [0.5089221061088387, 0.5080970602529665, 0.508509248526116], "tmeasure0_f": [0.5044350969694762, 0.5075009763580316, 0.5059633922911136]}