{"orig_r": [0.38269620879038246, 0.5551261876953707, 0.4530595307328085], "orig_f": [0.6317555732144589, 0.6043808301774983, 0.6177650892909545], "tmeasure1_r": [0.32966895222937326, 0.553768058576534, 0.41329519460019304], "tmeasure0_r": [0.38269620879038246, 0.5551261876953707, 0.4530595307328085], "tmeasure1_f": [0.6351142429157873, 0.602132191581813, 0.6181836056726963], "tmeasure0_f": [0.6317555732144589, 0.6043808301774983, 0.6177650892909545]}