{"orig_r": [0.3675948265808456, 0.6580095482373535, 0.4716846216958207], "orig_f": [0.6350387822196834, 0.6886276963099555, 0.6607484600700767], "tmeasure1_r": [0.07610243020875465, 0.6492927144657176, 0.13623679135557096], "tmeasure0_r": [0.3675948265808456, 0.6580095482373535, 0.4716846216958207], "tmeasure1_f": [0.6420810578201115, 0.6758807888478361, 0.6585475185960313], "tmeasure0_f": [0.6350387822196834, 0.6886276963099555, 0.6607484600700767]}