{"orig_r": [0.412470620618887, 0.466190245288634, 0.4376882760154986], "orig_f": [0.4408804572583615, 0.47501876730642933, 0.4573133936997824], "tmeasure1_r": [0.40711917417106513, 0.4606743563653099, 0.43224420769606203], "tmeasure0_r": [0.412470620618887, 0.466190245288634, 0.4376882760154986], "tmeasure1_f": [0.44215579481785305, 0.4691662524730286, 0.4552607453766824], "tmeasure0_f": [0.4408804572583615, 0.47501876730642933, 0.4573133936997824]}