{"orig_r": [0.18166803221097638, 0.5641981715425111, 0.2748395652875957], "orig_f": [0.3634641079780879, 0.5721498948781151, 0.4445336442951724], "tmeasure1_r": [0.28292713112586143, 0.5588756106727069, 0.37567250694861476], "tmeasure0_r": [0.18166803221097638, 0.5641981715425111, 0.2748395652875957], "tmeasure1_f": [0.36470706822034143, 0.5662661637206096, 0.44366747682391466], "tmeasure0_f": [0.3634641079780879, 0.5721498948781151, 0.4445336442951724]}