{"orig_r": [0.3225682689014289, 0.5722682185398694, 0.4125794403613203], "orig_f": [0.42455746239170244, 0.6078958192237055, 0.4999484451331903], "tmeasure1_r": [0.34365187531561897, 0.5731045455121493, 0.42966364312850874], "tmeasure0_r": [0.3225682689014289, 0.5722682185398694, 0.4125794403613203], "tmeasure1_f": [0.4251478226476104, 0.6086157449382267, 0.5006012339819771], "tmeasure0_f": [0.42455746239170244, 0.6078958192237055, 0.4999484451331903]}