{"orig_r": [0.42564330837855374, 0.5467332517305596, 0.47864862156086224], "orig_f": [0.48514298321656396, 0.5405716478353323, 0.5113596587857545], "tmeasure1_r": [0.4229130154137695, 0.5467332517305596, 0.4769174408257274], "tmeasure0_r": [0.42564330837855374, 0.5467332517305596, 0.47864862156086224], "tmeasure1_f": [0.48561037697858117, 0.5409863317519011, 0.5118048290397758], "tmeasure0_f": [0.48514298321656396, 0.5405716478353323, 0.5113596587857545]}