{"orig_r": [0.2541240870858292, 0.5667410129719478, 0.35090428993864453], "orig_f": [0.4453102150612168, 0.576038830081144, 0.5023081512183555], "tmeasure1_r": [0.28562347092449897, 0.562975999936444, 0.37897539338764735], "tmeasure0_r": [0.2541240870858292, 0.5667410129719478, 0.35090428993864453], "tmeasure1_f": [0.4528231638891801, 0.57045531125064, 0.5048779685561269], "tmeasure0_f": [0.4453102150612168, 0.576038830081144, 0.5023081512183555]}