{"orig_r": [0.6049326892556112, 0.6949393297083507, 0.6468198583504082], "orig_f": [0.4796347810312352, 0.6241259436284398, 0.5424228342613654], "tmeasure1_r": [0.6121081743543176, 0.6923113899882973, 0.6497441047260015], "tmeasure0_r": [0.6049326892556112, 0.6949393297083507, 0.6468198583504082], "tmeasure1_f": [0.4815672486562539, 0.6244797160379114, 0.5437906134070369], "tmeasure0_f": [0.4796347810312352, 0.6241259436284398, 0.5424228342613654]}