{"orig_r": [0.24568314252568815, 0.5376298698750914, 0.3372511214686871], "orig_f": [0.3313901461428793, 0.5618170554865244, 0.41688118005230496], "tmeasure1_r": [0.33326157535895773, 0.5389052441633396, 0.41183958531567794], "tmeasure0_r": [0.24568314252568815, 0.5376298698750914, 0.3372511214686871], "tmeasure1_f": [0.33440561125863016, 0.5635926153726837, 0.419752572901084], "tmeasure0_f": [0.3313901461428793, 0.5618170554865244, 0.41688118005230496]}