{"orig_r": [0.2542736374933845, 0.5310393285560775, 0.34388659696596346], "orig_f": [0.35695562835532096, 0.5402514910590215, 0.42988025014057707], "tmeasure1_r": [0.2704506530188024, 0.5244281543358496, 0.3568643055753139], "tmeasure0_r": [0.2542736374933845, 0.5310393285560775, 0.34388659696596346], "tmeasure1_f": [0.35630004404738264, 0.5331825337896633, 0.427153864523146], "tmeasure0_f": [0.35695562835532096, 0.5402514910590215, 0.42988025014057707]}