{"orig_r": [0.42178762870806186, 0.545685151210592, 0.4758030421686244], "orig_f": [0.5229953538037658, 0.5824115203278181, 0.5511066128886367], "tmeasure1_r": [0.6299840655370147, 0.5440497530230396, 0.5838718950774947], "tmeasure0_r": [0.42178762870806186, 0.545685151210592, 0.4758030421686244], "tmeasure1_f": [0.5272736470337925, 0.5779795641977139, 0.5514634829895048], "tmeasure0_f": [0.5229953538037658, 0.5824115203278181, 0.5511066128886367]}