{"orig_r": [0.46918141844101213, 0.5593254210979942, 0.5103030613943152], "orig_f": [0.6546058814607527, 0.6197864946778419, 0.6367205144390095], "tmeasure1_r": [0.46389091665324594, 0.5603851841833891, 0.5075928190795344], "tmeasure0_r": [0.46918141844101213, 0.5593254210979942, 0.5103030613943152], "tmeasure1_f": [0.6591607923523533, 0.6202289112605728, 0.6391025024382196], "tmeasure0_f": [0.6546058814607527, 0.6197864946778419, 0.6367205144390095]}