{"orig_r": [0.31664167853835284, 0.5058403677489485, 0.38947997427906333], "orig_f": [0.5470174515829326, 0.5664734767948537, 0.5565754866401769], "tmeasure1_r": [0.30629178127608, 0.49170477614994407, 0.37745809890385135], "tmeasure0_r": [0.31664167853835284, 0.5058403677489485, 0.38947997427906333], "tmeasure1_f": [0.5447194310539175, 0.5540611626243589, 0.549350585567736], "tmeasure0_f": [0.5470174515829326, 0.5664734767948537, 0.5565754866401769]}