{"orig_r": [0.27184986497452013, 0.5552204622387524, 0.3649909874031165], "orig_f": [0.4820334461209074, 0.5802160147587008, 0.526587276132069], "tmeasure1_r": [0.2885056846752867, 0.5508080445631923, 0.3786694926712137], "tmeasure0_r": [0.27184986497452013, 0.5552204622387524, 0.3649909874031165], "tmeasure1_f": [0.4889258197352471, 0.5757429362871147, 0.5287946800141533], "tmeasure0_f": [0.4820334461209074, 0.5802160147587008, 0.526587276132069]}