{"orig_r": [0.23336168709814897, 0.6265154363843188, 0.340059516028417], "orig_f": [0.4576489528950115, 0.5969027454385225, 0.5180816016166492], "tmeasure1_r": [0.1950595750023752, 0.6217846512564329, 0.2969600467706607], "tmeasure0_r": [0.23336168709814897, 0.6265154363843188, 0.340059516028417], "tmeasure1_f": [0.4625292751155132, 0.5929803706222821, 0.5196935567366393], "tmeasure0_f": [0.4576489528950115, 0.5969027454385225, 0.5180816016166492]}