{"orig_r": [0.19734545910721465, 0.5523487972244934, 0.2907946167520216], "orig_f": [0.4794538450980315, 0.5570414207518081, 0.5153436968944475], "tmeasure1_r": [0.22042534002288097, 0.5487597162019666, 0.3145161130101806], "tmeasure0_r": [0.19734545910721465, 0.5523487972244934, 0.2907946167520216], "tmeasure1_f": [0.48503151229889957, 0.5541047811208369, 0.5172724341570683], "tmeasure0_f": [0.4794538450980315, 0.5570414207518081, 0.5153436968944475]}