{"orig_r": [0.2794204189451318, 0.5912467750589478, 0.3794938473038533], "orig_f": [0.6317298654508411, 0.6084253577373903, 0.6198586470364492], "tmeasure1_r": [0.3121413307752332, 0.5877235477674438, 0.40773412698397876], "tmeasure0_r": [0.2794204189451318, 0.5912467750589478, 0.3794938473038533], "tmeasure1_f": [0.6418598702652277, 0.6055409854791947, 0.6231717039315362], "tmeasure0_f": [0.6317298654508411, 0.6084253577373903, 0.6198586470364492]}