{"orig_r": [0.24610221437695254, 0.4247836805551676, 0.31164824064872043], "orig_f": [0.661058120594697, 0.47661193335275315, 0.5538832420207647], "tmeasure1_r": [0.37699093766643205, 0.4193405658564855, 0.3970396560337992], "tmeasure0_r": [0.24610221437695254, 0.4247836805551676, 0.31164824064872043], "tmeasure1_f": [0.6646520054755649, 0.4699072193699728, 0.550565838965735], "tmeasure0_f": [0.661058120594697, 0.47661193335275315, 0.5538832420207647]}