{"orig_r": [0.19380707459047772, 0.5626201429570242, 0.2883020639201941], "orig_f": [0.6823382219222341, 0.649372470739493, 0.6654473219915567], "tmeasure1_r": [0.20086279815507296, 0.5466772344957018, 0.29378257808911695], "tmeasure0_r": [0.19380707459047772, 0.5626201429570242, 0.2883020639201941], "tmeasure1_f": [0.6816073994958991, 0.628892817747793, 0.6541898924187833], "tmeasure0_f": [0.6823382219222341, 0.649372470739493, 0.6654473219915567]}