{"orig_r": [0.6213586989286148, 0.6434575860261127, 0.6322150864514582], "orig_f": [0.6768059266692018, 0.6845718470134255, 0.6806667366637661], "tmeasure1_r": [0.5375043800518073, 0.6343309203148805, 0.5819173530014862], "tmeasure0_r": [0.6213586989286148, 0.6434575860261127, 0.6322150864514582], "tmeasure1_f": [0.6779642278904773, 0.6748780445109007, 0.6764176160091462], "tmeasure0_f": [0.6768059266692018, 0.6845718470134255, 0.6806667366637661]}