{"orig_r": [0.06565968670841187, 0.5877784019941796, 0.11812395511114547], "orig_f": [0.6731360772564299, 0.6058402493346439, 0.6377177128338972], "tmeasure1_r": [0.013078685246118214, 0.5768015744265973, 0.025577415476071164], "tmeasure0_r": [0.06565968670841187, 0.5877784019941796, 0.11812395511114547], "tmeasure1_f": [0.6803645310987386, 0.5944844870350081, 0.63453185987333], "tmeasure0_f": [0.6731360772564299, 0.6058402493346439, 0.6377177128338972]}