{"orig_r": [0.1752790870301283, 0.5309693864381452, 0.2635554844848987], "orig_f": [0.7135987565059629, 0.5267695611880203, 0.6061136816648416], "tmeasure1_r": [0.2958744210760364, 0.5289713388277357, 0.37948692046311977], "tmeasure0_r": [0.1752790870301283, 0.5309693864381452, 0.2635554844848987], "tmeasure1_f": [0.7299434301152113, 0.5247442765053245, 0.6105641030903398], "tmeasure0_f": [0.7135987565059629, 0.5267695611880203, 0.6061136816648416]}