{"orig_r": [0.28779130785730705, 0.41737448299591684, 0.34067661785557], "orig_f": [0.6667433776975412, 0.4809089200768841, 0.5587804570404162], "tmeasure1_r": [0.257466352810246, 0.4150259693746599, 0.317788676930203], "tmeasure0_r": [0.28779130785730705, 0.41737448299591684, 0.34067661785557], "tmeasure1_f": [0.6704762111790746, 0.4782835115938451, 0.5583025072445963], "tmeasure0_f": [0.6667433776975412, 0.4809089200768841, 0.5587804570404162]}