{"orig_r": [0.05157060216079163, 0.5555142515810185, 0.09437957243162762], "orig_f": [0.7701348513605417, 0.6020999587494902, 0.6758291785332942], "tmeasure1_r": [0.034587578893514166, 0.5467584457016303, 0.06505953451585113], "tmeasure0_r": [0.05157060216079163, 0.5555142515810185, 0.09437957243162762], "tmeasure1_f": [0.7905907242617923, 0.5901842288105289, 0.6758439177434362], "tmeasure0_f": [0.7701348513605417, 0.6020999587494902, 0.6758291785332942]}