{"orig_r": [0.030887592437374687, 0.5824672952881061, 0.05866428322329186], "orig_f": [0.7867844668414802, 0.5914108603598656, 0.6752495372298103], "tmeasure1_r": [0.0, 0.5747075404062781, 0.0], "tmeasure0_r": [0.030887592437374687, 0.5824672952881061, 0.05866428322329186], "tmeasure1_f": [0.7983991536250665, 0.583693058012877, 0.6743689597122013], "tmeasure0_f": [0.7867844668414802, 0.5914108603598656, 0.6752495372298103]}