{"orig_r": [0.34736072013770586, 0.49189871334104635, 0.40718348697663503], "orig_f": [0.6260840056514996, 0.5183414543402897, 0.5671409897345709], "tmeasure1_r": [0.23398635046999894, 0.48672269130191603, 0.3160400650689026], "tmeasure0_r": [0.34736072013770586, 0.49189871334104635, 0.40718348697663503], "tmeasure1_f": [0.6306817906180434, 0.5136934454212226, 0.5662078167792377], "tmeasure0_f": [0.6260840056514996, 0.5183414543402897, 0.5671409897345709]}