{"orig_r": [0.2944914575478666, 0.43651286733296996, 0.3517060191408309], "orig_f": [0.6030183262401927, 0.48318260856980644, 0.5364899965568556], "tmeasure1_r": [0.30887622220853933, 0.42965357453129976, 0.3593890823239796], "tmeasure0_r": [0.2944914575478666, 0.43651286733296996, 0.3517060191408309], "tmeasure1_f": [0.6066745311344012, 0.47755442769089257, 0.534426065919557], "tmeasure0_f": [0.6030183262401927, 0.48318260856980644, 0.5364899965568556]}