{"orig_r": [0.4294823123612302, 0.5408053284872861, 0.47875766574307277], "orig_f": [0.5267107941062936, 0.5494636782538267, 0.5378467111767604], "tmeasure1_r": [0.4164053537980439, 0.5349272067332432, 0.4682832523919061], "tmeasure0_r": [0.4294823123612302, 0.5408053284872861, 0.47875766574307277], "tmeasure1_f": [0.5292459811642395, 0.5435015654886551, 0.5362790531450473], "tmeasure0_f": [0.5267107941062936, 0.5494636782538267, 0.5378467111767604]}