{"orig_r": [0.29924984041309394, 0.5992665658961406, 0.3991700606691077], "orig_f": [0.5069642765733685, 0.6205066162615168, 0.5580182864518121], "tmeasure1_r": [0.24659978839306443, 0.5986710591120377, 0.34931325723543105], "tmeasure0_r": [0.29924984041309394, 0.5992665658961406, 0.3991700606691077], "tmeasure1_f": [0.5100410411778672, 0.6210073436245215, 0.5600807823560822], "tmeasure0_f": [0.5069642765733685, 0.6205066162615168, 0.5580182864518121]}