{"orig_r": [0.5961386752052749, 0.5320091603077771, 0.5622511980067167], "orig_f": [0.6773892273685093, 0.5441044216375402, 0.603475055446674], "tmeasure1_r": [0.6029063629585918, 0.5259827767150781, 0.5618237464483338], "tmeasure0_r": [0.5961386752052749, 0.5320091603077771, 0.5622511980067167], "tmeasure1_f": [0.6909183246251956, 0.5373397408248545, 0.6045274750126904], "tmeasure0_f": [0.6773892273685093, 0.5441044216375402, 0.603475055446674]}