{"orig_r": [0.25383055222515366, 0.46546820006496464, 0.3285145425028744], "orig_f": [0.49269568263466146, 0.5146076486236847, 0.5034133390801562], "tmeasure1_r": [0.2985461436431796, 0.46562988719120346, 0.3638219509035349], "tmeasure0_r": [0.25383055222515366, 0.46546820006496464, 0.3285145425028744], "tmeasure1_f": [0.49655872991292666, 0.5147683575834707, 0.5054996054220134], "tmeasure0_f": [0.49269568263466146, 0.5146076486236847, 0.5034133390801562]}