{"orig_r": [0.26681042492911083, 0.5426466565464609, 0.35773060322257955], "orig_f": [0.6802314648463657, 0.6124628141391089, 0.6445707759343379], "tmeasure1_r": [0.13648744524642928, 0.5379038470547066, 0.2177285582149539], "tmeasure0_r": [0.26681042492911083, 0.5426466565464609, 0.35773060322257955], "tmeasure1_f": [0.6915063371472505, 0.6081653610624175, 0.6471637441785127], "tmeasure0_f": [0.6802314648463657, 0.6124628141391089, 0.6445707759343379]}