{"orig_r": [0.0706603613957711, 0.4538382581630307, 0.12228201997558093], "orig_f": [0.3464686809239342, 0.4745206007099093, 0.4005083386034253], "tmeasure1_r": [0.06835342018172849, 0.44786839656326155, 0.11860535802007142], "tmeasure0_r": [0.0706603613957711, 0.4538382581630307, 0.12228201997558093], "tmeasure1_f": [0.3486944212956177, 0.470095824961852, 0.4003950764870596], "tmeasure0_f": [0.3464686809239342, 0.4745206007099093, 0.4005083386034253]}