{"orig_r": [0.21879962976228304, 0.6020834519794156, 0.32096077823795555], "orig_f": [0.5261600663718582, 0.6285223662908472, 0.5728040205845782], "tmeasure1_r": [0.18012377758187573, 0.5968632706975797, 0.27673374287509195], "tmeasure0_r": [0.21879962976228304, 0.6020834519794156, 0.32096077823795555], "tmeasure1_f": [0.5307600285973555, 0.6225887984180308, 0.5730187445681408], "tmeasure0_f": [0.5261600663718582, 0.6285223662908472, 0.5728040205845782]}