{"orig_r": [0.40742086400479344, 0.5388607201425143, 0.4640122007162132], "orig_f": [0.513426607590689, 0.5760147145125863, 0.5429228262125367], "tmeasure1_r": [0.5623000411153508, 0.5346248353238812, 0.5481133181330671], "tmeasure0_r": [0.40742086400479344, 0.5388607201425143, 0.4640122007162132], "tmeasure1_f": [0.5166193495407645, 0.5708284474376164, 0.5423727410805517], "tmeasure0_f": [0.513426607590689, 0.5760147145125863, 0.5429228262125367]}