{"orig_r": [0.4144791831947983, 0.6153565090009224, 0.4953265169524383], "orig_f": [0.6476557762592584, 0.6358380250926873, 0.6416924947869502], "tmeasure1_r": [0.3748372963906794, 0.611534841132465, 0.46478617507262715], "tmeasure0_r": [0.4144791831947983, 0.6153565090009224, 0.4953265169524383], "tmeasure1_f": [0.6535808710198497, 0.6310917273640196, 0.6421394546484266], "tmeasure0_f": [0.6476557762592584, 0.6358380250926873, 0.6416924947869502]}