{"orig_r": [0.3886402516324538, 0.30835939360583575, 0.3438764227296896], "orig_f": [0.4886771226990863, 0.32836381931383907, 0.3927927675825847], "tmeasure1_r": [0.40997020450604765, 0.3079567717732391, 0.3517157172647662], "tmeasure0_r": [0.3886402516324538, 0.30835939360583575, 0.3438764227296896], "tmeasure1_f": [0.48927360090681427, 0.32797792702649314, 0.3927088194744862], "tmeasure0_f": [0.4886771226990863, 0.32836381931383907, 0.3927927675825847]}