{"orig_r": [0.47217908802006653, 0.4650784251068795, 0.4686018592523816], "orig_f": [0.580964055209481, 0.4805860069586786, 0.526029257460337], "tmeasure1_r": [0.4403319983655016, 0.45402942970266064, 0.4470758237630184], "tmeasure0_r": [0.47217908802006653, 0.4650784251068795, 0.4686018592523816], "tmeasure1_f": [0.5827117075111377, 0.4701391337329894, 0.5204071966388535], "tmeasure0_f": [0.580964055209481, 0.4805860069586786, 0.526029257460337]}