{"orig_r": [0.496798905649237, 0.5519785839353725, 0.522937151424789], "orig_f": [0.6588598356019298, 0.6078593597217143, 0.6323329105516833], "tmeasure1_r": [0.5275627110477875, 0.5514641306276452, 0.539248701816897], "tmeasure0_r": [0.496798905649237, 0.5519785839353725, 0.522937151424789], "tmeasure1_f": [0.6625682548413893, 0.6063617280259331, 0.6332201734770715], "tmeasure0_f": [0.6588598356019298, 0.6078593597217143, 0.6323329105516833]}