{"orig_r": [0.17417862115438582, 0.5542516468948306, 0.26505979189257545], "orig_f": [0.5615109817475059, 0.5741978627538744, 0.5677835603610214], "tmeasure1_r": [0.0847956994505749, 0.5459065602125537, 0.1467904320894795], "tmeasure0_r": [0.17417862115438582, 0.5542516468948306, 0.26505979189257545], "tmeasure1_f": [0.5614514556100536, 0.5654416000028878, 0.5634394635814334], "tmeasure0_f": [0.5615109817475059, 0.5741978627538744, 0.5677835603610214]}