{"orig_r": [0.12944012124346743, 0.2811155697500899, 0.17726040208488586], "orig_f": [0.6819502731418772, 0.3137710103830012, 0.42979140804786103], "tmeasure1_r": [0.0, 0.2701368014219323, 0.0], "tmeasure0_r": [0.12944012124346743, 0.2811155697500899, 0.17726040208488586], "tmeasure1_f": [0.7182690722308387, 0.302537327439801, 0.42574812533600026], "tmeasure0_f": [0.6819502731418772, 0.3137710103830012, 0.42979140804786103]}