{"orig_r": [0.3552564518136282, 0.4643739001510692, 0.4025517690677967], "orig_f": [0.47952692358543697, 0.48582442259447317, 0.482655132126333], "tmeasure1_r": [0.4629040861423963, 0.4556648899180242, 0.45925596215826114], "tmeasure0_r": [0.3552564518136282, 0.4643739001510692, 0.4025517690677967], "tmeasure1_f": [0.4835562971137607, 0.4791124087617005, 0.4813240959596211], "tmeasure0_f": [0.47952692358543697, 0.48582442259447317, 0.482655132126333]}