{"orig_r": [0.25320294454119996, 0.5333052132085789, 0.34337711311201613], "orig_f": [0.40647263214890517, 0.5179174871406653, 0.4554771407461715], "tmeasure1_r": [0.2506311702117982, 0.5330638552924516, 0.3409551254037794], "tmeasure0_r": [0.25320294454119996, 0.5333052132085789, 0.34337711311201613], "tmeasure1_f": [0.40979637751112186, 0.5173585433808223, 0.45733814743264595], "tmeasure0_f": [0.40647263214890517, 0.5179174871406653, 0.4554771407461715]}