{"orig_r": [0.30644853858730087, 0.5570131028777294, 0.39537564416003335], "orig_f": [0.5247120038329133, 0.5768276931570488, 0.549537008189202], "tmeasure1_r": [0.3402387582702051, 0.5526026607546175, 0.4211651455805395], "tmeasure0_r": [0.30644853858730087, 0.5570131028777294, 0.39537564416003335], "tmeasure1_f": [0.5250446763691309, 0.5707229932467545, 0.5469317586103013], "tmeasure0_f": [0.5247120038329133, 0.5768276931570488, 0.549537008189202]}