{"orig_r": [0.41264281953005627, 0.5018278929240716, 0.4528864048566313], "orig_f": [0.4722428038596458, 0.5184601095883096, 0.49427341439674627], "tmeasure1_r": [0.25633220499534126, 0.5016211033023364, 0.33928644963756727], "tmeasure0_r": [0.41264281953005627, 0.5018278929240716, 0.4528864048566313], "tmeasure1_f": [0.47731547402056396, 0.5181210411714365, 0.496881893706846], "tmeasure0_f": [0.4722428038596458, 0.5184601095883096, 0.49427341439674627]}