{"orig_r": [0.3369809569623108, 0.3537327734952495, 0.3451537250964945], "orig_f": [0.3109351112063992, 0.35869363535262155, 0.33311128284294694], "tmeasure1_r": [0.39960124513839324, 0.3514258728580318, 0.3739684307074106], "tmeasure0_r": [0.3369809569623108, 0.3537327734952495, 0.3451537250964945], "tmeasure1_f": [0.30983603537095317, 0.3565857846741137, 0.3315711534943329], "tmeasure0_f": [0.3109351112063992, 0.35869363535262155, 0.33311128284294694]}