{"orig_r": [0.2084625472709768, 0.39486362932558716, 0.2728682466861275], "orig_f": [0.2638595984964477, 0.3785848258010845, 0.31097861964308576], "tmeasure1_r": [0.289205557185, 0.39038185690877875, 0.33226219350389186], "tmeasure0_r": [0.2084625472709768, 0.39486362932558716, 0.2728682466861275], "tmeasure1_f": [0.2629282312309374, 0.3753954703942997, 0.30925396250076076], "tmeasure0_f": [0.2638595984964477, 0.3785848258010845, 0.31097861964308576]}