{"orig_r": [0.2321363892366428, 0.5355856244918596, 0.3238904467328729], "orig_f": [0.4263424675133711, 0.5436399374470036, 0.47789896225888484], "tmeasure1_r": [0.248100288431638, 0.5308570575074221, 0.33815918103907516], "tmeasure0_r": [0.2321363892366428, 0.5355856244918596, 0.3238904467328729], "tmeasure1_f": [0.42951159910928216, 0.5396136278073504, 0.47830828409677495], "tmeasure0_f": [0.4263424675133711, 0.5436399374470036, 0.47789896225888484]}