{"orig_r": [0.2922220995000759, 0.5655808985136872, 0.3853454417471207], "orig_f": [0.5656012693088039, 0.6116212539038814, 0.5877117549538742], "tmeasure1_r": [0.3223894808945412, 0.5626335557974703, 0.40990377078855444], "tmeasure0_r": [0.2922220995000759, 0.5655808985136872, 0.3853454417471207], "tmeasure1_f": [0.572147337752058, 0.6110784162516619, 0.5909724122097381], "tmeasure0_f": [0.5656012693088039, 0.6116212539038814, 0.5877117549538742]}