{"orig_r": [0.4645703261600844, 0.48568311411455944, 0.474892177542516], "orig_f": [0.5407185799465891, 0.5151851628314666, 0.5276431522496017], "tmeasure1_r": [0.4672788438032998, 0.48078717959568545, 0.47393677624153074], "tmeasure0_r": [0.4645703261600844, 0.48568311411455944, 0.474892177542516], "tmeasure1_f": [0.5424013575078136, 0.5099571797496483, 0.5256791421826879], "tmeasure0_f": [0.5407185799465891, 0.5151851628314666, 0.5276431522496017]}