{"orig_r": [0.2753373798756125, 0.4628456040578259, 0.3452767096558217], "orig_f": [0.6440482841152957, 0.4969626640553843, 0.5610252058797222], "tmeasure1_r": [0.2620508863785091, 0.4585149061468614, 0.3334996993194439], "tmeasure0_r": [0.2753373798756125, 0.4628456040578259, 0.3452767096558217], "tmeasure1_f": [0.648546833627559, 0.49277922256038326, 0.5600334851487169], "tmeasure0_f": [0.6440482841152957, 0.4969626640553843, 0.5610252058797222]}