{"orig_r": [0.328325139337013, 0.48995907468872435, 0.39317850377485025], "orig_f": [0.5367039213270994, 0.5183849022412887, 0.5273853794578297], "tmeasure1_r": [0.4132577912613079, 0.48541301211478755, 0.4464386925277772], "tmeasure0_r": [0.328325139337013, 0.48995907468872435, 0.39317850377485025], "tmeasure1_f": [0.5403357867256934, 0.513140305084695, 0.5263870202732717], "tmeasure0_f": [0.5367039213270994, 0.5183849022412887, 0.5273853794578297]}