{"orig_r": [0.41081995231185314, 0.5352125526599347, 0.46483814077195285], "orig_f": [0.5987283778054838, 0.5723953650675673, 0.5852658192199791], "tmeasure1_r": [0.47556275070604787, 0.5325214378382028, 0.5024329568227504], "tmeasure0_r": [0.41081995231185314, 0.5352125526599347, 0.46483814077195285], "tmeasure1_f": [0.6041519325680743, 0.566264323450793, 0.5845948970682014], "tmeasure0_f": [0.5987283778054838, 0.5723953650675673, 0.5852658192199791]}