{"orig_r": [0.37205835128615866, 0.473099029894529, 0.4165388576781721], "orig_f": [0.6686378304370153, 0.48825579268710184, 0.5643842915116215], "tmeasure1_r": [0.44753168643595015, 0.46972527371172224, 0.4583599864359749], "tmeasure0_r": [0.37205835128615866, 0.473099029894529, 0.4165388576781721], "tmeasure1_f": [0.6869164684478991, 0.48561210474813, 0.5689839201442949], "tmeasure0_f": [0.6686378304370153, 0.48825579268710184, 0.5643842915116215]}