{"orig_r": [0.2803699632292455, 0.4701532302401369, 0.35126654318356026], "orig_f": [0.5045585337733723, 0.4782459182657933, 0.4910499923003454], "tmeasure1_r": [0.3497938129733802, 0.46376028123477187, 0.3987945687535635], "tmeasure0_r": [0.2803699632292455, 0.4701532302401369, 0.35126654318356026], "tmeasure1_f": [0.5079501394180793, 0.4706172149411352, 0.48857154058328994], "tmeasure0_f": [0.5045585337733723, 0.4782459182657933, 0.4910499923003454]}