{"orig_r": [0.29734347001547007, 0.5430790429189413, 0.38428529609558604], "orig_f": [0.4879981036070526, 0.5622778296852631, 0.5225112865845866], "tmeasure1_r": [0.3337920757242471, 0.5351630313857871, 0.41114478213089617], "tmeasure0_r": [0.29734347001547007, 0.5430790429189413, 0.38428529609558604], "tmeasure1_f": [0.4906883240202217, 0.5538181032190738, 0.5203454374117841], "tmeasure0_f": [0.4879981036070526, 0.5622778296852631, 0.5225112865845866]}