{"orig_r": [0.42244799812194606, 0.613310398976786, 0.500293796315547], "orig_f": [0.6284405204772529, 0.6500522065933831, 0.6390637011834357], "tmeasure1_r": [0.5109488968080474, 0.6098901946033389, 0.5560525582922324], "tmeasure0_r": [0.42244799812194606, 0.613310398976786, 0.500293796315547], "tmeasure1_f": [0.6321881153739873, 0.6462171018260131, 0.639125632826504], "tmeasure0_f": [0.6284405204772529, 0.6500522065933831, 0.6390637011834357]}