{"orig_r": [0.16783555852990154, 0.5096575392027259, 0.2525152153943346], "orig_f": [0.7087972382197195, 0.6027115218447967, 0.651463833311767], "tmeasure1_r": [0.18154734009489576, 0.4987580986991764, 0.26619868372691885], "tmeasure0_r": [0.16783555852990154, 0.5096575392027259, 0.2525152153943346], "tmeasure1_f": [0.7177951567788325, 0.5940554360199356, 0.6500894494753745], "tmeasure0_f": [0.7087972382197195, 0.6027115218447967, 0.651463833311767]}