{"orig_r": [0.3956575289621993, 0.6409017152979807, 0.48926791283101057], "orig_f": [0.6629953034003878, 0.69176294402032, 0.6770736901954028], "tmeasure1_r": [0.5099789926615628, 0.6314613574231599, 0.5642555512243167], "tmeasure0_r": [0.3956575289621993, 0.6409017152979807, 0.48926791283101057], "tmeasure1_f": [0.663332794049647, 0.6794207964702156, 0.6712804172559135], "tmeasure0_f": [0.6629953034003878, 0.69176294402032, 0.6770736901954028]}