{"orig_r": [0.22435343451740536, 0.5225063905852694, 0.3139172823199651], "orig_f": [0.6209266157822979, 0.5476228759720976, 0.5819755543118947], "tmeasure1_r": [0.2188848054928267, 0.5153652326366395, 0.3072675869130723], "tmeasure0_r": [0.22435343451740536, 0.5225063905852694, 0.3139172823199651], "tmeasure1_f": [0.6316577822311816, 0.5411128125851885, 0.5828899882810502], "tmeasure0_f": [0.6209266157822979, 0.5476228759720976, 0.5819755543118947]}