{"orig_r": [0.2594677967763097, 0.5819639650500104, 0.3589142094826213], "orig_f": [0.761479629072684, 0.6172931215120682, 0.6818471528375841], "tmeasure1_r": [0.4168142775272205, 0.5753052822282271, 0.4834003184629492], "tmeasure0_r": [0.2594677967763097, 0.5819639650500104, 0.3589142094826213], "tmeasure1_f": [0.7682519641281962, 0.6105315791684705, 0.6803708778493087], "tmeasure0_f": [0.761479629072684, 0.6172931215120682, 0.6818471528375841]}