{"orig_r": [0.5164340499974162, 0.4988705047311201, 0.5075003632805164], "orig_f": [0.6179264213791489, 0.5107041421091437, 0.5592221106287363], "tmeasure1_r": [0.4929597407784562, 0.4945110325453633, 0.4937341681417211], "tmeasure0_r": [0.5164340499974162, 0.4988705047311201, 0.5075003632805164], "tmeasure1_f": [0.6357782215402188, 0.5062195392122706, 0.5636497187826642], "tmeasure0_f": [0.6179264213791489, 0.5107041421091437, 0.5592221106287363]}