{"orig_r": [0.29276953237715264, 0.5389093397057193, 0.37941624027116577], "orig_f": [0.6247873467041136, 0.5754967116589549, 0.5991299492966825], "tmeasure1_r": [0.3129495636558089, 0.5212637091812147, 0.3910972305273772], "tmeasure0_r": [0.29276953237715264, 0.5389093397057193, 0.37941624027116577], "tmeasure1_f": [0.6242660249768643, 0.5590897202614374, 0.5898829978684887], "tmeasure0_f": [0.6247873467041136, 0.5754967116589549, 0.5991299492966825]}