{"orig_r": [0.23828471313382038, 0.5701119607910867, 0.3360948143729822], "orig_f": [0.6588266898976773, 0.5856382893206591, 0.6200803430769345], "tmeasure1_r": [0.30089157788158194, 0.5645103694736047, 0.39254918785551013], "tmeasure0_r": [0.23828471313382038, 0.5701119607910867, 0.3360948143729822], "tmeasure1_f": [0.6641328358136461, 0.5797456479180333, 0.6190767446146751], "tmeasure0_f": [0.6588266898976773, 0.5856382893206591, 0.6200803430769345]}