{"orig_r": [0.26150426312191355, 0.516071617054979, 0.34711706311002194], "orig_f": [0.6320971996505472, 0.5143021510848738, 0.5671478255225025], "tmeasure1_r": [0.24145652023660502, 0.5142607785838098, 0.3286192291345748], "tmeasure0_r": [0.26150426312191355, 0.516071617054979, 0.34711706311002194], "tmeasure1_f": [0.6396406812450087, 0.5125920566845203, 0.5691119884818263], "tmeasure0_f": [0.6320971996505472, 0.5143021510848738, 0.5671478255225025]}