{"orig_r": [0.39330586615634144, 0.5450878352923286, 0.45692174374139566], "orig_f": [0.6668743765822925, 0.6015844438073193, 0.6325491131078058], "tmeasure1_r": [0.36685997079128296, 0.5343108830322932, 0.4350279952153587], "tmeasure0_r": [0.39330586615634144, 0.5450878352923286, 0.45692174374139566], "tmeasure1_f": [0.6751100215225248, 0.5906050186313498, 0.6300365472326984], "tmeasure0_f": [0.6668743765822925, 0.6015844438073193, 0.6325491131078058]}