{"orig_r": [0.4030158865640053, 0.463384488644139, 0.4310970213189502], "orig_f": [0.6380294049498909, 0.47268260971572446, 0.5430487835280665], "tmeasure1_r": [0.5565077440967964, 0.4572956374675017, 0.5020471784177126], "tmeasure0_r": [0.4030158865640053, 0.463384488644139, 0.4310970213189502], "tmeasure1_f": [0.6434069993812976, 0.46697044345514166, 0.541171029295637], "tmeasure0_f": [0.6380294049498909, 0.47268260971572446, 0.5430487835280665]}