{"orig_r": [0.5921349516876727, 0.5607033561359865, 0.5759906700593154], "orig_f": [0.6927837421202447, 0.6065190405384949, 0.6467877021114646], "tmeasure1_r": [0.5291536188881191, 0.5513323260282097, 0.5400153456885982], "tmeasure0_r": [0.5921349516876727, 0.5607033561359865, 0.5759906700593154], "tmeasure1_f": [0.6963501709113297, 0.5949233934404909, 0.6416533539264195], "tmeasure0_f": [0.6927837421202447, 0.6065190405384949, 0.6467877021114646]}