{"orig_r": [0.3238808559994707, 0.6405425565615136, 0.4302248759646613], "orig_f": [0.49852536491220867, 0.6410478496409324, 0.5608742099010258], "tmeasure1_r": [0.4017914383332649, 0.6392477990679011, 0.49343825556479115], "tmeasure0_r": [0.3238808559994707, 0.6405425565615136, 0.4302248759646613], "tmeasure1_f": [0.49967960187401084, 0.6397908955597036, 0.5611210833380732], "tmeasure0_f": [0.49852536491220867, 0.6410478496409324, 0.5608742099010258]}