{"orig_r": [0.3849449112632838, 0.5728021007324248, 0.46044989141423454], "orig_f": [0.6757110864166774, 0.6281949728654852, 0.6510872536785657], "tmeasure1_r": [0.31781966247819604, 0.559703951807796, 0.4054248071626072], "tmeasure0_r": [0.3849449112632838, 0.5728021007324248, 0.46044989141423454], "tmeasure1_f": [0.6800858217077046, 0.6152176541439567, 0.6460274547977738], "tmeasure0_f": [0.6757110864166774, 0.6281949728654852, 0.6510872536785657]}