{"orig_r": [0.6169943146913565, 0.3991489488304652, 0.48472029680121864], "orig_f": [0.658928822870703, 0.49493537923749986, 0.5652782818674331], "tmeasure1_r": [0.6831590156327794, 0.39253483264002553, 0.49858741927085765], "tmeasure0_r": [0.6169943146913565, 0.3991489488304652, 0.48472029680121864], "tmeasure1_f": [0.6662756778293838, 0.4877379438280779, 0.5631960022454927], "tmeasure0_f": [0.658928822870703, 0.49493537923749986, 0.5652782818674331]}