{"orig_r": [0.36650599162916314, 0.48293594672720114, 0.4167416513272403], "orig_f": [0.5163352391925562, 0.5663676500104774, 0.5401954293376728], "tmeasure1_r": [0.3778343548072766, 0.48064559674657825, 0.42308365759502375], "tmeasure0_r": [0.36650599162916314, 0.48293594672720114, 0.4167416513272403], "tmeasure1_f": [0.5229576817299261, 0.5641969167560749, 0.5427951315053529], "tmeasure0_f": [0.5163352391925562, 0.5663676500104774, 0.5401954293376728]}