{"orig_r": [0.29988899342561715, 0.5303204675541104, 0.38312565366365603], "orig_f": [0.6494345360772229, 0.5866985886419678, 0.6164745820858311], "tmeasure1_r": [0.34690317904435136, 0.5249721009723493, 0.4177535363393071], "tmeasure0_r": [0.29988899342561715, 0.5303204675541104, 0.38312565366365603], "tmeasure1_f": [0.6510386703307043, 0.5806980441552575, 0.6138598908099498], "tmeasure0_f": [0.6494345360772229, 0.5866985886419678, 0.6164745820858311]}