{"orig_r": [0.5546333576712889, 0.5258165784511277, 0.5398406805820476], "orig_f": [0.59310806192203, 0.5409263150924775, 0.5658166364087575], "tmeasure1_r": [0.6800300403477079, 0.5155986105310969, 0.586507430488507], "tmeasure0_r": [0.5546333576712889, 0.5258165784511277, 0.5398406805820476], "tmeasure1_f": [0.6042850611832283, 0.53019968575593, 0.5648233709809991], "tmeasure0_f": [0.59310806192203, 0.5409263150924775, 0.5658166364087575]}