{"orig_r": [0.3578765274699016, 0.5975721533131474, 0.4476578416857551], "orig_f": [0.44163694859716857, 0.6156558998629914, 0.5143256069448026], "tmeasure1_r": [0.4319370194868137, 0.5970636814031945, 0.5012511784803675], "tmeasure0_r": [0.3578765274699016, 0.5975721533131474, 0.4476578416857551], "tmeasure1_f": [0.4450952940617695, 0.6152235613822983, 0.5165108788950098], "tmeasure0_f": [0.44163694859716857, 0.6156558998629914, 0.5143256069448026]}