{"orig_r": [0.3527920579209107, 0.5784025504561505, 0.43826676882884613], "orig_f": [0.3771925968935971, 0.6139794299863887, 0.46730232362350127], "tmeasure1_r": [0.42706482461904666, 0.578799191555618, 0.4914874600473296], "tmeasure0_r": [0.3527920579209107, 0.5784025504561505, 0.43826676882884613], "tmeasure1_f": [0.38002621888235255, 0.614215069746293, 0.4695396041300936], "tmeasure0_f": [0.3771925968935971, 0.6139794299863887, 0.46730232362350127]}