{"orig_r": [0.4013131105123211, 0.5809365915851039, 0.47470102578116147], "orig_f": [0.5632580563294196, 0.6096624720072323, 0.5855423120384179], "tmeasure1_r": [0.38791716237262197, 0.5801181458476146, 0.4649371424102548], "tmeasure0_r": [0.4013131105123211, 0.5809365915851039, 0.47470102578116147], "tmeasure1_f": [0.5675935725055846, 0.6087694000273827, 0.5874608546197505], "tmeasure0_f": [0.5632580563294196, 0.6096624720072323, 0.5855423120384179]}