{"orig_r": [0.28065247515038094, 0.5398030555266847, 0.3692998778429404], "orig_f": [0.498094835518668, 0.5702472000971347, 0.5317345491767372], "tmeasure1_r": [0.2859563380480553, 0.5440968318806064, 0.3748866776847524], "tmeasure0_r": [0.28065247515038094, 0.5398030555266847, 0.3692998778429404], "tmeasure1_f": [0.5001062726056098, 0.5639714249357718, 0.5301222792891674], "tmeasure0_f": [0.498094835518668, 0.5702472000971347, 0.5317345491767372]}