{"orig_r": [0.450754173454368, 0.44827148184882315, 0.4495093996306198], "orig_f": [0.6020292086238169, 0.49903122605920297, 0.5457127776814268], "tmeasure1_r": [0.372310265447913, 0.43869944530267313, 0.40278754931633814], "tmeasure0_r": [0.450754173454368, 0.44827148184882315, 0.4495093996306198], "tmeasure1_f": [0.6063841485176805, 0.4890596151615896, 0.5414390188650029], "tmeasure0_f": [0.6020292086238169, 0.49903122605920297, 0.5457127776814268]}