{"orig_r": [0.18623277367088337, 0.5493559762278195, 0.2781665358521903], "orig_f": [0.5798236738906551, 0.5724854728068851, 0.576131207572624], "tmeasure1_r": [0.1743921408896743, 0.5444233164891694, 0.26416557055968887], "tmeasure0_r": [0.18623277367088337, 0.5493559762278195, 0.2781665358521903], "tmeasure1_f": [0.5829821576466943, 0.5677447682078709, 0.5752625797239379], "tmeasure0_f": [0.5798236738906551, 0.5724854728068851, 0.576131207572624]}