{"orig_r": [0.2206039741714691, 0.6227327872250642, 0.3257947097698752], "orig_f": [0.5954017637931562, 0.6809854315243635, 0.6353243412884374], "tmeasure1_r": [0.2787008443171548, 0.6154479803314309, 0.38366291387581886], "tmeasure0_r": [0.2206039741714691, 0.6227327872250642, 0.3257947097698752], "tmeasure1_f": [0.5962801488819635, 0.675215016215296, 0.6332974303766181], "tmeasure0_f": [0.5954017637931562, 0.6809854315243635, 0.6353243412884374]}