{"orig_r": [0.18311811912126347, 0.5585276392596669, 0.27580965608634306], "orig_f": [0.6889613271472943, 0.6216390819150996, 0.6535711173617729], "tmeasure1_r": [0.07437405209494628, 0.5419516819874892, 0.13079818154628628], "tmeasure0_r": [0.18311811912126347, 0.5585276392596669, 0.27580965608634306], "tmeasure1_f": [0.6948747333726845, 0.6032048595701056, 0.6458029511312993], "tmeasure0_f": [0.6889613271472943, 0.6216390819150996, 0.6535711173617729]}