{"orig_r": [0.29623013625603695, 0.521747080187305, 0.3779010112949286], "orig_f": [0.6125478528901677, 0.546885026852308, 0.5778570796622037], "tmeasure1_r": [0.33221661809765246, 0.5170060101791679, 0.40450638623796975], "tmeasure0_r": [0.29623013625603695, 0.521747080187305, 0.3779010112949286], "tmeasure1_f": [0.6158871380276425, 0.5401926309276389, 0.5755618295202868], "tmeasure0_f": [0.6125478528901677, 0.546885026852308, 0.5778570796622037]}