{"orig_r": [0.39907002878295583, 0.616554586517981, 0.48452637496401807], "orig_f": [0.7122133648715949, 0.6774040444286508, 0.6943727253720892], "tmeasure1_r": [0.35883969744469607, 0.6098424637829775, 0.45182144144260294], "tmeasure0_r": [0.39907002878295583, 0.616554586517981, 0.48452637496401807], "tmeasure1_f": [0.727042389480753, 0.6710776375923428, 0.6979399189118796], "tmeasure0_f": [0.7122133648715949, 0.6774040444286508, 0.6943727253720892]}