{"orig_r": [0.26020632022362655, 0.4455970048496824, 0.3285537282572659], "orig_f": [0.4759657958957638, 0.4881757891210721, 0.48199347817156174], "tmeasure1_r": [0.25284834443446835, 0.44265374523699513, 0.3218517048417818], "tmeasure0_r": [0.26020632022362655, 0.4455970048496824, 0.3285537282572659], "tmeasure1_f": [0.477433192256973, 0.4833850024634535, 0.4803906630482234], "tmeasure0_f": [0.4759657958957638, 0.4881757891210721, 0.48199347817156174]}