{"orig_r": [0.1807098876892012, 0.4649126907174233, 0.26025830859935073], "orig_f": [0.3945312338189069, 0.4648212343161046, 0.4268015788165478], "tmeasure1_r": [0.17023700849751064, 0.4618456536173398, 0.24877512759591394], "tmeasure0_r": [0.1807098876892012, 0.4649126907174233, 0.26025830859935073], "tmeasure1_f": [0.39635852898590035, 0.46164105599821753, 0.42651622000105777], "tmeasure0_f": [0.3945312338189069, 0.4648212343161046, 0.4268015788165478]}