{"orig_r": [0.18817539460134497, 0.32452472287772366, 0.2382194413595035], "orig_f": [0.6743001869845797, 0.36077609006002104, 0.470054990887508], "tmeasure1_r": [0.17604436566054515, 0.32209079807814844, 0.22765817135732522], "tmeasure0_r": [0.18817539460134497, 0.32452472287772366, 0.2382194413595035], "tmeasure1_f": [0.6811675417872924, 0.35821124822702677, 0.4695148250850874], "tmeasure0_f": [0.6743001869845797, 0.36077609006002104, 0.470054990887508]}