{"orig_r": [0.17552128588882798, 0.29287791784433037, 0.2194978485820184], "orig_f": [0.7054134464636089, 0.35068773455104835, 0.46847754345752773], "tmeasure1_r": [0.1546975494960312, 0.2920016863969319, 0.2022476946664755], "tmeasure0_r": [0.17552128588882798, 0.29287791784433037, 0.2194978485820184], "tmeasure1_f": [0.7152637234149258, 0.3485723995061731, 0.46872105012916865], "tmeasure0_f": [0.7054134464636089, 0.35068773455104835, 0.46847754345752773]}