{"orig_r": [0.5113821853631687, 0.6205095474329007, 0.5606853009184722], "orig_f": [0.6891027688389922, 0.6688988027014612, 0.6788504913021491], "tmeasure1_r": [0.38937390206294753, 0.6155366569937394, 0.47700545652822507], "tmeasure0_r": [0.5113821853631687, 0.6205095474329007, 0.5606853009184722], "tmeasure1_f": [0.6923661086549172, 0.6654217409290923, 0.6786265785521756], "tmeasure0_f": [0.6891027688389922, 0.6688988027014612, 0.6788504913021491]}