{"orig_r": [0.28992513025168754, 0.43799746350956786, 0.3489010308136398], "orig_f": [0.541028260122631, 0.4728417873508486, 0.5046421287643303], "tmeasure1_r": [0.33023213688879327, 0.4249792925232612, 0.37166233040912194], "tmeasure0_r": [0.28992513025168754, 0.43799746350956786, 0.3489010308136398], "tmeasure1_f": [0.5418950239993232, 0.46037843995827, 0.4978217916393189], "tmeasure0_f": [0.541028260122631, 0.4728417873508486, 0.5046421287643303]}