{"orig_r": [0.38639081553576626, 0.5308746073600278, 0.44725347181951736], "orig_f": [0.4800234471306224, 0.5482956085430939, 0.5118931650780367], "tmeasure1_r": [0.3169192011330197, 0.5240059821635478, 0.39496392914571143], "tmeasure0_r": [0.38639081553576626, 0.5308746073600278, 0.44725347181951736], "tmeasure1_f": [0.48207438994356844, 0.5419315579600714, 0.5102535307135795], "tmeasure0_f": [0.4800234471306224, 0.5482956085430939, 0.5118931650780367]}