{"orig_r": [0.23770463077202356, 0.6167006981894008, 0.3431453592129437], "orig_f": [0.6628504235161939, 0.6556466224743883, 0.6592288434861077], "tmeasure1_r": [0.32621292333252516, 0.6103508299092532, 0.4251805128993298], "tmeasure0_r": [0.23770463077202356, 0.6167006981894008, 0.3431453592129437], "tmeasure1_f": [0.6722001208488868, 0.6496789299968142, 0.6607476757838571], "tmeasure0_f": [0.6628504235161939, 0.6556466224743883, 0.6592288434861077]}