{"orig_r": [0.48148398750438876, 0.5142196193809301, 0.49731368065845627], "orig_f": [0.676964741290043, 0.5834697573443544, 0.6267496704654316], "tmeasure1_r": [0.14237546144995106, 0.5010812797811309, 0.22174506493249996], "tmeasure0_r": [0.48148398750438876, 0.5142196193809301, 0.49731368065845627], "tmeasure1_f": [0.689760350616536, 0.5699666904627364, 0.6241676354212422], "tmeasure0_f": [0.676964741290043, 0.5834697573443544, 0.6267496704654316]}