{"orig_r": [0.293729767252194, 0.6022652604014086, 0.39487548323801563], "orig_f": [0.5200084730937811, 0.5881808654530138, 0.5519977915475769], "tmeasure1_r": [0.3097980907017448, 0.5981133264243222, 0.4081771922993576], "tmeasure0_r": [0.293729767252194, 0.6022652604014086, 0.39487548323801563], "tmeasure1_f": [0.5296913704359054, 0.583478906183095, 0.5552856520303021], "tmeasure0_f": [0.5200084730937811, 0.5881808654530138, 0.5519977915475769]}