{"orig_r": [0.4141058666989564, 0.5339377743097985, 0.46644849504734776], "orig_f": [0.5835221690034934, 0.6119825803490684, 0.5974136077184757], "tmeasure1_r": [0.42082066759998216, 0.5326591628200383, 0.47018086245711843], "tmeasure0_r": [0.4141058666989564, 0.5339377743097985, 0.46644849504734776], "tmeasure1_f": [0.5830022134836248, 0.6017038378918411, 0.5922054149132713], "tmeasure0_f": [0.5835221690034934, 0.6119825803490684, 0.5974136077184757]}