{"orig_r": [0.5370119125239267, 0.4755532260038701, 0.5044174200477886], "orig_f": [0.6456256015976386, 0.5779791979164262, 0.6099325002875229], "tmeasure1_r": [0.490662358419918, 0.4707045007869311, 0.4804762682698067], "tmeasure0_r": [0.5370119125239267, 0.4755532260038701, 0.5044174200477886], "tmeasure1_f": [0.6512738609428923, 0.5744135696107232, 0.6104338413414123], "tmeasure0_f": [0.6456256015976386, 0.5779791979164262, 0.6099325002875229]}