{"orig_r": [0.361171625209254, 0.5948553826253663, 0.44945358979741595], "orig_f": [0.5412490046554616, 0.5915053098732376, 0.5652623099484984], "tmeasure1_r": [0.32413958680808136, 0.5922722266203703, 0.4189794849902768], "tmeasure0_r": [0.361171625209254, 0.5948553826253663, 0.44945358979741595], "tmeasure1_f": [0.544948104914654, 0.591092852061265, 0.567083303786577], "tmeasure0_f": [0.5412490046554616, 0.5915053098732376, 0.5652623099484984]}