{"orig_r": [0.2825131881768013, 0.5389875858657281, 0.3707144438131988], "orig_f": [0.43067939662407917, 0.5289294405893772, 0.47477472798444614], "tmeasure1_r": [0.22701061455860339, 0.537320425723048, 0.3191743724377112], "tmeasure0_r": [0.2825131881768013, 0.5389875858657281, 0.3707144438131988], "tmeasure1_f": [0.4335382786355706, 0.5277515835155971, 0.4760281410906392], "tmeasure0_f": [0.43067939662407917, 0.5289294405893772, 0.47477472798444614]}