{"orig_r": [0.33882785468251736, 0.5415995113986212, 0.41686346339076097], "orig_f": [0.7360312909801847, 0.6580803295132887, 0.69487651832194], "tmeasure1_r": [0.4305214100345928, 0.5362166651003424, 0.477591109072278], "tmeasure0_r": [0.33882785468251736, 0.5415995113986212, 0.41686346339076097], "tmeasure1_f": [0.7416399199887576, 0.6533258527363236, 0.6946873430498787], "tmeasure0_f": [0.7360312909801847, 0.6580803295132887, 0.69487651832194]}