{"orig_r": [0.4661889158798066, 0.5866907915243125, 0.5195441457062976], "orig_f": [0.6140925556866453, 0.6191570583892387, 0.6166144080127439], "tmeasure1_r": [0.4110363310267718, 0.5812530822012125, 0.48154526516367585], "tmeasure0_r": [0.4661889158798066, 0.5866907915243125, 0.5195441457062976], "tmeasure1_f": [0.6221641442572944, 0.613865432369167, 0.6179869295061663], "tmeasure0_f": [0.6140925556866453, 0.6191570583892387, 0.6166144080127439]}