{"orig_r": [0.2982756036821905, 0.5160921281016556, 0.3780544956710213], "orig_f": [0.4610240015444862, 0.6555646496452564, 0.5413471428865649], "tmeasure1_r": [0.3542236376545008, 0.5185779672138284, 0.4209262974067758], "tmeasure0_r": [0.2982756036821905, 0.5160921281016556, 0.3780544956710213], "tmeasure1_f": [0.46347794447432733, 0.6534636708137881, 0.5423130355104526], "tmeasure0_f": [0.4610240015444862, 0.6555646496452564, 0.5413471428865649]}