{"orig_r": [0.2162605679326514, 0.5149704499207818, 0.3046036047412958], "orig_f": [0.5407348434657898, 0.47774341094451817, 0.5072911619177758], "tmeasure1_r": [0.32954006554319365, 0.5121395221103493, 0.4010326355995096], "tmeasure0_r": [0.2162605679326514, 0.5149704499207818, 0.3046036047412958], "tmeasure1_f": [0.5431419608532271, 0.4756046711403096, 0.5071346408647383], "tmeasure0_f": [0.5407348434657898, 0.47774341094451817, 0.5072911619177758]}