{"orig_r": [0.10229163546881032, 0.48503228647827507, 0.16895189855219042], "orig_f": [0.797420956384927, 0.5389068194414892, 0.6431589601520226], "tmeasure1_r": [0.15324072068747605, 0.4808938562926932, 0.23241918604535064], "tmeasure0_r": [0.10229163546881032, 0.48503228647827507, 0.16895189855219042], "tmeasure1_f": [0.8027752806163629, 0.5344477516242655, 0.6416901794849574], "tmeasure0_f": [0.797420956384927, 0.5389068194414892, 0.6431589601520226]}