{"orig_r": [0.1743814138119506, 0.5269898597190288, 0.2620501873129729], "orig_f": [0.5369066545177723, 0.5367976312356214, 0.536852137341618], "tmeasure1_r": [0.2956231832417074, 0.5135097630245957, 0.37522978509656035], "tmeasure0_r": [0.1743814138119506, 0.5269898597190288, 0.2620501873129729], "tmeasure1_f": [0.5445606834075077, 0.5284754622678427, 0.5363975110373319], "tmeasure0_f": [0.5369066545177723, 0.5367976312356214, 0.536852137341618]}