{"orig_r": [0.6355176671161945, 0.5055404643718903, 0.5631262556824718], "orig_f": [0.6883374044604955, 0.5499814635049243, 0.6114302590129573], "tmeasure1_r": [0.6916175434031637, 0.5036396795144911, 0.5828469909696857], "tmeasure0_r": [0.6355176671161945, 0.5055404643718903, 0.5631262556824718], "tmeasure1_f": [0.6904001069184282, 0.5485024719799368, 0.6113251707599142], "tmeasure0_f": [0.6883374044604955, 0.5499814635049243, 0.6114302590129573]}