{"orig_r": [0.2633463874946735, 0.6136435296485386, 0.36853515321780805], "orig_f": [0.4997641693197238, 0.6322991913859445, 0.5582734873559579], "tmeasure1_r": [0.25239557170138466, 0.6106451374690068, 0.35716537340704196], "tmeasure0_r": [0.2633463874946735, 0.6136435296485386, 0.36853515321780805], "tmeasure1_f": [0.5017870415409386, 0.6315050632708027, 0.5592222094751441], "tmeasure0_f": [0.4997641693197238, 0.6322991913859445, 0.5582734873559579]}