{"orig_r": [0.21150224165506548, 0.49189060068732443, 0.29581183780026105], "orig_f": [0.5275126729853343, 0.4895829244749069, 0.5078405565467622], "tmeasure1_r": [0.0789667649184061, 0.49107846276548245, 0.136055441366482], "tmeasure0_r": [0.21150224165506548, 0.49189060068732443, 0.29581183780026105], "tmeasure1_f": [0.5315966899423239, 0.4839531121168225, 0.5066573238790425], "tmeasure0_f": [0.5275126729853343, 0.4895829244749069, 0.5078405565467622]}