{"orig_r": [0.5647357813901259, 0.3571414734945596, 0.4375649101484771], "orig_f": [0.7340422825568189, 0.4419835789964379, 0.5517474500954845], "tmeasure1_r": [0.5300878186618839, 0.35215072663138486, 0.42317536796848093], "tmeasure0_r": [0.5647357813901259, 0.3571414734945596, 0.4375649101484771], "tmeasure1_f": [0.7477176017067256, 0.4377077078235254, 0.5521760922618509], "tmeasure0_f": [0.7340422825568189, 0.4419835789964379, 0.5517474500954845]}