{"orig_r": [0.16197927903314896, 0.3801372977485635, 0.22716282091375783], "orig_f": [0.6123143583443851, 0.4101542228698103, 0.4912489721699452], "tmeasure1_r": [0.05393704666206552, 0.38046970819935527, 0.09448017175146171], "tmeasure0_r": [0.16197927903314896, 0.3801372977485635, 0.22716282091375783], "tmeasure1_f": [0.6208355051096064, 0.4104876165289318, 0.4942103622075039], "tmeasure0_f": [0.6123143583443851, 0.4101542228698103, 0.4912489721699452]}