{"orig_r": [0.2057774698056114, 0.6145530266718857, 0.30831760475307424], "orig_f": [0.7986552763917459, 0.6486899784295996, 0.7159033717621124], "tmeasure1_r": [0.11476079608427492, 0.6123758590431629, 0.19329720374024717], "tmeasure0_r": [0.2057774698056114, 0.6145530266718857, 0.30831760475307424], "tmeasure1_f": [0.8037106878505261, 0.6465808485171366, 0.7166337601530964], "tmeasure0_f": [0.7986552763917459, 0.6486899784295996, 0.7159033717621124]}