{"orig_r": [0.36900783127583947, 0.3820395553486351, 0.3754106339798077], "orig_f": [0.6411021627678858, 0.39083293662706864, 0.4856193787757558], "tmeasure1_r": [0.41528230628045637, 0.3805023381557935, 0.3971322885889202], "tmeasure0_r": [0.36900783127583947, 0.3820395553486351, 0.3754106339798077], "tmeasure1_f": [0.6436614096924393, 0.39006413383273614, 0.48575607292638145], "tmeasure0_f": [0.6411021627678858, 0.39083293662706864, 0.4856193787757558]}