{"orig_r": [0.2608502408164954, 0.41886662501512273, 0.3214910957712033], "orig_f": [0.6859780045210301, 0.4811812260985244, 0.5656121780690276], "tmeasure1_r": [0.21630975383210863, 0.4142676280683234, 0.2842161207178217], "tmeasure0_r": [0.2608502408164954, 0.41886662501512273, 0.3214910957712033], "tmeasure1_f": [0.6901675691677915, 0.4755425523908546, 0.5630971908875745], "tmeasure0_f": [0.6859780045210301, 0.4811812260985244, 0.5656121780690276]}