{"orig_r": [0.4410056112859024, 0.5698571916627182, 0.4972192436438045], "orig_f": [0.526605258743184, 0.6045078313663536, 0.5628738730592036], "tmeasure1_r": [0.4114360759556102, 0.5669683200429613, 0.47684009136435057], "tmeasure0_r": [0.4410056112859024, 0.5698571916627182, 0.4972192436438045], "tmeasure1_f": [0.5306107343156333, 0.6019119141841732, 0.5640168401076302], "tmeasure0_f": [0.526605258743184, 0.6045078313663536, 0.5628738730592036]}