{"orig_r": [0.34745968401766375, 0.6373049377763936, 0.4497273102668215], "orig_f": [0.5851774871334052, 0.6887842958964058, 0.6327679037451609], "tmeasure1_r": [0.41741886694697594, 0.6309072917913611, 0.502424946078004], "tmeasure0_r": [0.34745968401766375, 0.6373049377763936, 0.4497273102668215], "tmeasure1_f": [0.5869875768685879, 0.6827672874553776, 0.6312650211298055], "tmeasure0_f": [0.5851774871334052, 0.6887842958964058, 0.6327679037451609]}