{"orig_r": [0.44541427954036195, 0.5341448070915775, 0.4857608441752229], "orig_f": [0.5766655100343545, 0.6079464496725663, 0.5918929766009473], "tmeasure1_r": [0.4972656193172133, 0.5297639536413361, 0.5130006134887151], "tmeasure0_r": [0.44541427954036195, 0.5341448070915775, 0.4857608441752229], "tmeasure1_f": [0.5833317336460974, 0.6031384848975114, 0.5930697838430646], "tmeasure0_f": [0.5766655100343545, 0.6079464496725663, 0.5918929766009473]}