{"orig_r": [0.26478329904033554, 0.5776356843438595, 0.36311689351908905], "orig_f": [0.5701142582419606, 0.611211914300738, 0.5899482043984241], "tmeasure1_r": [0.38973593648024313, 0.5690563442719224, 0.4626272273924758], "tmeasure0_r": [0.26478329904033554, 0.5776356843438595, 0.36311689351908905], "tmeasure1_f": [0.5745987166557449, 0.6042664617318622, 0.5890592746222827], "tmeasure0_f": [0.5701142582419606, 0.611211914300738, 0.5899482043984241]}