{"orig_r": [0.2771286547385158, 0.279200077909861, 0.27816050997658043], "orig_f": [0.5409116447256479, 0.5135589015851847, 0.5268805109669769], "tmeasure1_r": [0.2722046504387533, 0.2791717576095408, 0.27564418637883187], "tmeasure0_r": [0.2771286547385158, 0.279200077909861, 0.27816050997658043], "tmeasure1_f": [0.5421619364271361, 0.5106790009683434, 0.5259497540864925], "tmeasure0_f": [0.5409116447256479, 0.5135589015851847, 0.5268805109669769]}