{"orig_r": [0.24290211792421942, 0.4165162435091733, 0.30685429346643234], "orig_f": [0.5989453787048502, 0.4875599949624628, 0.5375432333821921], "tmeasure1_r": [0.22914374618834668, 0.4147936079219267, 0.2952068570258275], "tmeasure0_r": [0.24290211792421942, 0.4165162435091733, 0.30685429346643234], "tmeasure1_f": [0.5995548928041022, 0.4838866975912314, 0.5355464284840349], "tmeasure0_f": [0.5989453787048502, 0.4875599949624628, 0.5375432333821921]}