{"orig_r": [0.22777012077745895, 0.6038898518062454, 0.33077957101836225], "orig_f": [0.7747384192811042, 0.6713388777952392, 0.7193419356442264], "tmeasure1_r": [0.02203201760447443, 0.5922747533245782, 0.04248368538148478], "tmeasure0_r": [0.22777012077745895, 0.6038898518062454, 0.33077957101836225], "tmeasure1_f": [0.776324670933128, 0.6587318448308459, 0.7127103038157807], "tmeasure0_f": [0.7747384192811042, 0.6713388777952392, 0.7193419356442264]}