{"orig_r": [0.38986958569044794, 0.5177811728285192, 0.4448123453526549], "orig_f": [0.5032772439698676, 0.5622194790158979, 0.5311180481388978], "tmeasure1_r": [0.44927379941031653, 0.5160669410241546, 0.48035961942232025], "tmeasure0_r": [0.38986958569044794, 0.5177811728285192, 0.4448123453526549], "tmeasure1_f": [0.5030803741948975, 0.560007844660394, 0.5300199006008893], "tmeasure0_f": [0.5032772439698676, 0.5622194790158979, 0.5311180481388978]}