{"orig_r": [0.31525008266094356, 0.32689352822356177, 0.3209662450798417], "orig_f": [0.5983424836618484, 0.3939940857260303, 0.47512790936810906], "tmeasure1_r": [0.2530199495055181, 0.32374033730550883, 0.28404439650602237], "tmeasure0_r": [0.31525008266094356, 0.32689352822356177, 0.3209662450798417], "tmeasure1_f": [0.6036544579200204, 0.3890763638754666, 0.47317495612747806], "tmeasure0_f": [0.5983424836618484, 0.3939940857260303, 0.47512790936810906]}