{"orig_r": [0.4260222919746289, 0.4905685274084859, 0.45602273991318953], "orig_f": [0.7042528052598931, 0.5710367080609436, 0.6306869136108396], "tmeasure1_r": [0.4008686653061757, 0.48911213595149855, 0.4406156376561259], "tmeasure0_r": [0.4260222919746289, 0.4905685274084859, 0.45602273991318953], "tmeasure1_f": [0.7089414121035225, 0.5697940385665112, 0.6317969680090574], "tmeasure0_f": [0.7042528052598931, 0.5710367080609436, 0.6306869136108396]}