{"orig_r": [0.3444452481378073, 0.6838907046147906, 0.45814386401572077], "orig_f": [0.6707197862484222, 0.6981604552417301, 0.6841650819608285], "tmeasure1_r": [0.438109445961026, 0.676482306552437, 0.531805995976173], "tmeasure0_r": [0.3444452481378073, 0.6838907046147906, 0.45814386401572077], "tmeasure1_f": [0.6731042043211217, 0.6929757905136369, 0.6828954671046232], "tmeasure0_f": [0.6707197862484222, 0.6981604552417301, 0.6841650819608285]}