{"orig_r": [0.23748253673491931, 0.5498944150862234, 0.3317097873616838], "orig_f": [0.6286473977229496, 0.7200841936812497, 0.6712663325811923], "tmeasure1_r": [0.28391772390219233, 0.5508570082277043, 0.37470724005394174], "tmeasure0_r": [0.23748253673491931, 0.5498944150862234, 0.3317097873616838], "tmeasure1_f": [0.6293168060517437, 0.719452865312741, 0.6713730133705489], "tmeasure0_f": [0.6286473977229496, 0.7200841936812497, 0.6712663325811923]}