{"orig_r": [0.47172100088919267, 0.5997509490783942, 0.5280868397759956], "orig_f": [0.5850220873875647, 0.6449426614991388, 0.6135227898474881], "tmeasure1_r": [0.44736449754284086, 0.5967484068558337, 0.5113700828097719], "tmeasure0_r": [0.47172100088919267, 0.5997509490783942, 0.5280868397759956], "tmeasure1_f": [0.5896206155994806, 0.6413342797570547, 0.6143911759266827], "tmeasure0_f": [0.5850220873875647, 0.6449426614991388, 0.6135227898474881]}