{"orig_r": [0.42235005377811663, 0.532340791006256, 0.4710093596017643], "orig_f": [0.6834437593829057, 0.6271795143073211, 0.6541039422552668], "tmeasure1_r": [0.35585134853514916, 0.5292905786559365, 0.4255786792958085], "tmeasure0_r": [0.42235005377811663, 0.532340791006256, 0.4710093596017643], "tmeasure1_f": [0.6907664195323556, 0.6248621048866712, 0.6561635763934563], "tmeasure0_f": [0.6834437593829057, 0.6271795143073211, 0.6541039422552668]}