{"orig_r": [0.6462583006074779, 0.7089760378676943, 0.6761659388284351], "orig_f": [0.7700340464153698, 0.7551467153368697, 0.762517723053454], "tmeasure1_r": [0.3149072892863418, 0.701103482525884, 0.43460680401574364], "tmeasure0_r": [0.6462583006074779, 0.7089760378676943, 0.6761659388284351], "tmeasure1_f": [0.7921579522429675, 0.7468438905243078, 0.7688338123093071], "tmeasure0_f": [0.7700340464153698, 0.7551467153368697, 0.762517723053454]}