{"orig_r": [0.22947926957242154, 0.5249676519617149, 0.31935763771520054], "orig_f": [0.4973011279725556, 0.5357079500331045, 0.5157905646476199], "tmeasure1_r": [0.22087366639762213, 0.5214196420606246, 0.31030285942593544], "tmeasure0_r": [0.22947926957242154, 0.5249676519617149, 0.31935763771520054], "tmeasure1_f": [0.5012575114274918, 0.5321979017748945, 0.5162645478898351], "tmeasure0_f": [0.4973011279725556, 0.5357079500331045, 0.5157905646476199]}