{"orig_r": [0.13996432237158848, 0.41924813339220135, 0.20986578639649978], "orig_f": [0.45931671776654154, 0.4525528884810303, 0.455909717636623], "tmeasure1_r": [0.1378083849434462, 0.41924813339220135, 0.20743284119878694], "tmeasure0_r": [0.13996432237158848, 0.41924813339220135, 0.20986578639649978], "tmeasure1_f": [0.46131100179234347, 0.45066843901153225, 0.45592762243268775], "tmeasure0_f": [0.45931671776654154, 0.4525528884810303, 0.455909717636623]}