{"orig_r": [0.5182897468344668, 0.5980464206768976, 0.5553189746756689], "orig_f": [0.586274429328804, 0.6223177524549133, 0.6037586386554659], "tmeasure1_r": [0.6311721114631932, 0.5990548795702342, 0.6146942572005394], "tmeasure0_r": [0.5182897468344668, 0.5980464206768976, 0.5553189746756689], "tmeasure1_f": [0.5910727793474095, 0.6233313018361458, 0.6067735949494746], "tmeasure0_f": [0.586274429328804, 0.6223177524549133, 0.6037586386554659]}