{"orig_r": [0.25827906831000885, 0.5114147870445641, 0.34322148682603965], "orig_f": [0.5114154925258367, 0.5303852839183841, 0.5207276810243365], "tmeasure1_r": [0.22054799353578186, 0.49867847048491115, 0.30583562086996685], "tmeasure0_r": [0.25827906831000885, 0.5114147870445641, 0.34322148682603965], "tmeasure1_f": [0.518493148796907, 0.5204795213466186, 0.5194844362364904], "tmeasure0_f": [0.5114154925258367, 0.5303852839183841, 0.5207276810243365]}