{"orig_r": [0.18349345235301176, 0.6829461689665635, 0.2892668969225653], "orig_f": [0.668793278849464, 0.7119692527442101, 0.6897062168006826], "tmeasure1_r": [0.26900550013513264, 0.6721962215280826, 0.3842417126937889], "tmeasure0_r": [0.18349345235301176, 0.6829461689665635, 0.2892668969225653], "tmeasure1_f": [0.6729104652979343, 0.7020206262741254, 0.6871573843526118], "tmeasure0_f": [0.668793278849464, 0.7119692527442101, 0.6897062168006826]}