{"orig_r": [0.24040603129033297, 0.4893887255340108, 0.3224249014224791], "orig_f": [0.5169398250696113, 0.5353596562896149, 0.5259885269813344], "tmeasure1_r": [0.17788036090513668, 0.4832989317842681, 0.2600486414544672], "tmeasure0_r": [0.24040603129033297, 0.4893887255340108, 0.3224249014224791], "tmeasure1_f": [0.5164068147383268, 0.5298291282160195, 0.5230318730687277], "tmeasure0_f": [0.5169398250696113, 0.5353596562896149, 0.5259885269813344]}