{"orig_r": [0.14902021998662981, 0.5404925250533532, 0.2336267619822145], "orig_f": [0.5811516662615182, 0.5514314768408424, 0.5659016268197139], "tmeasure1_r": [0.1187909860353222, 0.5381675676218144, 0.1946224937757359], "tmeasure0_r": [0.14902021998662981, 0.5404925250533532, 0.2336267619822145], "tmeasure1_f": [0.5835454524330378, 0.5484573014210012, 0.5654575715620361], "tmeasure0_f": [0.5811516662615182, 0.5514314768408424, 0.5659016268197139]}