{"orig_r": [0.43693414135331354, 0.6067861043713161, 0.5080395184143102], "orig_f": [0.6538116634302683, 0.6647745383339968, 0.6592475275908324], "tmeasure1_r": [0.8996869975151788, 0.5944445337815224, 0.7158861272716238], "tmeasure0_r": [0.43693414135331354, 0.6067861043713161, 0.5080395184143102], "tmeasure1_f": [0.65541367934436, 0.6547075005895325, 0.6550603996454548], "tmeasure0_f": [0.6538116634302683, 0.6647745383339968, 0.6592475275908324]}