{"orig_r": [0.43059751067919433, 0.6339452530152663, 0.5128497551529335], "orig_f": [0.604557582814393, 0.6271191764029944, 0.6156317403661133], "tmeasure1_r": [0.42385822300890563, 0.6313199636251706, 0.5071942565185134], "tmeasure0_r": [0.43059751067919433, 0.6339452530152663, 0.5128497551529335], "tmeasure1_f": [0.6086903946183877, 0.6243740439304918, 0.6164324771814658], "tmeasure0_f": [0.604557582814393, 0.6271191764029944, 0.6156317403661133]}