{"orig_r": [0.39729448144860685, 0.5687106449645012, 0.46779379240861213], "orig_f": [0.5822047614346032, 0.621275092915346, 0.6011057284401566], "tmeasure1_r": [0.44837419242748155, 0.5664043677626723, 0.500525160751126], "tmeasure0_r": [0.39729448144860685, 0.5687106449645012, 0.46779379240861213], "tmeasure1_f": [0.5862375040099271, 0.6183680902157633, 0.6018742856669084], "tmeasure0_f": [0.5822047614346032, 0.621275092915346, 0.6011057284401566]}