{"orig_r": [0.3365495457342606, 0.5624788524794263, 0.4211257456676793], "orig_f": [0.4767183402130866, 0.5688615562075299, 0.518729822206134], "tmeasure1_r": [0.4365783183607599, 0.556921882680493, 0.48946143894914457], "tmeasure0_r": [0.3365495457342606, 0.5624788524794263, 0.4211257456676793], "tmeasure1_f": [0.4802439577969937, 0.5637033607943462, 0.5186375369527948], "tmeasure0_f": [0.4767183402130866, 0.5688615562075299, 0.518729822206134]}