{"orig_r": [0.38107084279243364, 0.5847648262186951, 0.4614383840072519], "orig_f": [0.6410394214095221, 0.6534028764328197, 0.6471621061116274], "tmeasure1_r": [0.5365752056939199, 0.584944496992916, 0.5597168075452741], "tmeasure0_r": [0.38107084279243364, 0.5847648262186951, 0.4614383840072519], "tmeasure1_f": [0.6508943028149727, 0.6509224148363231, 0.650908358522116], "tmeasure0_f": [0.6410394214095221, 0.6534028764328197, 0.6471621061116274]}