{"orig_r": [0.4094305208345195, 0.6352892584743317, 0.4979456063324436], "orig_f": [0.6503683937195801, 0.6533225882777481, 0.6518421438613409], "tmeasure1_r": [0.3916009248167878, 0.6404004798482732, 0.48600984267669733], "tmeasure0_r": [0.4094305208345195, 0.6352892584743317, 0.4979456063324436], "tmeasure1_f": [0.6554280983429608, 0.6565277085561781, 0.6559774426327437], "tmeasure0_f": [0.6503683937195801, 0.6533225882777481, 0.6518421438613409]}