{"orig_r": [0.3742585911333556, 0.622213859302919, 0.46738649375485286], "orig_f": [0.5962271463194807, 0.5939185196323881, 0.5950705938562482], "tmeasure1_r": [0.1533271934337498, 0.605721329661026, 0.24471044644477347], "tmeasure0_r": [0.3742585911333556, 0.622213859302919, 0.46738649375485286], "tmeasure1_f": [0.5944866160968232, 0.5764410293901975, 0.5853247692328851], "tmeasure0_f": [0.5962271463194807, 0.5939185196323881, 0.5950705938562482]}