{"orig_r": [0.3125934603339625, 0.6841618844443942, 0.4291214128069385], "orig_f": [0.654588160951944, 0.7363958611809883, 0.6930863400773405], "tmeasure1_r": [0.30757804362585, 0.6790538278905776, 0.42338394679712293], "tmeasure0_r": [0.3125934603339625, 0.6841618844443942, 0.4291214128069385], "tmeasure1_f": [0.6542790778053595, 0.7276728928789917, 0.6890270565062498], "tmeasure0_f": [0.654588160951944, 0.7363958611809883, 0.6930863400773405]}