{"orig_r": [0.43052475448697597, 0.6722064482508147, 0.5248813407641617], "orig_f": [0.6784505192975974, 0.7222814484859365, 0.6996802173076884], "tmeasure1_r": [0.4598929520570648, 0.670528202386339, 0.5455863829526546], "tmeasure0_r": [0.43052475448697597, 0.6722064482508147, 0.5248813407641617], "tmeasure1_f": [0.6841333752509525, 0.7214915131442657, 0.702315999350062], "tmeasure0_f": [0.6784505192975974, 0.7222814484859365, 0.6996802173076884]}