{"orig_r": [0.22373572828745958, 0.6135075522386931, 0.32789408336300885], "orig_f": [0.542227552053646, 0.6183318751947399, 0.5777844221876759], "tmeasure1_r": [0.2949504697060557, 0.6093988390937666, 0.39750674231745897], "tmeasure0_r": [0.22373572828745958, 0.6135075522386931, 0.32789408336300885], "tmeasure1_f": [0.5487417250343875, 0.6161963775516761, 0.5805161019748976], "tmeasure0_f": [0.542227552053646, 0.6183318751947399, 0.5777844221876759]}