{"orig_r": [0.22937831693464067, 0.6497222286492625, 0.339056077330958], "orig_f": [0.4676931102218261, 0.6257758235278446, 0.5353074644814075], "tmeasure1_r": [0.2979370157920384, 0.6577487412520094, 0.4101090670551055], "tmeasure0_r": [0.22937831693464067, 0.6497222286492625, 0.339056077330958], "tmeasure1_f": [0.47471860116883674, 0.6288139405080763, 0.5410074700286533], "tmeasure0_f": [0.4676931102218261, 0.6257758235278446, 0.5353074644814075]}