{"orig_r": [0.27594184790925186, 0.6673535336805928, 0.39044136309078786], "orig_f": [0.5221452643525449, 0.6807005288825072, 0.5909727740616857], "tmeasure1_r": [0.30877586480683356, 0.6583558186527594, 0.4203861598824561], "tmeasure0_r": [0.27594184790925186, 0.6673535336805928, 0.39044136309078786], "tmeasure1_f": [0.5221986538098567, 0.6722016978350637, 0.5877808411806711], "tmeasure0_f": [0.5221452643525449, 0.6807005288825072, 0.5909727740616857]}