{"orig_r": [0.3821619694228867, 0.6428630653717087, 0.47935963862759207], "orig_f": [0.4987753239198401, 0.6632093577561678, 0.5693576988715164], "tmeasure1_r": [0.42171181196997193, 0.642963843511298, 0.5093484500793999], "tmeasure0_r": [0.3821619694228867, 0.6428630653717087, 0.47935963862759207], "tmeasure1_f": [0.5020018004834687, 0.6632741769848152, 0.5714780661384236], "tmeasure0_f": [0.4987753239198401, 0.6632093577561678, 0.5693576988715164]}