{"orig_r": [0.4844146074982544, 0.529351952693744, 0.5058873086995683], "orig_f": [0.6132792918739225, 0.5511383198021362, 0.5805506806210515], "tmeasure1_r": [0.5924508990626949, 0.5204818723201812, 0.5541394073943443], "tmeasure0_r": [0.4844146074982544, 0.529351952693744, 0.5058873086995683], "tmeasure1_f": [0.6160620677420265, 0.5430636624268391, 0.5772642502578151], "tmeasure0_f": [0.6132792918739225, 0.5511383198021362, 0.5805506806210515]}