{"orig_r": [0.4669751186003313, 0.49923540963214735, 0.48256670323998735], "orig_f": [0.5804371608080202, 0.5168929441287412, 0.5468251924958815], "tmeasure1_r": [0.5912920636717558, 0.4937318745178971, 0.5381258951232155], "tmeasure0_r": [0.4669751186003313, 0.49923540963214735, 0.48256670323998735], "tmeasure1_f": [0.5865152270095262, 0.5125372403249076, 0.5470364787753585], "tmeasure0_f": [0.5804371608080202, 0.5168929441287412, 0.5468251924958815]}