{"orig_r": [0.18803467107047814, 0.29954367951610283, 0.2310381385116457], "orig_f": [0.7106670874520217, 0.475299001192775, 0.5696273444589041], "tmeasure1_r": [0.05499091547496662, 0.2960622672429384, 0.09275366761945057], "tmeasure0_r": [0.18803467107047814, 0.29954367951610283, 0.2310381385116457], "tmeasure1_f": [0.7210748835363443, 0.4712619863718002, 0.569998614509557], "tmeasure0_f": [0.7106670874520217, 0.475299001192775, 0.5696273444589041]}