{"orig_r": [0.21503721352659447, 0.43636824392627016, 0.28810139728431217], "orig_f": [0.6021011012938404, 0.4471369606983382, 0.5131755436978361], "tmeasure1_r": [0.08813243396619584, 0.43370937500849055, 0.14649597711826895], "tmeasure0_r": [0.21503721352659447, 0.43636824392627016, 0.28810139728431217], "tmeasure1_f": [0.609343762849134, 0.4429907153287396, 0.5130186931688036], "tmeasure0_f": [0.6021011012938404, 0.4471369606983382, 0.5131755436978361]}