{"orig_r": [0.27797738168285935, 0.43667258805587866, 0.33970505232044435], "orig_f": [0.4925097519907372, 0.5287726529266, 0.5099974050242114], "tmeasure1_r": [0.26568142255411875, 0.4350592489334794, 0.32989996115565545], "tmeasure0_r": [0.27797738168285935, 0.43667258805587866, 0.33970505232044435], "tmeasure1_f": [0.4937708002265837, 0.5274611482370478, 0.5100602534914033], "tmeasure0_f": [0.4925097519907372, 0.5287726529266, 0.5099974050242114]}