{"orig_r": [0.22213636758915334, 0.43500441268636864, 0.2940931472214778], "orig_f": [0.39225433489146694, 0.4949043833353851, 0.43764071914458313], "tmeasure1_r": [0.23967207999875018, 0.4329943746840276, 0.3085531073709303], "tmeasure0_r": [0.22213636758915334, 0.43500441268636864, 0.2940931472214778], "tmeasure1_f": [0.39210260376375683, 0.49317722807676756, 0.43686994392238176], "tmeasure0_f": [0.39225433489146694, 0.4949043833353851, 0.43764071914458313]}