{"orig_r": [0.22659165446832605, 0.4066869687097787, 0.29103105558243386], "orig_f": [0.5189323331216062, 0.43151487232975977, 0.4712034886112621], "tmeasure1_r": [0.23568204024979308, 0.4077203618895355, 0.298700677591505], "tmeasure0_r": [0.22659165446832605, 0.4066869687097787, 0.29103105558243386], "tmeasure1_f": [0.5212714794801637, 0.43148512935805344, 0.4721476391088567], "tmeasure0_f": [0.5189323331216062, 0.43151487232975977, 0.4712034886112621]}