{"orig_r": [0.4618125905295509, 0.4963926072444879, 0.47847863151615605], "orig_f": [0.47823412676189847, 0.48274053458621147, 0.4804767644685681], "tmeasure1_r": [0.4329975638724854, 0.4872947105616619, 0.4585443742660597], "tmeasure0_r": [0.4618125905295509, 0.4963926072444879, 0.47847863151615605], "tmeasure1_f": [0.4842965459692177, 0.4748257563752759, 0.4795143918302351], "tmeasure0_f": [0.47823412676189847, 0.48274053458621147, 0.4804767644685681]}