{"orig_r": [0.28293294242602735, 0.5066116281796026, 0.36308809904967615], "orig_f": [0.5257225633107081, 0.5024200498138355, 0.5138072346677991], "tmeasure1_r": [0.2986466451420314, 0.49489705353195357, 0.3725046143645715], "tmeasure0_r": [0.28293294242602735, 0.5066116281796026, 0.36308809904967615], "tmeasure1_f": [0.5304067089884665, 0.49420059959142687, 0.511663954403613], "tmeasure0_f": [0.5257225633107081, 0.5024200498138355, 0.5138072346677991]}