{"orig_r": [0.5730264041072576, 0.6366762941267196, 0.6031768432630279], "orig_f": [0.6327200423972279, 0.6883243593004167, 0.6593519752098139], "tmeasure1_r": [0.4979053691953231, 0.6384658408031625, 0.5594924746186146], "tmeasure0_r": [0.5730264041072576, 0.6366762941267196, 0.6031768432630279], "tmeasure1_f": [0.6462199685198207, 0.690339526374748, 0.667551558618897], "tmeasure0_f": [0.6327200423972279, 0.6883243593004167, 0.6593519752098139]}