{"orig_r": [0.4076063957395164, 0.5554762379287663, 0.4701894922530095], "orig_f": [0.5524382231114704, 0.576310851802423, 0.5641220887890888], "tmeasure1_r": [0.3785021297574531, 0.5511746867174573, 0.44880282931436255], "tmeasure0_r": [0.4076063957395164, 0.5554762379287663, 0.4701894922530095], "tmeasure1_f": [0.5567961091126441, 0.5725748546700885, 0.5645752573418823], "tmeasure0_f": [0.5524382231114704, 0.576310851802423, 0.5641220887890888]}