{"orig_r": [0.2976107307487931, 0.5036512041501171, 0.37413983213501034], "orig_f": [0.5572796823241829, 0.5490151576527108, 0.553116550112905], "tmeasure1_r": [0.1955311834452354, 0.5003120056338967, 0.2811742648021526], "tmeasure0_r": [0.2976107307487931, 0.5036512041501171, 0.37413983213501034], "tmeasure1_f": [0.5598175348429588, 0.5446076035576051, 0.5521078350713394], "tmeasure0_f": [0.5572796823241829, 0.5490151576527108, 0.553116550112905]}