{"orig_r": [0.4011196131176083, 0.5892767538260701, 0.4773249809939079], "orig_f": [0.6352578624705641, 0.6386648631542486, 0.6369568069420128], "tmeasure1_r": [0.3743254850407109, 0.5820821481688165, 0.4556387357880837], "tmeasure0_r": [0.4011196131176083, 0.5892767538260701, 0.4773249809939079], "tmeasure1_f": [0.6365593847744462, 0.6318421765058281, 0.6341920089488492], "tmeasure0_f": [0.6352578624705641, 0.6386648631542486, 0.6369568069420128]}