{"orig_r": [0.3568101205503214, 0.5705731920756275, 0.439055321948414], "orig_f": [0.5115113150202523, 0.58853936751663, 0.5473285014929766], "tmeasure1_r": [0.3786618578994406, 0.5657589170250847, 0.4536777003047495], "tmeasure0_r": [0.3568101205503214, 0.5705731920756275, 0.439055321948414], "tmeasure1_f": [0.5132914265837936, 0.5836561999598969, 0.5462170048279131], "tmeasure0_f": [0.5115113150202523, 0.58853936751663, 0.5473285014929766]}