{"orig_r": [0.2736793597778309, 0.5898539397286975, 0.3738844782931518], "orig_f": [0.4287589438178999, 0.5965314582593011, 0.49891854537842656], "tmeasure1_r": [0.2727802848772788, 0.5893524768943186, 0.3729442695345634], "tmeasure0_r": [0.2736793597778309, 0.5898539397286975, 0.3738844782931518], "tmeasure1_f": [0.4299949140120368, 0.5976464059110052, 0.5001451575313275], "tmeasure0_f": [0.4287589438178999, 0.5965314582593011, 0.49891854537842656]}