{"orig_r": [0.2241458963269502, 0.5874091448656452, 0.3244766962277079], "orig_f": [0.3927644133842337, 0.5896916192997618, 0.4714915990675514], "tmeasure1_r": [0.22556866601249814, 0.586011707988976, 0.32574932433873466], "tmeasure0_r": [0.2241458963269502, 0.5874091448656452, 0.3244766962277079], "tmeasure1_f": [0.3937143248455471, 0.5902023775755156, 0.47233903040287784], "tmeasure0_f": [0.3927644133842337, 0.5896916192997618, 0.4714915990675514]}