{"orig_r": [0.2837560744707151, 0.47017802253605007, 0.35391918340585626], "orig_f": [0.4321162613500878, 0.47861591217639887, 0.4541790102605014], "tmeasure1_r": [0.2472071117098469, 0.4643004019656879, 0.3226342916401033], "tmeasure0_r": [0.2837560744707151, 0.47017802253605007, 0.35391918340585626], "tmeasure1_f": [0.4341158915556735, 0.47244750839414146, 0.45247132485413133], "tmeasure0_f": [0.4321162613500878, 0.47861591217639887, 0.4541790102605014]}