{"orig_r": [0.21241410645130646, 0.5487235715007346, 0.3062694976359909], "orig_f": [0.4113112358713556, 0.5631296024733712, 0.47539373071128826], "tmeasure1_r": [0.21334067343662208, 0.5404902347156585, 0.30592683163599643], "tmeasure0_r": [0.21241410645130646, 0.5487235715007346, 0.3062694976359909], "tmeasure1_f": [0.4124022134154412, 0.5555430490829616, 0.4733887172463009], "tmeasure0_f": [0.4113112358713556, 0.5631296024733712, 0.47539373071128826]}