{"orig_r": [0.20610820568164134, 0.5754331370080616, 0.3035066345954734], "orig_f": [0.4500143527127747, 0.5670229659943736, 0.5017878269002052], "tmeasure1_r": [0.167971969330292, 0.5732808328280339, 0.25981719108258255], "tmeasure0_r": [0.20610820568164134, 0.5754331370080616, 0.3035066345954734], "tmeasure1_f": [0.4515467422386093, 0.5656300833481553, 0.5021907991281235], "tmeasure0_f": [0.4500143527127747, 0.5670229659943736, 0.5017878269002052]}