{"orig_r": [0.29986027460338815, 0.636330882772869, 0.40763118032784795], "orig_f": [0.4610463997541135, 0.6449167249117058, 0.5376970127310529], "tmeasure1_r": [0.2961546100712758, 0.6362720243648462, 0.4041817046313502], "tmeasure0_r": [0.29986027460338815, 0.636330882772869, 0.40763118032784795], "tmeasure1_f": [0.462478166406062, 0.6439834435687785, 0.5383436343251397], "tmeasure0_f": [0.4610463997541135, 0.6449167249117058, 0.5376970127310529]}