{"orig_r": [0.2268399808055919, 0.5046441414152469, 0.31298961624686883], "orig_f": [0.41296170450279185, 0.5328118278514293, 0.4652929545640236], "tmeasure1_r": [0.195938579633436, 0.5007758478703968, 0.2816686564048952], "tmeasure0_r": [0.2268399808055919, 0.5046441414152469, 0.31298961624686883], "tmeasure1_f": [0.41435439517618833, 0.5287156118636575, 0.4646010072181586], "tmeasure0_f": [0.41296170450279185, 0.5328118278514293, 0.4652929545640236]}