{"orig_r": [0.45232357728183004, 0.5596982741292634, 0.5003147416226623], "orig_f": [0.6017348205488138, 0.6037959881410757, 0.602763642294646], "tmeasure1_r": [0.4814017144529375, 0.5539592569336943, 0.5151380888306081], "tmeasure0_r": [0.45232357728183004, 0.5596982741292634, 0.5003147416226623], "tmeasure1_f": [0.6035222691116964, 0.5981289309717692, 0.6008134966558711], "tmeasure0_f": [0.6017348205488138, 0.6037959881410757, 0.602763642294646]}