{"orig_r": [0.4144325787581614, 0.6284267054115247, 0.49947390609185344], "orig_f": [0.6261636808871588, 0.6699148284169695, 0.6473008106085767], "tmeasure1_r": [0.45271484924443894, 0.6226891942220033, 0.5242692667951682], "tmeasure0_r": [0.4144325787581614, 0.6284267054115247, 0.49947390609185344], "tmeasure1_f": [0.6286288707096495, 0.6649493559541744, 0.6462792185218392], "tmeasure0_f": [0.6261636808871588, 0.6699148284169695, 0.6473008106085767]}