{"orig_r": [0.4149221437509377, 0.6564902837313527, 0.5084733924872765], "orig_f": [0.5126072848651384, 0.6658896875181646, 0.5792800706956113], "tmeasure1_r": [0.5071905347365708, 0.6456373298425613, 0.5681006724942202], "tmeasure0_r": [0.4149221437509377, 0.6564902837313527, 0.5084733924872765], "tmeasure1_f": [0.5180379441500023, 0.6578117222800869, 0.579617347313351], "tmeasure0_f": [0.5126072848651384, 0.6658896875181646, 0.5792800706956113]}