{"orig_r": [0.3949966154780584, 0.5242827801831975, 0.4505483854053446], "orig_f": [0.513543443705055, 0.5948915827560034, 0.5512324398752688], "tmeasure1_r": [0.48055027630017894, 0.5142155429468921, 0.4968132528478071], "tmeasure0_r": [0.3949966154780584, 0.5242827801831975, 0.4505483854053446], "tmeasure1_f": [0.5217395430719173, 0.5894466029335584, 0.5535303016247886], "tmeasure0_f": [0.513543443705055, 0.5948915827560034, 0.5512324398752688]}