{"orig_r": [0.3744190967678251, 0.5235515733014581, 0.4366015811446963], "orig_f": [0.47693492498635853, 0.5415359789041921, 0.507186647138308], "tmeasure1_r": [0.44483530620067646, 0.5208954067034731, 0.4798701431844453], "tmeasure0_r": [0.3744190967678251, 0.5235515733014581, 0.4366015811446963], "tmeasure1_f": [0.4781191027233741, 0.5372486020943994, 0.5059621619910812], "tmeasure0_f": [0.47693492498635853, 0.5415359789041921, 0.507186647138308]}