{"orig_r": [0.3401849346744081, 0.5283795044413255, 0.4138938669528415], "orig_f": [0.45700535515788093, 0.531162874678884, 0.49130152308054514], "tmeasure1_r": [0.3704664618360651, 0.531726931019255, 0.4366846318264771], "tmeasure0_r": [0.3401849346744081, 0.5283795044413255, 0.4138938669528415], "tmeasure1_f": [0.4616559004575754, 0.5353681935005794, 0.4957871869789109], "tmeasure0_f": [0.45700535515788093, 0.531162874678884, 0.49130152308054514]}