{"orig_r": [0.326540177834034, 0.49218676610054335, 0.3926064857659605], "orig_f": [0.43341143940326315, 0.5073171848155278, 0.4674612117548813], "tmeasure1_r": [0.35877912839016424, 0.4946879777343594, 0.41591227172785966], "tmeasure0_r": [0.326540177834034, 0.49218676610054335, 0.3926064857659605], "tmeasure1_f": [0.43703011358621474, 0.5110950062777592, 0.4711696884034923], "tmeasure0_f": [0.43341143940326315, 0.5073171848155278, 0.4674612117548813]}