{"orig_r": [0.48579663427086406, 0.5701851478290012, 0.5246189478302349], "orig_f": [0.5181813094015654, 0.5839851141171918, 0.549118834772994], "tmeasure1_r": [0.6877064220827255, 0.5708191185829435, 0.6238347351925133], "tmeasure0_r": [0.48579663427086406, 0.5701851478290012, 0.5246189478302349], "tmeasure1_f": [0.525150346631872, 0.5844302096279153, 0.5532067508514978], "tmeasure0_f": [0.5181813094015654, 0.5839851141171918, 0.549118834772994]}