{"orig_r": [0.36032122956524243, 0.6411929882797741, 0.46137227372109624], "orig_f": [0.5653836881529661, 0.6396624168615735, 0.6002337917413922], "tmeasure1_r": [0.5620994924769595, 0.640280224478285, 0.5986481377674039], "tmeasure0_r": [0.36032122956524243, 0.6411929882797741, 0.46137227372109624], "tmeasure1_f": [0.5730912807660872, 0.639863837211432, 0.6046396615149928], "tmeasure0_f": [0.5653836881529661, 0.6396624168615735, 0.6002337917413922]}