{"orig_r": [0.23964328903749862, 0.0, 0.0], "orig_f": [0.3104652125366914, 0.3865581086779211, 0.3443581920884407], "tmeasure1_r": [0.23627621514712427, 0.0, 0.0], "tmeasure0_r": [0.23964328903749862, 0.0, 0.0], "tmeasure1_f": [0.31079657543300077, 0.38317199372686384, 0.3432101935000199], "tmeasure0_f": [0.3104652125366914, 0.3865581086779211, 0.3443581920884407]}