{"orig_r": [0.25583445235540864, 0.0, 0.0], "orig_f": [0.1511200739926307, 0.18606391732928512, 0.16678130443811917], "tmeasure1_r": [0.39065621345443236, 0.0, 0.0], "tmeasure0_r": [0.25583445235540864, 0.0, 0.0], "tmeasure1_f": [0.14853175120095036, 0.18381746636772336, 0.16430145604466873], "tmeasure0_f": [0.1511200739926307, 0.18606391732928512, 0.16678130443811917]}