{"orig_r": [0.27621820244932627, 0.5651506950242063, 0.37107363859378784], "orig_f": [0.4408192448975703, 0.5745843233229735, 0.49889095422639074], "tmeasure1_r": [0.2826133709643369, 0.5644609036244714, 0.3766474877975127], "tmeasure0_r": [0.27621820244932627, 0.5651506950242063, 0.37107363859378784], "tmeasure1_f": [0.4454046102704622, 0.5742113998547871, 0.501672006373774], "tmeasure0_f": [0.4408192448975703, 0.5745843233229735, 0.49889095422639074]}