{"orig_r": [0.2548658243382409, 0.4631519816830215, 0.32879856353322134], "orig_f": [0.49106586250003553, 0.48517584879628395, 0.48810308737364894], "tmeasure1_r": [0.25194699877801385, 0.45716556105725425, 0.324860953188587], "tmeasure0_r": [0.2548658243382409, 0.4631519816830215, 0.32879856353322134], "tmeasure1_f": [0.49455910764031946, 0.48136535506378475, 0.4878730466283859], "tmeasure0_f": [0.49106586250003553, 0.48517584879628395, 0.48810308737364894]}