{"orig_r": [0.3163568211750202, 0.4364546827661246, 0.36682599908207], "orig_f": [0.513123824472595, 0.4579139242112921, 0.48394935086513], "tmeasure1_r": [0.29811327424947903, 0.4345663785086466, 0.3536334207952094], "tmeasure0_r": [0.3163568211750202, 0.4364546827661246, 0.36682599908207], "tmeasure1_f": [0.5186702136133636, 0.45596066003593555, 0.48529801247651866], "tmeasure0_f": [0.513123824472595, 0.4579139242112921, 0.48394935086513]}