{"orig_r": [0.15574670309640734, 0.582781910836241, 0.2458032350395745], "orig_f": [0.5523552754757738, 0.6840648969696788, 0.6111949044986377], "tmeasure1_r": [0.17149600381831595, 0.5768154370640757, 0.26438602162906477], "tmeasure0_r": [0.15574670309640734, 0.582781910836241, 0.2458032350395745], "tmeasure1_f": [0.5555660683067436, 0.6751972209873365, 0.6095675239236733], "tmeasure0_f": [0.5523552754757738, 0.6840648969696788, 0.6111949044986377]}