{"orig_r": [0.2027298305284909, 0.5085205234346072, 0.2898902727055968], "orig_f": [0.46563685895565626, 0.5443874055742718, 0.5019420829550016], "tmeasure1_r": [0.22474978874880377, 0.5069192766066999, 0.3114249480390315], "tmeasure0_r": [0.2027298305284909, 0.5085205234346072, 0.2898902727055968], "tmeasure1_f": [0.4721492687549832, 0.5418838828054247, 0.5046187664042083], "tmeasure0_f": [0.46563685895565626, 0.5443874055742718, 0.5019420829550016]}