{"orig_r": [0.2783317381140642, 0.5255208230000337, 0.3639202788083712], "orig_f": [0.5501393939271689, 0.562946241882175, 0.5564691419226693], "tmeasure1_r": [0.3028787665757202, 0.5259193796045909, 0.38438747419266506], "tmeasure0_r": [0.2783317381140642, 0.5255208230000337, 0.3639202788083712], "tmeasure1_f": [0.55447252008466, 0.5643097220444355, 0.5593478729065268], "tmeasure0_f": [0.5501393939271689, 0.562946241882175, 0.5564691419226693]}