{"orig_r": [0.18076672258467102, 0.0, 0.0], "orig_f": [0.4336764413497737, 0.49352322866530046, 0.4616684074694256], "tmeasure1_r": [0.20052728932543318, 0.0, 0.0], "tmeasure0_r": [0.18076672258467102, 0.0, 0.0], "tmeasure1_f": [0.4358472437479256, 0.4948966930069026, 0.46349882297184425], "tmeasure0_f": [0.4336764413497737, 0.49352322866530046, 0.4616684074694256]}