{"orig_r": [0.31619324990259334, 0.4882297199025905, 0.3838153499580442], "orig_f": [0.5520832951984814, 0.5074197757947915, 0.5288101366370495], "tmeasure1_r": [0.38208365652476456, 0.4878115953689007, 0.42852248623725536], "tmeasure0_r": [0.31619324990259334, 0.4882297199025905, 0.3838153499580442], "tmeasure1_f": [0.553263548679571, 0.5070737416979446, 0.5291625982033499], "tmeasure0_f": [0.5520832951984814, 0.5074197757947915, 0.5288101366370495]}