{"orig_r": [0.4703774928774938, 0.23293468201021567, 0.31157496099274823], "orig_f": [0.5904959522961726, 0.24365876672686396, 0.3449708122785721], "tmeasure1_r": [0.48256067762023386, 0.23271971675172198, 0.31400660522760404], "tmeasure0_r": [0.4703774928774938, 0.23293468201021567, 0.31157496099274823], "tmeasure1_f": [0.5984675586382948, 0.24363380588155134, 0.34629305960292617], "tmeasure0_f": [0.5904959522961726, 0.24365876672686396, 0.3449708122785721]}