{"orig_r": [0.15892397692813628, 0.610115256437634, 0.2521638395826328], "orig_f": [0.27674883861754, 0.5918494254306353, 0.3771447581785684], "tmeasure1_r": [0.23440786168539646, 0.6096376141918218, 0.33861646944359575], "tmeasure0_r": [0.15892397692813628, 0.610115256437634, 0.2521638395826328], "tmeasure1_f": [0.2790047405431612, 0.5916840942097057, 0.37920014728419194], "tmeasure0_f": [0.27674883861754, 0.5918494254306353, 0.3771447581785684]}