{"orig_r": [0.25842344997647243, 0.5924254948337634, 0.35986796754647205], "orig_f": [0.3102503211511766, 0.5700920111698535, 0.4018237520961754], "tmeasure1_r": [0.2600943485768943, 0.5925704139360979, 0.36151186861390106], "tmeasure0_r": [0.25842344997647243, 0.5924254948337634, 0.35986796754647205], "tmeasure1_f": [0.31241464849754946, 0.5695459834472957, 0.40349762058995264], "tmeasure0_f": [0.3102503211511766, 0.5700920111698535, 0.4018237520961754]}