{"orig_r": [0.4200924901296779, 0.6129125454614059, 0.4985066840594283], "orig_f": [0.5378561270365522, 0.6114256999992164, 0.5722861899250348], "tmeasure1_r": [0.4032820266565069, 0.6062293809080394, 0.484355920139876], "tmeasure0_r": [0.4200924901296779, 0.6129125454614059, 0.4985066840594283], "tmeasure1_f": [0.542853045801965, 0.6052453746397807, 0.572353884006458], "tmeasure0_f": [0.5378561270365522, 0.6114256999992164, 0.5722861899250348]}