{"orig_r": [0.19141484669772213, 0.5568022455671489, 0.2848911567993251], "orig_f": [0.5262176543748642, 0.5875566455144691, 0.5551980860856791], "tmeasure1_r": [0.14731895208603416, 0.5460127607527537, 0.23203331464632268], "tmeasure0_r": [0.19141484669772213, 0.5568022455671489, 0.2848911567993251], "tmeasure1_f": [0.5275490154812809, 0.5771688012743119, 0.5512445409326432], "tmeasure0_f": [0.5262176543748642, 0.5875566455144691, 0.5551980860856791]}