{"orig_r": [0.350962318441164, 0.5647424452035613, 0.4328978635032475], "orig_f": [0.5381757204239284, 0.5847783931566491, 0.5605100497329353], "tmeasure1_r": [0.3577943612796742, 0.5642411106440404, 0.43790568570950017], "tmeasure0_r": [0.350962318441164, 0.5647424452035613, 0.4328978635032475], "tmeasure1_f": [0.5389961242272064, 0.5854037127876432, 0.5612422234753299], "tmeasure0_f": [0.5381757204239284, 0.5847783931566491, 0.5605100497329353]}