{"orig_r": [0.3168644444879176, 0.6078916775343538, 0.4165839060130329], "orig_f": [0.4633111719934041, 0.6151434494642836, 0.5285393132817029], "tmeasure1_r": [0.2937271024914231, 0.6082610059703869, 0.3961532112588034], "tmeasure0_r": [0.3168644444879176, 0.6078916775343538, 0.4165839060130329], "tmeasure1_f": [0.46402547404561634, 0.6160056224359383, 0.5293223535818498], "tmeasure0_f": [0.4633111719934041, 0.6151434494642836, 0.5285393132817029]}