{"orig_r": [0.3144739137794067, 0.591546953378349, 0.4106441525938561], "orig_f": [0.5731201517649666, 0.6378228539626613, 0.6037429162780364], "tmeasure1_r": [0.3476007845796715, 0.5844010270563641, 0.43591815590437355], "tmeasure0_r": [0.3144739137794067, 0.591546953378349, 0.4106441525938561], "tmeasure1_f": [0.5767817568236077, 0.6322388732525064, 0.6032384212067603], "tmeasure0_f": [0.5731201517649666, 0.6378228539626613, 0.6037429162780364]}