{"orig_r": [0.31031728529602864, 0.5802091713456904, 0.40436515639263293], "orig_f": [0.5500311669489162, 0.6188990691792962, 0.5824364307177499], "tmeasure1_r": [0.348587821119054, 0.5726829187436889, 0.4333802913716874], "tmeasure0_r": [0.31031728529602864, 0.5802091713456904, 0.40436515639263293], "tmeasure1_f": [0.5530470567559939, 0.6128715951648349, 0.5814244952970852], "tmeasure0_f": [0.5500311669489162, 0.6188990691792962, 0.5824364307177499]}