{"orig_r": [0.3168277670198446, 0.5498514218869218, 0.4020131103156338], "orig_f": [0.4565049835618472, 0.5789913966465366, 0.5105038763252611], "tmeasure1_r": [0.4038882558625074, 0.5481112842220364, 0.4650752469551355], "tmeasure0_r": [0.3168277670198446, 0.5498514218869218, 0.4020131103156338], "tmeasure1_f": [0.4588097118664673, 0.5745127218815381, 0.510183477646959], "tmeasure0_f": [0.4565049835618472, 0.5789913966465366, 0.5105038763252611]}