{"orig_r": [0.41145114940098737, 0.5083550078930413, 0.4547985478085421], "orig_f": [0.42869830311821533, 0.49818717957823067, 0.4608379406248219], "tmeasure1_r": [0.45087721140562376, 0.5124145304566163, 0.4796802973299892], "tmeasure0_r": [0.41145114940098737, 0.5083550078930413, 0.4547985478085421], "tmeasure1_f": [0.4360346286759774, 0.500180554286571, 0.4659100732999202], "tmeasure0_f": [0.42869830311821533, 0.49818717957823067, 0.4608379406248219]}