{"orig_r": [0.36697259636412605, 0.5140474285833454, 0.4282338974821377], "orig_f": [0.5353793170691937, 0.5065026877584009, 0.5205408324730127], "tmeasure1_r": [0.3724934206809913, 0.514122482108783, 0.4319959554235757], "tmeasure0_r": [0.36697259636412605, 0.5140474285833454, 0.4282338974821377], "tmeasure1_f": [0.5368886421406844, 0.5064927776805023, 0.5212479626281853], "tmeasure0_f": [0.5353793170691937, 0.5065026877584009, 0.5205408324730127]}