{"orig_r": [0.608814964331792, 0.5804569190881687, 0.5942978446182847], "orig_f": [0.6091987848809328, 0.5843035082596815, 0.5964915011546215], "tmeasure1_r": [0.6105114520229625, 0.5806841448677388, 0.5952243634467432], "tmeasure0_r": [0.608814964331792, 0.5804569190881687, 0.5942978446182847], "tmeasure1_f": [0.6116402339177969, 0.5842640749316217, 0.5976388124310019], "tmeasure0_f": [0.6091987848809328, 0.5843035082596815, 0.5964915011546215]}