{"orig_r": [0.2019769263049417, 0.0, 0.0], "orig_f": [0.3956180122141462, 0.6075285177578074, 0.47919066133931637], "tmeasure1_r": [0.19022341213897925, 0.0, 0.0], "tmeasure0_r": [0.2019769263049417, 0.0, 0.0], "tmeasure1_f": [0.39672137591319767, 0.6077881818473987, 0.48008017823907506], "tmeasure0_f": [0.3956180122141462, 0.6075285177578074, 0.47919066133931637]}