{"orig_r": [0.24670553981695417, 0.5967528318446675, 0.3490918685826912], "orig_f": [0.4540978611403972, 0.6002649738255884, 0.5170497891088693], "tmeasure1_r": [0.2379133175052953, 0.5991700589451321, 0.34058862111908544], "tmeasure0_r": [0.24670553981695417, 0.5967528318446675, 0.3490918685826912], "tmeasure1_f": [0.45754819224981724, 0.6041285827535583, 0.5207195776218349], "tmeasure0_f": [0.4540978611403972, 0.6002649738255884, 0.5170497891088693]}