{"orig_r": [0.5077113498676908, 0.5881825436367132, 0.544992457697653], "orig_f": [0.5506071665833197, 0.6041263681060607, 0.5761265223679986], "tmeasure1_r": [0.4623816513738454, 0.5865886585202849, 0.5171315718767147], "tmeasure0_r": [0.5077113498676908, 0.5881825436367132, 0.544992457697653], "tmeasure1_f": [0.5521430170873172, 0.6035261543883721, 0.5766922922233747], "tmeasure0_f": [0.5506071665833197, 0.6041263681060607, 0.5761265223679986]}