{"orig_r": [0.45498826898866407, 0.5207975082815693, 0.4856737253324775], "orig_f": [0.5879788944322374, 0.5665216853437225, 0.5770508911912909], "tmeasure1_r": [0.3860582729008897, 0.520833118302904, 0.4434311232234856], "tmeasure0_r": [0.45498826898866407, 0.5207975082815693, 0.4856737253324775], "tmeasure1_f": [0.5904072985303642, 0.5665220458879752, 0.5782181120814733], "tmeasure0_f": [0.5879788944322374, 0.5665216853437225, 0.5770508911912909]}