{"orig_r": [0.3409162116639325, 0.5373113512976696, 0.4171541821135915], "orig_f": [0.38874295494013694, 0.5072457754868402, 0.44015781660487385], "tmeasure1_r": [0.3409162116639325, 0.537637043654372, 0.4172523021531305], "tmeasure0_r": [0.3409162116639325, 0.5373113512976696, 0.4171541821135915], "tmeasure1_f": [0.38899063517967863, 0.5075565790500934, 0.4404335944402833], "tmeasure0_f": [0.38874295494013694, 0.5072457754868402, 0.44015781660487385]}