{"orig_r": [0.5081454100625403, 0.6850073992237569, 0.5834682080372282], "orig_f": [0.4665881909076749, 0.636690982852322, 0.5385264236319545], "tmeasure1_r": [0.5081454100625403, 0.6850073992237569, 0.5834682080372282], "tmeasure0_r": [0.5081454100625403, 0.6850073992237569, 0.5834682080372282], "tmeasure1_f": [0.46654237350117955, 0.636690982852322, 0.5384959049978933], "tmeasure0_f": [0.4665881909076749, 0.636690982852322, 0.5385264236319545]}