{"orig_r": [0.3115121557195978, 0.5432703461546964, 0.39597281483440944], "orig_f": [0.5385590132206137, 0.5636708553488722, 0.5508288757079176], "tmeasure1_r": [0.40830866004723826, 0.543822078786821, 0.46642179532079936], "tmeasure0_r": [0.3115121557195978, 0.5432703461546964, 0.39597281483440944], "tmeasure1_f": [0.5404262227003622, 0.5642432292286649, 0.5520779750427883], "tmeasure0_f": [0.5385590132206137, 0.5636708553488722, 0.5508288757079176]}