{"orig_r": [0.4204966595264381, 0.5476924262467805, 0.4757393758488323], "orig_f": [0.5801203738754995, 0.5761965348060571, 0.5781517967744455], "tmeasure1_r": [0.4303964423613094, 0.5479576477509401, 0.48211383698435323], "tmeasure0_r": [0.4204966595264381, 0.5476924262467805, 0.4757393758488323], "tmeasure1_f": [0.5844862830343301, 0.5767066102061794, 0.5805703857867509], "tmeasure0_f": [0.5801203738754995, 0.5761965348060571, 0.5781517967744455]}