{"orig_r": [0.3856571029711121, 0.3226307711051479, 0.3513397675373749], "orig_f": [0.6710599031269039, 0.3907805072509829, 0.4939294582815928], "tmeasure1_r": [0.7343721677372282, 0.3182154842669325, 0.4440268599839804], "tmeasure0_r": [0.3856571029711121, 0.3226307711051479, 0.3513397675373749], "tmeasure1_f": [0.6780199759671984, 0.3805617972083603, 0.48749847604726143], "tmeasure0_f": [0.6710599031269039, 0.3907805072509829, 0.4939294582815928]}