{"orig_r": [0.3203032734758675, 0.3455035620212322, 0.3324265117535134], "orig_f": [0.6011294614294045, 0.38647079943416823, 0.470471693312251], "tmeasure1_r": [0.5034741835535679, 0.3413129560705527, 0.40682972984256305], "tmeasure0_r": [0.3203032734758675, 0.3455035620212322, 0.3324265117535134], "tmeasure1_f": [0.6109552688967448, 0.37989252805565393, 0.4684823286562878], "tmeasure0_f": [0.6011294614294045, 0.38647079943416823, 0.470471693312251]}