{"orig_r": [0.3126044007861358, 0.7152682572637176, 0.4350655759002071], "orig_f": [0.5459449218185193, 0.6809676911989783, 0.6060266215997598], "tmeasure1_r": [0.7114905994738491, 0.7083695637727455, 0.7099266514038645], "tmeasure0_r": [0.3126044007861358, 0.7152682572637176, 0.4350655759002071], "tmeasure1_f": [0.5517904757769345, 0.6730803716636452, 0.6064302033025827], "tmeasure0_f": [0.5459449218185193, 0.6809676911989783, 0.6060266215997598]}