{"orig_r": [0.3486338908221421, 0.6512432740001436, 0.4541467381681321], "orig_f": [0.5430039327172163, 0.66193574566366, 0.596600343652813], "tmeasure1_r": [0.5189837233309316, 0.6420126073123935, 0.573979580424268], "tmeasure0_r": [0.3486338908221421, 0.6512432740001436, 0.4541467381681321], "tmeasure1_f": [0.548968139730195, 0.652396088555456, 0.5962299503667049], "tmeasure0_f": [0.5430039327172163, 0.66193574566366, 0.596600343652813]}