{"orig_r": [0.1757844355930643, 0.48966917250078973, 0.25869938360371525], "orig_f": [0.19329578003227715, 0.5217070868011792, 0.28207936770438186], "tmeasure1_r": [0.17358431461538223, 0.49003823096143895, 0.25635943511484827], "tmeasure0_r": [0.1757844355930643, 0.48966917250078973, 0.25869938360371525], "tmeasure1_f": [0.19443755107794733, 0.5239977841865394, 0.28362982978835055], "tmeasure0_f": [0.19329578003227715, 0.5217070868011792, 0.28207936770438186]}