{"orig_r": [0.20661349157262648, 0.48909212390975393, 0.2905051480764574], "orig_f": [0.2983841135370399, 0.536809899575452, 0.38356488075341283], "tmeasure1_r": [0.20311696053572698, 0.48892292114824837, 0.2870023543678687], "tmeasure0_r": [0.20661349157262648, 0.48909212390975393, 0.2905051480764574], "tmeasure1_f": [0.2996988231202464, 0.5387475273627886, 0.3851456919492847], "tmeasure0_f": [0.2983841135370399, 0.536809899575452, 0.38356488075341283]}