{"orig_r": [0.340794239433162, 0.6582114731561236, 0.449075867242099], "orig_f": [0.33792285497988045, 0.5977992753309088, 0.431773560293223], "tmeasure1_r": [0.3674401241628042, 0.6608884385902882, 0.47229443726281833], "tmeasure0_r": [0.340794239433162, 0.6582114731561236, 0.449075867242099], "tmeasure1_f": [0.3404930756400764, 0.6008320800710416, 0.43466205411681713], "tmeasure0_f": [0.33792285497988045, 0.5977992753309088, 0.431773560293223]}