{"orig_r": [0.28155740328383966, 0.5463049050875725, 0.3715984866620436], "orig_f": [0.2908383966474014, 0.5123405583995553, 0.3710463418047338], "tmeasure1_r": [0.2743981554118044, 0.5477388947777299, 0.36562892364395916], "tmeasure0_r": [0.28155740328383966, 0.5463049050875725, 0.3715984866620436], "tmeasure1_f": [0.2920503257256952, 0.5130770103190195, 0.3722251158982225], "tmeasure0_f": [0.2908383966474014, 0.5123405583995553, 0.3710463418047338]}