{"orig_r": [0.09972258366338635, 0.42696402522482074, 0.16168231737129984], "orig_f": [0.36526748504035467, 0.4153252488981185, 0.3886913176179591], "tmeasure1_r": [0.10315533774469798, 0.4304266923396351, 0.16642543533788307], "tmeasure0_r": [0.09972258366338635, 0.42696402522482074, 0.16168231737129984], "tmeasure1_f": [0.36832705778886426, 0.41768718696928187, 0.3914572634745075], "tmeasure0_f": [0.36526748504035467, 0.4153252488981185, 0.3886913176179591]}