{"orig_r": [0.11023342355634347, 0.703230273152374, 0.19059112501687137], "orig_f": [0.3062509799694855, 0.4733426760647112, 0.37189029768050813], "tmeasure1_r": [0.11581207154102661, 0.703230273152374, 0.19887263517401055], "tmeasure0_r": [0.11023342355634347, 0.703230273152374, 0.19059112501687137], "tmeasure1_f": [0.30624420877240344, 0.4736646350841845, 0.371984630094793], "tmeasure0_f": [0.3062509799694855, 0.4733426760647112, 0.37189029768050813]}