{"orig_r": [0.26323883799482817, 0.5878243352070737, 0.3636350386607156], "orig_f": [0.5444053434718381, 0.5829882060693651, 0.5630365628655283], "tmeasure1_r": [0.36239195554744025, 0.586112080163592, 0.44786800035328866], "tmeasure0_r": [0.26323883799482817, 0.5878243352070737, 0.3636350386607156], "tmeasure1_f": [0.5483829685308564, 0.5811129251273758, 0.5642737308249567], "tmeasure0_f": [0.5444053434718381, 0.5829882060693651, 0.5630365628655283]}