{"orig_r": [0.30630406923261, 0.5827296175043974, 0.4015426091649566], "orig_f": [0.5593145678925385, 0.592421939157315, 0.5753924076932828], "tmeasure1_r": [0.322822991769802, 0.573913036127781, 0.41321485381341416], "tmeasure0_r": [0.30630406923261, 0.5827296175043974, 0.4015426091649566], "tmeasure1_f": [0.5600067898706942, 0.5871972162373299, 0.5732797764569713], "tmeasure0_f": [0.5593145678925385, 0.592421939157315, 0.5753924076932828]}