{"orig_r": [0.4996056391995906, 0.5540438931425506, 0.5254184524958913], "orig_f": [0.43393988207851697, 0.587580993002277, 0.4992062972669444], "tmeasure1_r": [0.4629104355149202, 0.549398255728461, 0.5024597497390344], "tmeasure0_r": [0.4996056391995906, 0.5540438931425506, 0.5254184524958913], "tmeasure1_f": [0.44087519432286354, 0.5828113703380327, 0.5020034159312625], "tmeasure0_f": [0.43393988207851697, 0.587580993002277, 0.4992062972669444]}