{"orig_r": [0.5002050553372064, 0.6036069408885396, 0.547062804719374], "orig_f": [0.4048648653318397, 0.5838296009296127, 0.47814992563051856], "tmeasure1_r": [0.5063678744582498, 0.6046663422512414, 0.5511686424726293], "tmeasure0_r": [0.5002050553372064, 0.6036069408885396, 0.547062804719374], "tmeasure1_f": [0.41266597034228725, 0.5786053600533664, 0.48174649065330793], "tmeasure0_f": [0.4048648653318397, 0.5838296009296127, 0.47814992563051856]}