{"orig_r": [0.40019619350828145, 0.6027219740347189, 0.4810104105371089], "orig_f": [0.5674489048893522, 0.6211611032171971, 0.5930914015135292], "tmeasure1_r": [0.5328288036800951, 0.5900673154652719, 0.5599892214951794], "tmeasure0_r": [0.40019619350828145, 0.6027219740347189, 0.4810104105371089], "tmeasure1_f": [0.5684822642943332, 0.6098365848325792, 0.5884337382059618], "tmeasure0_f": [0.5674489048893522, 0.6211611032171971, 0.5930914015135292]}