{"orig_r": [0.32889046010194584, 0.7098572879567213, 0.44951296496985466], "orig_f": [0.40185965638100585, 0.6403155933679607, 0.4938075518262972], "tmeasure1_r": [0.4587155772119234, 0.6941131318594325, 0.5523812920789565], "tmeasure0_r": [0.32889046010194584, 0.7098572879567213, 0.44951296496985466], "tmeasure1_f": [0.4040469210774147, 0.6312769713987861, 0.4927260319100922], "tmeasure0_f": [0.40185965638100585, 0.6403155933679607, 0.4938075518262972]}