{"orig_r": [0.38066443564649255, 0.5592737618762673, 0.4529992110068813], "orig_f": [0.5415015385522323, 0.5800084121211793, 0.5600939115132575], "tmeasure1_r": [0.3630145691246024, 0.5540758177283641, 0.4386429017650829], "tmeasure0_r": [0.38066443564649255, 0.5592737618762673, 0.4529992110068813], "tmeasure1_f": [0.5448900833165686, 0.5751144243168234, 0.5595944381415475], "tmeasure0_f": [0.5415015385522323, 0.5800084121211793, 0.5600939115132575]}