{"orig_r": [0.4631361709025474, 0.4966467684269006, 0.47930646231544577], "orig_f": [0.6044574039300589, 0.5681906265535736, 0.5857631994185324], "tmeasure1_r": [0.5556877775205746, 0.49043428279527224, 0.5210258859164476], "tmeasure0_r": [0.4631361709025474, 0.4966467684269006, 0.47930646231544577], "tmeasure1_f": [0.6110746889466108, 0.564212322045645, 0.5867092309695564], "tmeasure0_f": [0.6044574039300589, 0.5681906265535736, 0.5857631994185324]}