{"orig_r": [0.3146503743091834, 0.6515061724509601, 0.42435495927417266], "orig_f": [0.5426621839308747, 0.6533652898904846, 0.5928904525642303], "tmeasure1_r": [0.3580152686010428, 0.6466038577695091, 0.46085934010465], "tmeasure0_r": [0.3146503743091834, 0.6515061724509601, 0.42435495927417266], "tmeasure1_f": [0.5440959388243801, 0.6484923867027828, 0.5917248499100406], "tmeasure0_f": [0.5426621839308747, 0.6533652898904846, 0.5928904525642303]}