{"orig_r": [0.3637135194884251, 0.5371212951757242, 0.4337271905579664], "orig_f": [0.45585801520474883, 0.5498968389937904, 0.4984810772617769], "tmeasure1_r": [0.40591199115370846, 0.5278319330110861, 0.45891235354422005], "tmeasure0_r": [0.3637135194884251, 0.5371212951757242, 0.4337271905579664], "tmeasure1_f": [0.4594423361895556, 0.5379166621791187, 0.4955922357969365], "tmeasure0_f": [0.45585801520474883, 0.5498968389937904, 0.4984810772617769]}