{"orig_r": [0.48528747401721994, 0.5511073964093106, 0.5161073717117363], "orig_f": [0.5363269859485976, 0.5831214581401658, 0.5587461856554573], "tmeasure1_r": [0.496054408643566, 0.5506349953698165, 0.5219216244270583], "tmeasure0_r": [0.48528747401721994, 0.5511073964093106, 0.5161073717117363], "tmeasure1_f": [0.5406938362957436, 0.5825026772568447, 0.5608201297248747], "tmeasure0_f": [0.5363269859485976, 0.5831214581401658, 0.5587461856554573]}