{"orig_r": [0.38851325536605963, 0.6338124327501898, 0.4817340196018968], "orig_f": [0.6044633883642235, 0.7071529203173337, 0.6517882516059046], "tmeasure1_r": [0.7096774193548393, 0.6386745912147356, 0.6723065373845751], "tmeasure0_r": [0.38851325536605963, 0.6338124327501898, 0.4817340196018968], "tmeasure1_f": [0.6126552619827438, 0.7018113674424866, 0.6542097266797168], "tmeasure0_f": [0.6044633883642235, 0.7071529203173337, 0.6517882516059046]}