{"orig_r": [0.42238262029814067, 0.6300908716176162, 0.5057408769418976], "orig_f": [0.5540521599109933, 0.6642741326424727, 0.6041772556548716], "tmeasure1_r": [0.7419354838709679, 0.6280294328105623, 0.6802470858103488], "tmeasure0_r": [0.42238262029814067, 0.6300908716176162, 0.5057408769418976], "tmeasure1_f": [0.5602601365881343, 0.6590055734901668, 0.6056342757186728], "tmeasure0_f": [0.5540521599109933, 0.6642741326424727, 0.6041772556548716]}