{"orig_r": [0.16550563852072306, 0.49280124578307466, 0.24779137752263375], "orig_f": [0.24476504038641964, 0.483979881587343, 0.3251106160495637], "tmeasure1_r": [0.20179652384738647, 0.49995261831439747, 0.28753494490481424], "tmeasure0_r": [0.16550563852072306, 0.49280124578307466, 0.24779137752263375], "tmeasure1_f": [0.24778658167435474, 0.4895033380120228, 0.32902215425861164], "tmeasure0_f": [0.24476504038641964, 0.483979881587343, 0.3251106160495637]}