{"orig_r": [0.16417565445256435, 0.45882383431448387, 0.24182268086958847], "orig_f": [0.3327487841808016, 0.43918301385545994, 0.3786283043787752], "tmeasure1_r": [0.192655098433354, 0.4643353718583587, 0.2723222963393676], "tmeasure0_r": [0.16417565445256435, 0.45882383431448387, 0.24182268086958847], "tmeasure1_f": [0.33616612117139655, 0.444469902305291, 0.3828050936464663], "tmeasure0_f": [0.3327487841808016, 0.43918301385545994, 0.3786283043787752]}