{"orig_r": [0.45882337307482907, 0.47621689727480504, 0.46735835888897753], "orig_f": [0.6379364143853561, 0.5197099097498179, 0.5727861254930621], "tmeasure1_r": [0.5562275969768786, 0.4715412023967802, 0.5103953925135495], "tmeasure0_r": [0.45882337307482907, 0.47621689727480504, 0.46735835888897753], "tmeasure1_f": [0.6396686881732125, 0.5158231648408015, 0.5711090499208712], "tmeasure0_f": [0.6379364143853561, 0.5197099097498179, 0.5727861254930621]}