{"orig_r": [0.3635824656621017, 0.49779732909871943, 0.4202336330955536], "orig_f": [0.6428932832038168, 0.555659558150409, 0.5961018744559821], "tmeasure1_r": [0.44036314283940875, 0.49049018985981346, 0.46407697958655275], "tmeasure0_r": [0.3635824656621017, 0.49779732909871943, 0.4202336330955536], "tmeasure1_f": [0.6435537905923828, 0.5507589678846674, 0.5935514277464484], "tmeasure0_f": [0.6428932832038168, 0.555659558150409, 0.5961018744559821]}