{"orig_r": [0.5494949877334329, 0.644975858933731, 0.5934192578781398], "orig_f": [0.7369367406256672, 0.6666340041360864, 0.7000246934922746], "tmeasure1_r": [0.717215669978135, 0.6539403747069445, 0.6841180269586533], "tmeasure0_r": [0.5494949877334329, 0.644975858933731, 0.5934192578781398], "tmeasure1_f": [0.7520786091646227, 0.6711406696343931, 0.709308184468077], "tmeasure0_f": [0.7369367406256672, 0.6666340041360864, 0.7000246934922746]}