{"orig_r": [0.35836766819677196, 0.497267301010158, 0.41654333809822347], "orig_f": [0.5749389739838683, 0.5462584125863466, 0.5602318646553184], "tmeasure1_r": [0.49052724066654185, 0.4894947504881615, 0.4900104516936541], "tmeasure0_r": [0.35836766819677196, 0.497267301010158, 0.41654333809822347], "tmeasure1_f": [0.5819219018605053, 0.5390758217632031, 0.5596800436550384], "tmeasure0_f": [0.5749389739838683, 0.5462584125863466, 0.5602318646553184]}