{"orig_r": [0.3580914728230557, 0.4861765003250103, 0.4124180108459692], "orig_f": [0.5673775437776124, 0.5208557208339962, 0.5431222315277828], "tmeasure1_r": [0.4889827594355292, 0.4778380193848179, 0.4833461555658465], "tmeasure0_r": [0.3580914728230557, 0.4861765003250103, 0.4124180108459692], "tmeasure1_f": [0.5726961275972393, 0.5130314637880273, 0.5412244009974482], "tmeasure0_f": [0.5673775437776124, 0.5208557208339962, 0.5431222315277828]}