{"orig_r": [0.6541007833427429, 0.6655885048812517, 0.6597946445600862], "orig_f": [0.5740200893193025, 0.688557076292173, 0.6260933671222393], "tmeasure1_r": [0.6838201785301653, 0.6636788983272783, 0.6735990109904556], "tmeasure0_r": [0.6541007833427429, 0.6655885048812517, 0.6597946445600862], "tmeasure1_f": [0.5813176910659061, 0.6866659224940715, 0.6296154687317854], "tmeasure0_f": [0.5740200893193025, 0.688557076292173, 0.6260933671222393]}