{"orig_r": [0.2985346334787924, 0.5954503700443563, 0.39768577163028496], "orig_f": [0.4579837778529735, 0.6238235989723567, 0.5281921619163221], "tmeasure1_r": [0.28536132099578815, 0.5858908382715402, 0.38379378872149666], "tmeasure0_r": [0.2985346334787924, 0.5954503700443563, 0.39768577163028496], "tmeasure1_f": [0.4583205380777513, 0.6142392671570103, 0.5249468981736937], "tmeasure0_f": [0.4579837778529735, 0.6238235989723567, 0.5281921619163221]}