{"orig_r": [0.3640187009552469, 0.6839989932439763, 0.47516072744481247], "orig_f": [0.5168656821731863, 0.7152181789489552, 0.6000756013936112], "tmeasure1_r": [0.3645880015020847, 0.6789406349015573, 0.47441651447228345], "tmeasure0_r": [0.3640187009552469, 0.6839989932439763, 0.47516072744481247], "tmeasure1_f": [0.5184249516005719, 0.7100509982213189, 0.5992924068887058], "tmeasure0_f": [0.5168656821731863, 0.7152181789489552, 0.6000756013936112]}