{"orig_r": [0.3567404966099678, 0.6917831426233296, 0.470732471089172], "orig_f": [0.5762358696545407, 0.707239974575811, 0.6350521416295624], "tmeasure1_r": [0.312661979633416, 0.6936102601392475, 0.4310276055676145], "tmeasure0_r": [0.3567404966099678, 0.6917831426233296, 0.470732471089172], "tmeasure1_f": [0.5780933665560086, 0.7085269962953634, 0.6366987005809093], "tmeasure0_f": [0.5762358696545407, 0.707239974575811, 0.6350521416295624]}