{"orig_r": [0.25637233467974635, 0.613034970641245, 0.36154563160841907], "orig_f": [0.37252189451698137, 0.5945391006896356, 0.45804521793582514], "tmeasure1_r": [0.4515670972439377, 0.6097373795260795, 0.5188658760616572], "tmeasure0_r": [0.25637233467974635, 0.613034970641245, 0.36154563160841907], "tmeasure1_f": [0.3731164808718615, 0.5907833208917896, 0.4573732523766741], "tmeasure0_f": [0.37252189451698137, 0.5945391006896356, 0.45804521793582514]}