{"orig_r": [0.3016670292724514, 0.5904300336072685, 0.3993136658394157], "orig_f": [0.4512676311181548, 0.5631980703789117, 0.5010579632118636], "tmeasure1_r": [0.4515670972439377, 0.5871900508510751, 0.5105249235196347], "tmeasure0_r": [0.3016670292724514, 0.5904300336072685, 0.3993136658394157], "tmeasure1_f": [0.4517423905457919, 0.5602342830592218, 0.5001727429019008], "tmeasure0_f": [0.4512676311181548, 0.5631980703789117, 0.5010579632118636]}