{"orig_r": [0.33282668741697474, 0.5803519470069256, 0.4230423463206933], "orig_f": [0.4054543349758737, 0.6040474068161876, 0.48521687380110745], "tmeasure1_r": [0.34007775919261235, 0.590586131009431, 0.4316170642450073], "tmeasure0_r": [0.33282668741697474, 0.5803519470069256, 0.4230423463206933], "tmeasure1_f": [0.4080407706143339, 0.6058224822295434, 0.4876402647221643], "tmeasure0_f": [0.4054543349758737, 0.6040474068161876, 0.48521687380110745]}