{"orig_r": [0.2752408378548858, 0.5839526052605875, 0.3741360123900902], "orig_f": [0.37342904415312783, 0.6113384072022106, 0.46364553731222297], "tmeasure1_r": [0.29385211164567326, 0.5917899397001081, 0.3927065639380918], "tmeasure0_r": [0.2752408378548858, 0.5839526052605875, 0.3741360123900902], "tmeasure1_f": [0.3753735069724689, 0.6114653840932971, 0.46517807049838333], "tmeasure0_f": [0.37342904415312783, 0.6113384072022106, 0.46364553731222297]}