{"orig_r": [0.6037075806708032, 0.6447744167022157, 0.623565584453393], "orig_f": [0.5399537154182884, 0.6575007591201261, 0.5929577872496699], "tmeasure1_r": [0.7908736451275906, 0.631505617434507, 0.7022615735824872], "tmeasure0_r": [0.6037075806708032, 0.6447744167022157, 0.623565584453393], "tmeasure1_f": [0.5437443381359015, 0.6467085057644003, 0.5907736543038932], "tmeasure0_f": [0.5399537154182884, 0.6575007591201261, 0.5929577872496699]}