{"orig_r": [0.28088606200949023, 0.5936110633009671, 0.38133246893563233], "orig_f": [0.4953927353704628, 0.6035413818376438, 0.5441454794713579], "tmeasure1_r": [0.22899480470590552, 0.5840099706064654, 0.3289900704800798], "tmeasure0_r": [0.28088606200949023, 0.5936110633009671, 0.38133246893563233], "tmeasure1_f": [0.493722208150606, 0.593088815380362, 0.5388629913003006], "tmeasure0_f": [0.4953927353704628, 0.6035413818376438, 0.5441454794713579]}