{"orig_r": [0.34305903905000723, 0.40902314489619795, 0.37314828095259933], "orig_f": [0.4989960689089074, 0.4110640622511225, 0.45078197387149843], "tmeasure1_r": [0.3040450606930811, 0.403390492402534, 0.3467422190158527], "tmeasure0_r": [0.34305903905000723, 0.40902314489619795, 0.37314828095259933], "tmeasure1_f": [0.4995515227184841, 0.4054388145154832, 0.4476016346857957], "tmeasure0_f": [0.4989960689089074, 0.4110640622511225, 0.45078197387149843]}