{"orig_r": [0.2144873002429886, 0.5157983184010586, 0.3029833422959418], "orig_f": [0.5244094579332079, 0.4560814825906454, 0.48786466692073543], "tmeasure1_r": [0.1803146996174539, 0.5113215068629129, 0.26661063447535766], "tmeasure0_r": [0.2144873002429886, 0.5157983184010586, 0.3029833422959418], "tmeasure1_f": [0.5250703867325117, 0.4513093789548791, 0.4854037301295711], "tmeasure0_f": [0.5244094579332079, 0.4560814825906454, 0.48786466692073543]}