{"orig_r": [0.3455915369449291, 0.3604985991975279, 0.3528877082005632], "orig_f": [0.4454475307332746, 0.37433954772014827, 0.4068096011035745], "tmeasure1_r": [0.40526694934263763, 0.35943528436357525, 0.3809776793095985], "tmeasure0_r": [0.3455915369449291, 0.3604985991975279, 0.3528877082005632], "tmeasure1_f": [0.44802162157262415, 0.3731911983972608, 0.4071970670616249], "tmeasure0_f": [0.4454475307332746, 0.37433954772014827, 0.4068096011035745]}