{"orig_r": [0.3819734803615823, 0.34135520955906246, 0.36052389253117295], "orig_f": [0.4525201085844113, 0.3843836686670907, 0.4156782277995008], "tmeasure1_r": [0.44373873650028034, 0.340949652537248, 0.3856118432252025], "tmeasure0_r": [0.3819734803615823, 0.34135520955906246, 0.36052389253117295], "tmeasure1_f": [0.4549302968349227, 0.38287352451672196, 0.41580322676880677], "tmeasure0_f": [0.4525201085844113, 0.3843836686670907, 0.4156782277995008]}