{"orig_r": [0.09853438213199285, 0.7136406522050481, 0.17316006465698822], "orig_f": [0.3096326071924201, 0.6531491607490912, 0.42010824106209704], "tmeasure1_r": [0.10582747817373181, 0.7066827108772651, 0.1840874124876321], "tmeasure0_r": [0.09853438213199285, 0.7136406522050481, 0.17316006465698822], "tmeasure1_f": [0.3103786939996406, 0.6477111048819962, 0.4196594662775954], "tmeasure0_f": [0.3096326071924201, 0.6531491607490912, 0.42010824106209704]}