{"orig_r": [0.09990595574757842, 0.7106623077349621, 0.17518425101668292], "orig_f": [0.30937478106789484, 0.6507969495313896, 0.419383652662347], "tmeasure1_r": [0.10768617266168581, 0.69785692161899, 0.18658105689980806], "tmeasure0_r": [0.09990595574757842, 0.7106623077349621, 0.17518425101668292], "tmeasure1_f": [0.30960312418064423, 0.6447138921699996, 0.41832102288565715], "tmeasure0_f": [0.30937478106789484, 0.6507969495313896, 0.419383652662347]}