{"orig_r": [0.2051543663650732, 0.6310888006169052, 0.30964826529565026], "orig_f": [0.36360457204122865, 0.6217167866351293, 0.4588534778927211], "tmeasure1_r": [0.24214292200238474, 0.6265129392834401, 0.34928832130559284], "tmeasure0_r": [0.2051543663650732, 0.6310888006169052, 0.30964826529565026], "tmeasure1_f": [0.3633772134448249, 0.6172545697759797, 0.45745253088696985], "tmeasure0_f": [0.36360457204122865, 0.6217167866351293, 0.4588534778927211]}