{"orig_r": [0.43280994105212883, 0.45908548971857965, 0.4455606719978091], "orig_f": [0.7368500171624038, 0.5710124162056706, 0.6434170719279027], "tmeasure1_r": [0.5105634752897465, 0.45225729278985277, 0.4796449407556401], "tmeasure0_r": [0.43280994105212883, 0.45908548971857965, 0.4455606719978091], "tmeasure1_f": [0.745780963882838, 0.5610029949686403, 0.6403282677216009], "tmeasure0_f": [0.7368500171624038, 0.5710124162056706, 0.6434170719279027]}