{"orig_r": [0.43610125458059734, 0.4624293884692179, 0.44887959698706414], "orig_f": [0.7607228282064549, 0.5920124185161222, 0.6658470124705614], "tmeasure1_r": [0.5045276533236985, 0.45493829838826294, 0.4784514795618575], "tmeasure0_r": [0.43610125458059734, 0.4624293884692179, 0.44887959698706414], "tmeasure1_f": [0.7765319858445361, 0.5851640795420968, 0.6674009513315219], "tmeasure0_f": [0.7607228282064549, 0.5920124185161222, 0.6658470124705614]}