{"orig_r": [0.17374735363321706, 0.5702262157187391, 0.266340902512747], "orig_f": [0.5949903240585493, 0.5782887390892408, 0.5865206583453306], "tmeasure1_r": [0.15780503500772855, 0.5521112843763586, 0.24545411390109304], "tmeasure0_r": [0.17374735363321706, 0.5702262157187391, 0.266340902512747], "tmeasure1_f": [0.6008296145919355, 0.5586973639328494, 0.5789980363757946], "tmeasure0_f": [0.5949903240585493, 0.5782887390892408, 0.5865206583453306]}