{"orig_r": [0.4878395680774033, 0.6779242609762, 0.5673846973487036], "orig_f": [0.7204380433328276, 0.6547811100620923, 0.686042250909466], "tmeasure1_r": [0.6108558145927568, 0.6526094485321274, 0.6310427170875356], "tmeasure0_r": [0.4878395680774033, 0.6779242609762, 0.5673846973487036], "tmeasure1_f": [0.7325412358751147, 0.6350902649247643, 0.6803438020960243], "tmeasure0_f": [0.7204380433328276, 0.6547811100620923, 0.686042250909466]}