{"orig_r": [0.3581439905717301, 0.6779355107480022, 0.46868706283697875], "orig_f": [0.5369548106425222, 0.7357051450717614, 0.6208106338020504], "tmeasure1_r": [0.43205201974684987, 0.6713883571041344, 0.5257641496664829], "tmeasure0_r": [0.3581439905717301, 0.6779355107480022, 0.46868706283697875], "tmeasure1_f": [0.5389832914053714, 0.7296319113618536, 0.619982179375415], "tmeasure0_f": [0.5369548106425222, 0.7357051450717614, 0.6208106338020504]}