{"orig_r": [0.25460590006528716, 0.7291144988320563, 0.37741791963217924], "orig_f": [0.4979969674006154, 0.7543183856921427, 0.5999259972362422], "tmeasure1_r": [0.275726409214641, 0.7251053256241321, 0.3995290732242065], "tmeasure0_r": [0.25460590006528716, 0.7291144988320563, 0.37741791963217924], "tmeasure1_f": [0.5012631425616882, 0.7502431358804008, 0.600986568672891], "tmeasure0_f": [0.4979969674006154, 0.7543183856921427, 0.5999259972362422]}