{"orig_r": [0.24034606188262597, 0.3514042711587096, 0.2854536042849361], "orig_f": [0.4244559624891251, 0.3536929808105795, 0.3858569645008966], "tmeasure1_r": [0.255304356381419, 0.3482688724802977, 0.29462725013151936], "tmeasure0_r": [0.24034606188262597, 0.3514042711587096, 0.2854536042849361], "tmeasure1_f": [0.4263384838447504, 0.3507061981747862, 0.3848415728583177], "tmeasure0_f": [0.4244559624891251, 0.3536929808105795, 0.3858569645008966]}