{"orig_r": [0.21432500865923446, 0.6459613399500341, 0.32185950643557654], "orig_f": [0.5478171291450358, 0.6113655030266263, 0.5778494008298076], "tmeasure1_r": [0.2787315400825572, 0.6432242846762029, 0.38892730144247767], "tmeasure0_r": [0.21432500865923446, 0.6459613399500341, 0.32185950643557654], "tmeasure1_f": [0.5538384025410843, 0.6092641236362053, 0.5802306526997177], "tmeasure0_f": [0.5478171291450358, 0.6113655030266263, 0.5778494008298076]}