{"orig_r": [0.2505638518697431, 0.604975564594296, 0.3543612482013352], "orig_f": [0.5909469486774286, 0.6689613223040919, 0.627538784059017], "tmeasure1_r": [0.34349605404357386, 0.5978822672024366, 0.4363180985405191], "tmeasure0_r": [0.2505638518697431, 0.604975564594296, 0.3543612482013352], "tmeasure1_f": [0.5911483604355915, 0.6616415482337008, 0.6244116650809763], "tmeasure0_f": [0.5909469486774286, 0.6689613223040919, 0.627538784059017]}