{"orig_r": [0.3147705590547724, 0.47431452694186377, 0.37841356138348514], "orig_f": [0.45003206077223523, 0.48397628859715947, 0.46638736510081713], "tmeasure1_r": [0.3374941274605676, 0.4658277868622777, 0.39141006779702814], "tmeasure0_r": [0.3147705590547724, 0.47431452694186377, 0.37841356138348514], "tmeasure1_f": [0.4511010681140238, 0.47580561226920054, 0.46312411907646023], "tmeasure0_f": [0.45003206077223523, 0.48397628859715947, 0.46638736510081713]}