{"orig_r": [0.2729668749385122, 0.55021222178176, 0.36490166315236067], "orig_f": [0.6441305644247209, 0.5915577391019663, 0.6167257864140364], "tmeasure1_r": [0.46298741744085786, 0.5366547385200471, 0.4971066695480831], "tmeasure0_r": [0.2729668749385122, 0.55021222178176, 0.36490166315236067], "tmeasure1_f": [0.6430334036597671, 0.5783175859643048, 0.6089609438371023], "tmeasure0_f": [0.6441305644247209, 0.5915577391019663, 0.6167257864140364]}