{"orig_r": [0.4807207202889538, 0.5046311703835704, 0.4923858410450241], "orig_f": [0.6424568502286266, 0.5462455568202415, 0.5904576247260638], "tmeasure1_r": [0.39666262020223886, 0.4919071929088664, 0.4391803393644243], "tmeasure0_r": [0.4807207202889538, 0.5046311703835704, 0.4923858410450241], "tmeasure1_f": [0.6432588378856858, 0.5340137742057016, 0.5835676058075889], "tmeasure0_f": [0.6424568502286266, 0.5462455568202415, 0.5904576247260638]}