{"orig_r": [0.2283678250602407, 0.540599306002102, 0.3210943166588134], "orig_f": [0.4360150553127957, 0.4768810206369897, 0.4555333516453777], "tmeasure1_r": [0.22538537449172535, 0.5372147234385739, 0.3175460951376333], "tmeasure0_r": [0.2283678250602407, 0.540599306002102, 0.3210943166588134], "tmeasure1_f": [0.43787273229607626, 0.4739837577594144, 0.4552132168548722], "tmeasure0_f": [0.4360150553127957, 0.4768810206369897, 0.4555333516453777]}