{"orig_r": [0.3545553218018837, 0.7211968165262771, 0.47539606988531974], "orig_f": [0.573352228971638, 0.6391454326325513, 0.604463777607749], "tmeasure1_r": [0.1855448092639321, 0.7212705356110872, 0.2951604308727219], "tmeasure0_r": [0.3545553218018837, 0.7211968165262771, 0.47539606988531974], "tmeasure1_f": [0.5783199288816395, 0.6388837971100211, 0.6070951381738222], "tmeasure0_f": [0.573352228971638, 0.6391454326325513, 0.604463777607749]}