{"orig_r": [0.30290792884129075, 0.3779178928126062, 0.3362808005896268], "orig_f": [0.4809824072672324, 0.40660733545129246, 0.4406787631837196], "tmeasure1_r": [0.31819528885787, 0.37133647957459764, 0.34271812784003997], "tmeasure0_r": [0.30290792884129075, 0.3779178928126062, 0.3362808005896268], "tmeasure1_f": [0.48648412776118827, 0.3997141075585956, 0.4388511762254106], "tmeasure0_f": [0.4809824072672324, 0.40660733545129246, 0.4406787631837196]}