{"orig_r": [0.2523164723842263, 0.5136580577560329, 0.3384039130413468], "orig_f": [0.4978453231772105, 0.5298393136853208, 0.5133442982254961], "tmeasure1_r": [0.32503296025498596, 0.5102574044027088, 0.3971085544917165], "tmeasure0_r": [0.2523164723842263, 0.5136580577560329, 0.3384039130413468], "tmeasure1_f": [0.5066682932153638, 0.5264319084963942, 0.516361057969076], "tmeasure0_f": [0.4978453231772105, 0.5298393136853208, 0.5133442982254961]}