{"orig_r": [0.37237958468735355, 0.6723167388345186, 0.47929148853812814], "orig_f": [0.6388843159470986, 0.6839717718674659, 0.6606596766222477], "tmeasure1_r": [0.5137253641198074, 0.6667735330410511, 0.5803283287613085], "tmeasure0_r": [0.37237958468735355, 0.6723167388345186, 0.47929148853812814], "tmeasure1_f": [0.648553837184223, 0.6776322116326223, 0.6627742335942244], "tmeasure0_f": [0.6388843159470986, 0.6839717718674659, 0.6606596766222477]}