{"orig_r": [0.28401682558980557, 0.6552651365078792, 0.3962736036685085], "orig_f": [0.5723865925460375, 0.6760297224061563, 0.619905947452667], "tmeasure1_r": [0.3374732876488536, 0.6444931502412204, 0.44298707957148953], "tmeasure0_r": [0.28401682558980557, 0.6552651365078792, 0.3962736036685085], "tmeasure1_f": [0.5777812139176418, 0.6646191241427454, 0.6181653893294589], "tmeasure0_f": [0.5723865925460375, 0.6760297224061563, 0.619905947452667]}