{"orig_r": [0.3511434643933572, 0.4668524324469458, 0.40081418775598265], "orig_f": [0.5256139781998247, 0.4953606610437426, 0.5100390894876715], "tmeasure1_r": [0.34521663236113376, 0.46316509049724797, 0.39558611543895783], "tmeasure0_r": [0.3511434643933572, 0.4668524324469458, 0.40081418775598265], "tmeasure1_f": [0.5354382851143604, 0.49198315960197725, 0.5127917479961833], "tmeasure0_f": [0.5256139781998247, 0.4953606610437426, 0.5100390894876715]}