{"orig_r": [0.376924990153042, 0.43786487576851496, 0.4051160204373473], "orig_f": [0.5226464691286017, 0.5045125890528539, 0.513419457676285], "tmeasure1_r": [0.35955357620645895, 0.43515695831454837, 0.3937590701938404], "tmeasure0_r": [0.376924990153042, 0.43786487576851496, 0.4051160204373473], "tmeasure1_f": [0.5339317838649172, 0.5023104271234686, 0.5176386361489149], "tmeasure0_f": [0.5226464691286017, 0.5045125890528539, 0.513419457676285]}