{"orig_r": [0.38195009462425294, 0.6209343822316338, 0.47296762792132646], "orig_f": [0.6348123453850998, 0.6462975246092821, 0.6405034525502513], "tmeasure1_r": [0.180526579298956, 0.6017290369345735, 0.2777304053774274], "tmeasure0_r": [0.38195009462425294, 0.6209343822316338, 0.47296762792132646], "tmeasure1_f": [0.6360438384186079, 0.6262738286863015, 0.6311210248880207], "tmeasure0_f": [0.6348123453850998, 0.6462975246092821, 0.6405034525502513]}