{"orig_r": [0.1976448903597197, 0.7175834552109273, 0.30992637851635435], "orig_f": [0.6923509061626585, 0.7108197010639454, 0.7014637587408007], "tmeasure1_r": [0.43552811824006854, 0.7200561083957144, 0.5427638672947969], "tmeasure0_r": [0.1976448903597197, 0.7175834552109273, 0.30992637851635435], "tmeasure1_f": [0.7073047827558205, 0.7077329333142977, 0.707518793261909], "tmeasure0_f": [0.6923509061626585, 0.7108197010639454, 0.7014637587408007]}