{"orig_r": [0.13744924695213925, 0.6306621615819484, 0.2257069436218386], "orig_f": [0.7003444571215861, 0.6989754507374134, 0.699659284254728], "tmeasure1_r": [0.3317359504776064, 0.6287747472737679, 0.43432559139944615], "tmeasure0_r": [0.13744924695213925, 0.6306621615819484, 0.2257069436218386], "tmeasure1_f": [0.7157656478138056, 0.6958649071132837, 0.7056750001512383], "tmeasure0_f": [0.7003444571215861, 0.6989754507374134, 0.699659284254728]}