{"orig_r": [0.37834720625927454, 0.5583139698129119, 0.4510414995100867], "orig_f": [0.5401693935337434, 0.5409288172511705, 0.5405488386616564], "tmeasure1_r": [0.5060499777903612, 0.5400092652151445, 0.522478394022039], "tmeasure0_r": [0.37834720625927454, 0.5583139698129119, 0.4510414995100867], "tmeasure1_f": [0.542712036315152, 0.5309135219091196, 0.5367479497397708], "tmeasure0_f": [0.5401693935337434, 0.5409288172511705, 0.5405488386616564]}