{"orig_r": [0.30749414966261146, 0.6097595271351487, 0.4088236265231975], "orig_f": [0.49652796137063004, 0.569444252534762, 0.5304922401108704], "tmeasure1_r": [0.36074370793765526, 0.5943224340240529, 0.44897011660364206], "tmeasure0_r": [0.30749414966261146, 0.6097595271351487, 0.4088236265231975], "tmeasure1_f": [0.49797853750917065, 0.5596797923052059, 0.5270294131650195], "tmeasure0_f": [0.49652796137063004, 0.569444252534762, 0.5304922401108704]}