{"orig_r": [0.4175284259271765, 0.4997944584530735, 0.45497261014265883], "orig_f": [0.5019831323027797, 0.5342698247169851, 0.5176234977946101], "tmeasure1_r": [0.4411937309072554, 0.49591017650915553, 0.46695453777833285], "tmeasure0_r": [0.4175284259271765, 0.4997944584530735, 0.45497261014265883], "tmeasure1_f": [0.5044593461135176, 0.5307535069088969, 0.5172724937891034], "tmeasure0_f": [0.5019831323027797, 0.5342698247169851, 0.5176234977946101]}