{"orig_r": [0.4266661050235902, 0.5346050769739763, 0.47457547919896037], "orig_f": [0.5694697398143098, 0.5929947122584184, 0.5809941867881492], "tmeasure1_r": [0.40203143092211524, 0.5313240971017158, 0.45772265900320397], "tmeasure0_r": [0.4266661050235902, 0.5346050769739763, 0.47457547919896037], "tmeasure1_f": [0.5724619300237692, 0.5896760122168483, 0.5809414799615661], "tmeasure0_f": [0.5694697398143098, 0.5929947122584184, 0.5809941867881492]}