{"orig_r": [0.24592610100135925, 0.4690513596023988, 0.3226730306686764], "orig_f": [0.4402496719914213, 0.48635458164765294, 0.4621551092626561], "tmeasure1_r": [0.25375605707161825, 0.4671917547121218, 0.32888022027225594], "tmeasure0_r": [0.24592610100135925, 0.4690513596023988, 0.3226730306686764], "tmeasure1_f": [0.44238430584350324, 0.48398676374479527, 0.4622513710663258], "tmeasure0_f": [0.4402496719914213, 0.48635458164765294, 0.4621551092626561]}