{"orig_r": [0.34253019471059754, 0.5134349463606942, 0.41092087448338305], "orig_f": [0.469592515818545, 0.5150886836602985, 0.4912895482471314], "tmeasure1_r": [0.3092489122783848, 0.5097428048462319, 0.3849548283439948], "tmeasure0_r": [0.34253019471059754, 0.5134349463606942, 0.41092087448338305], "tmeasure1_f": [0.47360805981452203, 0.5120522202433998, 0.4920804124093218], "tmeasure0_f": [0.469592515818545, 0.5150886836602985, 0.4912895482471314]}