{"orig_r": [0.18624214975947714, 0.4855855665051743, 0.26922527192215984], "orig_f": [0.4667928677127484, 0.5183874954497384, 0.491239157083164], "tmeasure1_r": [0.2517138298569964, 0.475919293558804, 0.3292743670660702], "tmeasure0_r": [0.18624214975947714, 0.4855855665051743, 0.26922527192215984], "tmeasure1_f": [0.46869921744092774, 0.5110012291842227, 0.48893695425993056], "tmeasure0_f": [0.4667928677127484, 0.5183874954497384, 0.491239157083164]}