{"orig_r": [0.2139375418424411, 0.45899720328817467, 0.2918462275713448], "orig_f": [0.4419644836332753, 0.48614623224169246, 0.4630037447642337], "tmeasure1_r": [0.28914527713999394, 0.4469854130231634, 0.3511434120413358], "tmeasure0_r": [0.2139375418424411, 0.45899720328817467, 0.2918462275713448], "tmeasure1_f": [0.4386463949617011, 0.4744023231155115, 0.45582423955274093], "tmeasure0_f": [0.4419644836332753, 0.48614623224169246, 0.4630037447642337]}