{"orig_r": [0.46282901170269647, 0.40201806257649014, 0.4302856033686361], "orig_f": [0.4952361747353971, 0.48686539479735685, 0.4910151112887323], "tmeasure1_r": [0.48563781246734083, 0.4032092597203836, 0.4406014689911183], "tmeasure0_r": [0.46282901170269647, 0.40201806257649014, 0.4302856033686361], "tmeasure1_f": [0.4966341241880013, 0.48681667815710705, 0.49167639910435734], "tmeasure0_f": [0.4952361747353971, 0.48686539479735685, 0.4910151112887323]}