{"orig_r": [0.3764927091007587, 0.4562249575392005, 0.4125416743381719], "orig_f": [0.5170681123919688, 0.49047189011245523, 0.5034189685201205], "tmeasure1_r": [0.4047298390181092, 0.45616116447301397, 0.4289091973659586], "tmeasure0_r": [0.3764927091007587, 0.4562249575392005, 0.4125416743381719], "tmeasure1_f": [0.5190718417309629, 0.49068865835631054, 0.5044813410457063], "tmeasure0_f": [0.5170681123919688, 0.49047189011245523, 0.5034189685201205]}