{"orig_r": [0.34468914443924037, 0.31345230706079225, 0.3283294413291796], "orig_f": [0.6643689282027869, 0.3616616201095338, 0.4683617721119058], "tmeasure1_r": [0.33697330091601735, 0.30884483637750676, 0.32229650415561134], "tmeasure0_r": [0.34468914443924037, 0.31345230706079225, 0.3283294413291796], "tmeasure1_f": [0.6698902248253238, 0.3564150484305724, 0.4652786322861528], "tmeasure0_f": [0.6643689282027869, 0.3616616201095338, 0.4683617721119058]}