{"orig_r": [0.34192192943734234, 0.3353943535932801, 0.33862668704753335], "orig_f": [0.6948686535891451, 0.38712290431027885, 0.4972304438563977], "tmeasure1_r": [0.33406068631144575, 0.33087525147036223, 0.33246033883622483], "tmeasure0_r": [0.34192192943734234, 0.3353943535932801, 0.33862668704753335], "tmeasure1_f": [0.7006905143823443, 0.3819171302570374, 0.49437247515534066], "tmeasure0_f": [0.6948686535891451, 0.38712290431027885, 0.4972304438563977]}