{"orig_r": [0.4096088250346011, 0.5414256846579474, 0.4663821055410307], "orig_f": [0.582624567338677, 0.5464665045473697, 0.5639665722361203], "tmeasure1_r": [0.4270551096513045, 0.539009542712231, 0.47654528877110963], "tmeasure0_r": [0.4096088250346011, 0.5414256846579474, 0.4663821055410307], "tmeasure1_f": [0.5820635820321226, 0.5445612857785346, 0.5626882588740136], "tmeasure0_f": [0.582624567338677, 0.5464665045473697, 0.5639665722361203]}