{"orig_r": [0.22722408597253335, 0.5967522146743921, 0.3291271276249412], "orig_f": [0.32406002919369015, 0.5402480818663593, 0.40511666370161825], "tmeasure1_r": [0.24729478604186578, 0.5937449736449242, 0.34916312702180796], "tmeasure0_r": [0.22722408597253335, 0.5967522146743921, 0.3291271276249412], "tmeasure1_f": [0.32360816588649777, 0.5390236356497573, 0.4044192430453972], "tmeasure0_f": [0.32406002919369015, 0.5402480818663593, 0.40511666370161825]}