{"orig_r": [0.31312737475260893, 0.512714157698828, 0.38880301338724416], "orig_f": [0.5048903002300968, 0.5554902075950523, 0.5289829747300322], "tmeasure1_r": [0.32012964528568355, 0.5115263385068718, 0.39380404516234596], "tmeasure0_r": [0.31312737475260893, 0.512714157698828, 0.38880301338724416], "tmeasure1_f": [0.5082529594175915, 0.5546880245988808, 0.5304562234313284], "tmeasure0_f": [0.5048903002300968, 0.5554902075950523, 0.5289829747300322]}