{"orig_r": [0.24451798721876522, 0.6145522442844831, 0.3498411941251127], "orig_f": [0.4383540230310279, 0.5932053643316171, 0.5041570289097392], "tmeasure1_r": [0.25837233107048124, 0.6092212066847059, 0.3628563295111008], "tmeasure0_r": [0.24451798721876522, 0.6145522442844831, 0.3498411941251127], "tmeasure1_f": [0.4405845085782465, 0.5888228681254032, 0.504030260252058], "tmeasure0_f": [0.4383540230310279, 0.5932053643316171, 0.5041570289097392]}