{"orig_r": [0.28246863648723114, 0.46827531346298756, 0.35237870196167886], "orig_f": [0.4538934704478476, 0.5046124519650064, 0.4779110732608302], "tmeasure1_r": [0.31680480502509023, 0.467833525276705, 0.3777840134383454], "tmeasure0_r": [0.28246863648723114, 0.46827531346298756, 0.35237870196167886], "tmeasure1_f": [0.454029126955567, 0.5042473954110781, 0.4778224225773419], "tmeasure0_f": [0.4538934704478476, 0.5046124519650064, 0.4779110732608302]}