{"orig_r": [0.23613685684152388, 0.4860728341235488, 0.31785702319393877], "orig_f": [0.48238271493517987, 0.5351889007466489, 0.5074156373207359], "tmeasure1_r": [0.26484105216508996, 0.4868075785751982, 0.3430502658797294], "tmeasure0_r": [0.23613685684152388, 0.4860728341235488, 0.31785702319393877], "tmeasure1_f": [0.48329696574325026, 0.5356961687280587, 0.5081493174944344], "tmeasure0_f": [0.48238271493517987, 0.5351889007466489, 0.5074156373207359]}