{"orig_r": [0.22932893178151725, 0.3123930947690755, 0.26449275166264136], "orig_f": [0.3972076063611091, 0.35988212974522094, 0.37762477157175695], "tmeasure1_r": [0.28617779359766854, 0.3077912701894045, 0.29659129392975847], "tmeasure0_r": [0.22932893178151725, 0.3123930947690755, 0.26449275166264136], "tmeasure1_f": [0.3994967632990073, 0.35630754847970725, 0.37666816698003375], "tmeasure0_f": [0.3972076063611091, 0.35988212974522094, 0.37762477157175695]}