{"orig_r": [0.26685190328247826, 0.3180545124465246, 0.2902120739713653], "orig_f": [0.4460697399117193, 0.3561112736824631, 0.3960464297688519], "tmeasure1_r": [0.33046649264498096, 0.3159924739672279, 0.32306744887893746], "tmeasure0_r": [0.26685190328247826, 0.3180545124465246, 0.2902120739713653], "tmeasure1_f": [0.44858813959421706, 0.35404421816395526, 0.39574790531460036], "tmeasure0_f": [0.4460697399117193, 0.3561112736824631, 0.3960464297688519]}