{"orig_r": [0.3399237385756051, 0.5361514009182803, 0.4160615463828305], "orig_f": [0.44970757843921444, 0.5492969443329667, 0.49453829897499074], "tmeasure1_r": [0.38918781989405726, 0.5336869388860922, 0.4501249043273298], "tmeasure0_r": [0.3399237385756051, 0.5361514009182803, 0.4160615463828305], "tmeasure1_f": [0.44903313900587116, 0.5462152603638896, 0.4928794722793275], "tmeasure0_f": [0.44970757843921444, 0.5492969443329667, 0.49453829897499074]}