{"orig_r": [0.32013115506470113, 0.5160958260610419, 0.39515193039710983], "orig_f": [0.4299498419981094, 0.5261786131470685, 0.47322179434773914], "tmeasure1_r": [0.37267438996525837, 0.5149932617730184, 0.4324249042795266], "tmeasure0_r": [0.32013115506470113, 0.5160958260610419, 0.39515193039710983], "tmeasure1_f": [0.42880168423459836, 0.5227399869492042, 0.4711339368705229], "tmeasure0_f": [0.4299498419981094, 0.5261786131470685, 0.47322179434773914]}