{"orig_r": [0.2797139544768836, 0.5516038993090002, 0.3711969068820908], "orig_f": [0.4663830509348808, 0.5704954444943853, 0.5132123139222596], "tmeasure1_r": [0.30214284980809164, 0.5524085778636182, 0.3906290401477593], "tmeasure0_r": [0.2797139544768836, 0.5516038993090002, 0.3711969068820908], "tmeasure1_f": [0.4697023688232094, 0.5710612812196578, 0.5154462043731877], "tmeasure0_f": [0.4663830509348808, 0.5704954444943853, 0.5132123139222596]}