{"orig_r": [0.31358582943077284, 0.650624400777793, 0.4231993936045904], "orig_f": [0.5259353513229539, 0.6515735048910385, 0.5820517415205231], "tmeasure1_r": [0.3500291014598896, 0.646278073157144, 0.4541092125074342], "tmeasure0_r": [0.31358582943077284, 0.650624400777793, 0.4231993936045904], "tmeasure1_f": [0.5263536262263504, 0.6471804312692908, 0.5805468782870663], "tmeasure0_f": [0.5259353513229539, 0.6515735048910385, 0.5820517415205231]}