{"orig_r": [0.3464703771130969, 0.5197596714698667, 0.4157817653103422], "orig_f": [0.533207697699895, 0.5511210744035583, 0.5420164193680127], "tmeasure1_r": [0.34617216805922824, 0.5219210571639634, 0.41625608555523785], "tmeasure0_r": [0.3464703771130969, 0.5197596714698667, 0.4157817653103422], "tmeasure1_f": [0.536587103727893, 0.551595158431977, 0.5439876366039482], "tmeasure0_f": [0.533207697699895, 0.5511210744035583, 0.5420164193680127]}