{"orig_r": [0.2900565094800276, 0.5107095112729441, 0.36998227786635574], "orig_f": [0.45665007736941665, 0.4993783974282006, 0.47705939693998634], "tmeasure1_r": [0.29521563654752514, 0.5104853023345377, 0.37409226228767267], "tmeasure0_r": [0.2900565094800276, 0.5107095112729441, 0.36998227786635574], "tmeasure1_f": [0.4593802108768804, 0.4989356405520264, 0.4783415810748169], "tmeasure0_f": [0.45665007736941665, 0.4993783974282006, 0.47705939693998634]}