{"orig_r": [0.34554806057847115, 0.5845944560497903, 0.43435382621836294], "orig_f": [0.5468542529784488, 0.5913179490332364, 0.5682175943495748], "tmeasure1_r": [0.3589524971641769, 0.5815274787482012, 0.443902573180787], "tmeasure0_r": [0.34554806057847115, 0.5845944560497903, 0.43435382621836294], "tmeasure1_f": [0.551634138922855, 0.5878606865696278, 0.5691715598660684], "tmeasure0_f": [0.5468542529784488, 0.5913179490332364, 0.5682175943495748]}