{"orig_r": [0.4333611269831108, 0.32413452935567977, 0.3708728987691871], "orig_f": [0.45807452919583114, 0.3308142578320371, 0.38417984359644725], "tmeasure1_r": [0.4524141532640976, 0.3215537179173444, 0.3759211678862931], "tmeasure0_r": [0.4333611269831108, 0.32413452935567977, 0.3708728987691871], "tmeasure1_f": [0.4586701779702304, 0.32866290457492625, 0.3829329067344209], "tmeasure0_f": [0.45807452919583114, 0.3308142578320371, 0.38417984359644725]}