{"orig_r": [0.4938759519338164, 0.3074024462899709, 0.3789411423664566], "orig_f": [0.559814107087755, 0.35677473690570843, 0.4358061568852396], "tmeasure1_r": [0.4926505953284237, 0.3047253331798321, 0.3765428863235172], "tmeasure0_r": [0.4938759519338164, 0.3074024462899709, 0.3789411423664566], "tmeasure1_f": [0.5610918466352532, 0.3548426632875188, 0.43474576632286205], "tmeasure0_f": [0.559814107087755, 0.35677473690570843, 0.4358061568852396]}