{"orig_r": [0.2831429580200918, 0.39143158249931187, 0.3285955501552249], "orig_f": [0.4715887624592354, 0.43829704275733067, 0.45433384892574624], "tmeasure1_r": [0.2932424775305944, 0.3811929270113358, 0.3314830674106273], "tmeasure0_r": [0.2831429580200918, 0.39143158249931187, 0.3285955501552249], "tmeasure1_f": [0.4715952910887014, 0.42870099019063856, 0.44912629867064674], "tmeasure0_f": [0.4715887624592354, 0.43829704275733067, 0.45433384892574624]}