{"orig_r": [0.3182123910627814, 0.3868307233369802, 0.34918241706225894], "orig_f": [0.4770460921823889, 0.3923864866780055, 0.43059449265237676], "tmeasure1_r": [0.3473696962293502, 0.3809784693119111, 0.36339866403440324], "tmeasure0_r": [0.3182123910627814, 0.3868307233369802, 0.34918241706225894], "tmeasure1_f": [0.4786923831744332, 0.3864305318701897, 0.42764178133638636], "tmeasure0_f": [0.4770460921823889, 0.3923864866780055, 0.43059449265237676]}