{"orig_r": [0.19884226785677597, 0.5339175014369684, 0.28976854702728994], "orig_f": [0.5526820313973726, 0.5770773383019759, 0.5646162964614336], "tmeasure1_r": [0.24251429152237433, 0.5218064374061612, 0.33113198082895756], "tmeasure0_r": [0.19884226785677597, 0.5339175014369684, 0.28976854702728994], "tmeasure1_f": [0.556034939329016, 0.5685595558431523, 0.5622275042165854], "tmeasure0_f": [0.5526820313973726, 0.5770773383019759, 0.5646162964614336]}