{"orig_r": [0.24883712799240687, 0.5811521803894595, 0.34846771647353364], "orig_f": [0.4128863608816271, 0.5187518558316806, 0.45980416456197015], "tmeasure1_r": [0.31413179767429467, 0.5873405183509953, 0.4093355494044349], "tmeasure0_r": [0.24883712799240687, 0.5811521803894595, 0.34846771647353364], "tmeasure1_f": [0.4162676841296178, 0.521844688554094, 0.4631152648766809], "tmeasure0_f": [0.4128863608816271, 0.5187518558316806, 0.45980416456197015]}