{"orig_r": [0.23803303582669652, 0.34181644905067254, 0.28063699006386217], "orig_f": [0.39960479386301856, 0.34452415173630185, 0.37002593018212504], "tmeasure1_r": [0.2576736224657345, 0.33791893590427774, 0.29239047765310583], "tmeasure0_r": [0.23803303582669652, 0.34181644905067254, 0.28063699006386217], "tmeasure1_f": [0.4013920351060172, 0.3407723058806222, 0.3686064711310497], "tmeasure0_f": [0.39960479386301856, 0.34452415173630185, 0.37002593018212504]}