{"orig_r": [0.4322824034654522, 0.5399493694952479, 0.4801542547499037], "orig_f": [0.6253336963698813, 0.549015456068831, 0.5846947030953566], "tmeasure1_r": [0.389047118413567, 0.5395887253393675, 0.45211573542832506], "tmeasure0_r": [0.4322824034654522, 0.5399493694952479, 0.4801542547499037], "tmeasure1_f": [0.6263116069672036, 0.5487706534072305, 0.584982756326193], "tmeasure0_f": [0.6253336963698813, 0.549015456068831, 0.5846947030953566]}