{"orig_r": [0.4532893754842426, 0.43762504179385187, 0.4453195010516487], "orig_f": [0.6949883721563452, 0.5238958656922601, 0.5974341509568808], "tmeasure1_r": [0.4044707761378857, 0.4371828003967053, 0.42019108935212224], "tmeasure0_r": [0.4532893754842426, 0.43762504179385187, 0.4453195010516487], "tmeasure1_f": [0.6958949333558033, 0.5236532946753418, 0.5976109287419464], "tmeasure0_f": [0.6949883721563452, 0.5238958656922601, 0.5974341509568808]}