{"orig_r": [0.19745699852735465, 0.6074731515333179, 0.2980378488212436], "orig_f": [0.44624124404139054, 0.5984742796770254, 0.5112662749363589], "tmeasure1_r": [0.185050589255523, 0.6106303255456416, 0.2840271758629529], "tmeasure0_r": [0.19745699852735465, 0.6074731515333179, 0.2980378488212436], "tmeasure1_f": [0.45034197233042833, 0.5964122710229739, 0.5131853635369035], "tmeasure0_f": [0.44624124404139054, 0.5984742796770254, 0.5112662749363589]}