{"orig_r": [0.3104523734600514, 0.5473909984007217, 0.3962001461771558], "orig_f": [0.41996160223040435, 0.5410836364488179, 0.47289001965399774], "tmeasure1_r": [0.32450201419758806, 0.5477781681858178, 0.4075642723512702], "tmeasure0_r": [0.3104523734600514, 0.5473909984007217, 0.3962001461771558], "tmeasure1_f": [0.42464633682646585, 0.5414733828732795, 0.47599626389498106], "tmeasure0_f": [0.41996160223040435, 0.5410836364488179, 0.47289001965399774]}