{"orig_r": [0.42570256247986393, 0.37498764046937355, 0.3987389850858728], "orig_f": [0.46007184746313007, 0.4209196337751315, 0.4396257572712122], "tmeasure1_r": [0.42414106932543316, 0.37503327813175813, 0.3980783820840723], "tmeasure0_r": [0.42570256247986393, 0.37498764046937355, 0.3987389850858728], "tmeasure1_f": [0.4601533446631431, 0.42090132139094233, 0.43965297108883195], "tmeasure0_f": [0.46007184746313007, 0.4209196337751315, 0.4396257572712122]}