{"orig_r": [0.4149752057894229, 0.6805643959114326, 0.5155767072369457], "orig_f": [0.522478712903381, 0.6460528341682792, 0.5777316908725679], "tmeasure1_r": [0.5250520744693091, 0.6855694814764806, 0.5946692038881775], "tmeasure0_r": [0.4149752057894229, 0.6805643959114326, 0.5155767072369457], "tmeasure1_f": [0.5264359635160801, 0.6459152401800848, 0.580087282278338], "tmeasure0_f": [0.522478712903381, 0.6460528341682792, 0.5777316908725679]}