{"orig_r": [0.29978178773232883, 0.6701458356276838, 0.41425259330154024], "orig_f": [0.49521699910626027, 0.658560185387755, 0.5653261359672486], "tmeasure1_r": [0.3451874370314507, 0.6644781203389002, 0.45434747704110673], "tmeasure0_r": [0.29978178773232883, 0.6701458356276838, 0.41425259330154024], "tmeasure1_f": [0.49467760272390765, 0.651916518033047, 0.5625155309601717], "tmeasure0_f": [0.49521699910626027, 0.658560185387755, 0.5653261359672486]}