{"orig_r": [0.25493978016118657, 0.5855949461391927, 0.35522969405282095], "orig_f": [0.6000840863788915, 0.634383442160372, 0.6167572649774972], "tmeasure1_r": [0.2737285324603924, 0.5815734676156857, 0.3722503906086579], "tmeasure0_r": [0.25493978016118657, 0.5855949461391927, 0.35522969405282095], "tmeasure1_f": [0.6021151520677436, 0.6307660093378267, 0.6161076728573223], "tmeasure0_f": [0.6000840863788915, 0.634383442160372, 0.6167572649774972]}