{"orig_r": [0.3105325594078264, 0.5881029525047559, 0.40644980665835667], "orig_f": [0.5826947555739727, 0.6230361393310968, 0.6021905757832773], "tmeasure1_r": [0.30118600071466073, 0.5807585460252905, 0.39666063927666423], "tmeasure0_r": [0.3105325594078264, 0.5881029525047559, 0.40644980665835667], "tmeasure1_f": [0.5864153959599826, 0.6150858205093793, 0.600408538983075], "tmeasure0_f": [0.5826947555739727, 0.6230361393310968, 0.6021905757832773]}