{"orig_r": [0.29952117688954755, 0.5853153562717909, 0.39626380193794586], "orig_f": [0.5200644224459504, 0.6099865704559114, 0.5614477850230769], "tmeasure1_r": [0.28274846640388074, 0.5777563981103464, 0.3796834678278092], "tmeasure0_r": [0.29952117688954755, 0.5853153562717909, 0.39626380193794586], "tmeasure1_f": [0.524731033365465, 0.6026765243190145, 0.5610093230890479], "tmeasure0_f": [0.5200644224459504, 0.6099865704559114, 0.5614477850230769]}