{"orig_r": [0.1936345294868945, 0.4219159767139769, 0.2654453235307852], "orig_f": [0.6039637902643126, 0.47145932937866647, 0.5295485252754103], "tmeasure1_r": [0.2708919162117355, 0.4150191279019987, 0.3278131407467292], "tmeasure0_r": [0.1936345294868945, 0.4219159767139769, 0.2654453235307852], "tmeasure1_f": [0.6105027747923689, 0.4656167946502674, 0.5283062462494688], "tmeasure0_f": [0.6039637902643126, 0.47145932937866647, 0.5295485252754103]}