{"orig_r": [0.09619832290019033, 0.4766443158569386, 0.1600871887079843], "orig_f": [0.47351403829869815, 0.43701928330521966, 0.4545352942992548], "tmeasure1_r": [0.08655873290569592, 0.4715691228958673, 0.1462690863070961], "tmeasure0_r": [0.09619832290019033, 0.4766443158569386, 0.1600871887079843], "tmeasure1_f": [0.47565085625590153, 0.4309782253294505, 0.4522139562237356], "tmeasure0_f": [0.47351403829869815, 0.43701928330521966, 0.4545352942992548]}