{"orig_r": [0.24009176528412232, 0.427644560226592, 0.3075283864493221], "orig_f": [0.32791850027905173, 0.44255497548980055, 0.37670852642612074], "tmeasure1_r": [0.2539747581217884, 0.41965520317131766, 0.31644028574794963], "tmeasure0_r": [0.24009176528412232, 0.427644560226592, 0.3075283864493221], "tmeasure1_f": [0.32980885530025394, 0.43512058436410456, 0.3752153189702617], "tmeasure0_f": [0.32791850027905173, 0.44255497548980055, 0.37670852642612074]}