{"orig_r": [0.06667328747654265, 0.0, 0.0], "orig_f": [0.1334026715603336, 0.41957782251693043, 0.2024404225853411], "tmeasure1_r": [0.0990844323927952, 0.0, 0.0], "tmeasure0_r": [0.06667328747654265, 0.0, 0.0], "tmeasure1_f": [0.1360995748760987, 0.4198501448455493, 0.20556328818281336], "tmeasure0_f": [0.1334026715603336, 0.41957782251693043, 0.2024404225853411]}