{"orig_r": [0.2961858428928646, 0.5390461444147863, 0.38230776375386505], "orig_f": [0.4872292538675434, 0.5313413593642632, 0.508330106345016], "tmeasure1_r": [0.3558742175052675, 0.5295353785961643, 0.4256741497472478], "tmeasure0_r": [0.2961858428928646, 0.5390461444147863, 0.38230776375386505], "tmeasure1_f": [0.49171998091491126, 0.5241189571959206, 0.5074028056235093], "tmeasure0_f": [0.4872292538675434, 0.5313413593642632, 0.508330106345016]}