{"orig_r": [0.30608014499609754, 0.5367301838812507, 0.3898444214013966], "orig_f": [0.5199499156584394, 0.5444537934482585, 0.5319197999054738], "tmeasure1_r": [0.3732559720221583, 0.531857866679083, 0.4386611197764694], "tmeasure0_r": [0.30608014499609754, 0.5367301838812507, 0.3898444214013966], "tmeasure1_f": [0.5249110080009776, 0.5397655421804771, 0.5322346486956253], "tmeasure0_f": [0.5199499156584394, 0.5444537934482585, 0.5319197999054738]}