{"orig_r": [0.42264625221670865, 0.7037854090121078, 0.528131933293285], "orig_f": [0.5646371331272307, 0.7044975384755462, 0.6268609302394429], "tmeasure1_r": [0.4832551830901274, 0.695076526532143, 0.5701269538076295], "tmeasure0_r": [0.42264625221670865, 0.7037854090121078, 0.528131933293285], "tmeasure1_f": [0.56356626248136, 0.6980198473708328, 0.6236283571109988], "tmeasure0_f": [0.5646371331272307, 0.7044975384755462, 0.6268609302394429]}