{"orig_r": [0.2277191286166685, 0.0, 0.0], "orig_f": [0.5217671597662338, 0.35089056344397723, 0.4195990428032579], "tmeasure1_r": [0.063128597223128, 0.0, 0.0], "tmeasure0_r": [0.2277191286166685, 0.0, 0.0], "tmeasure1_f": [0.528531603633007, 0.34971018701449663, 0.42091571573540915], "tmeasure0_f": [0.5217671597662338, 0.35089056344397723, 0.4195990428032579]}