{"orig_r": [0.22324131468941982, 0.38767552283534057, 0.2833288856182883], "orig_f": [0.559485413468918, 0.44453093502428503, 0.49542733911662107], "tmeasure1_r": [0.18975465011159023, 0.38758407455837934, 0.25477549768965035], "tmeasure0_r": [0.22324131468941982, 0.38767552283534057, 0.2833288856182883], "tmeasure1_f": [0.5598410072715908, 0.4439100841065986, 0.49518066930921767], "tmeasure0_f": [0.559485413468918, 0.44453093502428503, 0.49542733911662107]}