{"orig_r": [0.09700531151286855, 0.4371658109977102, 0.1587783535706532], "orig_f": [0.41377435975941546, 0.4356013722791146, 0.4244074138839116], "tmeasure1_r": [0.09993883431464859, 0.4371658109977102, 0.1626865153174047], "tmeasure0_r": [0.09700531151286855, 0.4371658109977102, 0.1587783535706532], "tmeasure1_f": [0.4137053212192114, 0.4348603536988785, 0.42401913636174393], "tmeasure0_f": [0.41377435975941546, 0.4356013722791146, 0.4244074138839116]}