{"orig_r": [0.2818896257101948, 0.4007932299672621, 0.33098664377776693], "orig_f": [0.5338706223405965, 0.4357367041306471, 0.4798375982934946], "tmeasure1_r": [0.26015349175983604, 0.39452931303974015, 0.3135508604669076], "tmeasure0_r": [0.2818896257101948, 0.4007932299672621, 0.33098664377776693], "tmeasure1_f": [0.5346295063166224, 0.4297337610724974, 0.4764767723925996], "tmeasure0_f": [0.5338706223405965, 0.4357367041306471, 0.4798375982934946]}