{"orig_r": [0.2853079165139839, 0.4092952937753309, 0.33623566887167033], "orig_f": [0.49320016524486066, 0.4457507202918449, 0.46827652498626754], "tmeasure1_r": [0.2835561538596346, 0.398844156895773, 0.3314614994637379], "tmeasure0_r": [0.2853079165139839, 0.4092952937753309, 0.33623566887167033], "tmeasure1_f": [0.49367572024433426, 0.437052220027035, 0.46364154372183713], "tmeasure0_f": [0.49320016524486066, 0.4457507202918449, 0.46827652498626754]}