{"orig_r": [0.4431911461016177, 0.6913220156236012, 0.5401220660385991], "orig_f": [0.6521807911225241, 0.7119070049947182, 0.6807363500277462], "tmeasure1_r": [0.5163883946199332, 0.69400644110776, 0.5921652363364094], "tmeasure0_r": [0.4431911461016177, 0.6913220156236012, 0.5401220660385991], "tmeasure1_f": [0.6590308510259315, 0.712761024965113, 0.6848436896034514], "tmeasure0_f": [0.6521807911225241, 0.7119070049947182, 0.6807363500277462]}