{"orig_r": [0.3790409732057736, 0.6674638529230957, 0.4835068928014498], "orig_f": [0.6289808124773885, 0.7377664772885096, 0.6790442706976069], "tmeasure1_r": [0.49003302503454094, 0.6642302830640353, 0.5639870428968375], "tmeasure0_r": [0.3790409732057736, 0.6674638529230957, 0.4835068928014498], "tmeasure1_f": [0.6325544857201197, 0.7350276451695302, 0.6799518998947776], "tmeasure0_f": [0.6289808124773885, 0.7377664772885096, 0.6790442706976069]}