{"orig_r": [0.2884232405559231, 0.660464209602597, 0.4015085826521657], "orig_f": [0.6535263509853995, 0.692389805164427, 0.6723969851480529], "tmeasure1_r": [0.2629905696733337, 0.6543603411199236, 0.3751903374335878], "tmeasure0_r": [0.2884232405559231, 0.660464209602597, 0.4015085826521657], "tmeasure1_f": [0.6553317077329811, 0.6865463197583643, 0.6705759583919321], "tmeasure0_f": [0.6535263509853995, 0.692389805164427, 0.6723969851480529]}