{"orig_r": [0.2711574611850307, 0.6821932956817452, 0.3880666182139737], "orig_f": [0.5899926527885967, 0.6935944755091241, 0.6376125711198753], "tmeasure1_r": [0.24942977295158067, 0.6771335670881544, 0.36456713663946433], "tmeasure0_r": [0.2711574611850307, 0.6821932956817452, 0.3880666182139737], "tmeasure1_f": [0.592449483729127, 0.6886712212197552, 0.6369468667466912], "tmeasure0_f": [0.5899926527885967, 0.6935944755091241, 0.6376125711198753]}