{"orig_r": [0.42732784218433467, 0.5374951186356344, 0.4761218141740243], "orig_f": [0.5133921556144658, 0.5760279883794821, 0.54290945927295], "tmeasure1_r": [0.34412520349369985, 0.53501535307729, 0.4188460329212652], "tmeasure0_r": [0.42732784218433467, 0.5374951186356344, 0.4761218141740243], "tmeasure1_f": [0.5197251099728423, 0.5731992722779878, 0.5451540100285911], "tmeasure0_f": [0.5133921556144658, 0.5760279883794821, 0.54290945927295]}