{"orig_r": [0.4774004161690748, 0.4386667515904339, 0.45721470464005837], "orig_f": [0.5094616731556826, 0.5086231709468753, 0.509042076752968], "tmeasure1_r": [0.4329320714007437, 0.4357546765541729, 0.4343387882623712], "tmeasure0_r": [0.4774004161690748, 0.4386667515904339, 0.45721470464005837], "tmeasure1_f": [0.5155231901532904, 0.5061836256455379, 0.5108107207685045], "tmeasure0_f": [0.5094616731556826, 0.5086231709468753, 0.509042076752968]}