{"orig_r": [0.33570537884755103, 0.625953283191292, 0.4370280066506869], "orig_f": [0.6376324560511348, 0.6773312459740563, 0.6568825972389297], "tmeasure1_r": [0.34093161497772406, 0.6202098057411024, 0.43999587602455886], "tmeasure0_r": [0.33570537884755103, 0.625953283191292, 0.4370280066506869], "tmeasure1_f": [0.641546987673264, 0.6717783184300757, 0.6563147067526529], "tmeasure0_f": [0.6376324560511348, 0.6773312459740563, 0.6568825972389297]}