{"orig_r": [0.3676517378949637, 0.6624226944682432, 0.472860692762911], "orig_f": [0.6624466409097008, 0.7076108866239645, 0.6842843391532873], "tmeasure1_r": [0.3749006712917705, 0.6554834431030213, 0.4769894632630332], "tmeasure0_r": [0.3676517378949637, 0.6624226944682432, 0.472860692762911], "tmeasure1_f": [0.6662920176744731, 0.7019844660420969, 0.6836727106277053], "tmeasure0_f": [0.6624466409097008, 0.7076108866239645, 0.6842843391532873]}