{"orig_r": [0.9188149183983347, 0.1925673723451043, 0.3184030841252511], "orig_f": [0.5774421644741042, 0.20036025470175553, 0.2974957554700168], "tmeasure1_r": [0.9188149183983347, 0.18808908451281828, 0.31225662999456], "tmeasure0_r": [0.9188149183983347, 0.1925673723451043, 0.3184030841252511], "tmeasure1_f": [0.6026117925860996, 0.19634150557873825, 0.29618178411085583], "tmeasure0_f": [0.5774421644741042, 0.20036025470175553, 0.2974957554700168]}