{"orig_r": [0.3606533741788266, 0.35554882826272216, 0.35808291055553987], "orig_f": [0.4424447713364885, 0.17446851024191587, 0.2502545574052185], "tmeasure1_r": [0.3606533741788266, 0.345067602204157, 0.3526883831413547], "tmeasure0_r": [0.3606533741788266, 0.35554882826272216, 0.35808291055553987], "tmeasure1_f": [0.45458281977518394, 0.1700238297091794, 0.24748347460591472], "tmeasure0_f": [0.4424447713364885, 0.17446851024191587, 0.2502545574052185]}