{"orig_r": [0.28247289954980315, 0.4783509980312714, 0.35519702744888265], "orig_f": [0.628854793877187, 0.5876566568672331, 0.6075581213784078], "tmeasure1_r": [0.3828100921826331, 0.47289881654706495, 0.423112200208784], "tmeasure0_r": [0.28247289954980315, 0.4783509980312714, 0.35519702744888265], "tmeasure1_f": [0.6357062210417859, 0.5840506613629097, 0.608784658955972], "tmeasure0_f": [0.628854793877187, 0.5876566568672331, 0.6075581213784078]}