{"orig_r": [0.29950738767278534, 0.538983632640669, 0.38504784404309417], "orig_f": [0.6036087707410794, 0.584158305912032, 0.5937242812678687], "tmeasure1_r": [0.37414516355908445, 0.5353510317443211, 0.44046143429260726], "tmeasure0_r": [0.29950738767278534, 0.538983632640669, 0.38504784404309417], "tmeasure1_f": [0.6103108356801097, 0.5806983224172247, 0.5951364454638904], "tmeasure0_f": [0.6036087707410794, 0.584158305912032, 0.5937242812678687]}