{"orig_r": [0.37746678303699416, 0.4201022069642091, 0.39764491999440016], "orig_f": [0.5687414941501148, 0.5042852274368802, 0.5345774302919424], "tmeasure1_r": [0.5523305110814134, 0.4172331681422657, 0.47536972338867856], "tmeasure0_r": [0.37746678303699416, 0.4201022069642091, 0.39764491999440016], "tmeasure1_f": [0.574313601596925, 0.5021598447348308, 0.5358185656873748], "tmeasure0_f": [0.5687414941501148, 0.5042852274368802, 0.5345774302919424]}