{"orig_r": [0.3475455970947163, 0.43617952278841765, 0.38685061596748077], "orig_f": [0.5522452410447317, 0.490723060405628, 0.519669628315761], "tmeasure1_r": [0.5487367962429309, 0.43392649032935926, 0.48462466312107394], "tmeasure0_r": [0.3475455970947163, 0.43617952278841765, 0.38685061596748077], "tmeasure1_f": [0.5571899680609048, 0.4872459121110892, 0.519875924144384], "tmeasure0_f": [0.5522452410447317, 0.490723060405628, 0.519669628315761]}