{"orig_r": [0.3793675168110744, 0.0, 0.0], "orig_f": [0.4664315144204203, 0.4989020920350511, 0.48212070268613166], "tmeasure1_r": [0.40042605158959804, 0.0, 0.0], "tmeasure0_r": [0.3793675168110744, 0.0, 0.0], "tmeasure1_f": [0.4703316440326169, 0.4965112673227696, 0.4830670171915831], "tmeasure0_f": [0.4664315144204203, 0.4989020920350511, 0.48212070268613166]}