{"orig_r": [0.42035937041742727, 0.49235550936572836, 0.45351786526741117], "orig_f": [0.5513672692504912, 0.527774164452558, 0.5393128106231926], "tmeasure1_r": [0.4770785968114992, 0.4896290318654113, 0.48327234533202046], "tmeasure0_r": [0.42035937041742727, 0.49235550936572836, 0.45351786526741117], "tmeasure1_f": [0.5558107611448, 0.5251166800354118, 0.5400279250966908], "tmeasure0_f": [0.5513672692504912, 0.527774164452558, 0.5393128106231926]}