{"orig_r": [0.3125728814729833, 0.6854813131844342, 0.4293611918168209], "orig_f": [0.6874859717973478, 0.706077204677704, 0.6966575773760715], "tmeasure1_r": [0.29859191486284564, 0.6765911803283253, 0.41433174366900494], "tmeasure0_r": [0.3125728814729833, 0.6854813131844342, 0.4293611918168209], "tmeasure1_f": [0.7030950497427166, 0.6981128256592269, 0.700595080144126], "tmeasure0_f": [0.6874859717973478, 0.706077204677704, 0.6966575773760715]}