{"orig_r": [0.3137734605180418, 0.6263655343116792, 0.4181017537429235], "orig_f": [0.6252749070234654, 0.6685587290855309, 0.6461928110415353], "tmeasure1_r": [0.3080865602470762, 0.6166814092599247, 0.4108949713050617], "tmeasure0_r": [0.3137734605180418, 0.6263655343116792, 0.4181017537429235], "tmeasure1_f": [0.6406810849630781, 0.6613565708448705, 0.6508546714701947], "tmeasure0_f": [0.6252749070234654, 0.6685587290855309, 0.6461928110415353]}