{"orig_r": [0.16354380707282723, 0.3947561000107714, 0.23127324451199033], "orig_f": [0.599724853844499, 0.43919969725816604, 0.5070608331801241], "tmeasure1_r": [0.10162695779037831, 0.38588651263004764, 0.16088364613642495], "tmeasure0_r": [0.16354380707282723, 0.3947561000107714, 0.23127324451199033], "tmeasure1_f": [0.6063488448003546, 0.42738301978936233, 0.5013741168546054], "tmeasure0_f": [0.599724853844499, 0.43919969725816604, 0.5070608331801241]}