{"orig_r": [0.20132901124124236, 0.38991965387358385, 0.26554694499868414], "orig_f": [0.617028575460125, 0.44709394516582257, 0.5184924381080483], "tmeasure1_r": [0.10833099703171244, 0.3814637465964097, 0.1687414923816217], "tmeasure0_r": [0.20132901124124236, 0.38991965387358385, 0.26554694499868414], "tmeasure1_f": [0.6217470364462944, 0.43275960368370037, 0.5103182679832992], "tmeasure0_f": [0.617028575460125, 0.44709394516582257, 0.5184924381080483]}