{"orig_r": [0.3711576595763648, 0.4236161153425418, 0.39565564665344366], "orig_f": [0.46776145090392157, 0.44778364203333604, 0.4575545818646194], "tmeasure1_r": [0.27328852406758813, 0.42625909138144846, 0.33304871714629947], "tmeasure0_r": [0.3711576595763648, 0.4236161153425418, 0.39565564665344366], "tmeasure1_f": [0.4754066199964712, 0.44950516969952486, 0.46209321965293665], "tmeasure0_f": [0.46776145090392157, 0.44778364203333604, 0.4575545818646194]}