{"orig_r": [0.47947318746380346, 0.4711314976877897, 0.4752657428254449], "orig_f": [0.5360794353279966, 0.48427873742795546, 0.5088641989322844], "tmeasure1_r": [0.2873963423593227, 0.4688470181436959, 0.35635332533947023], "tmeasure0_r": [0.47947318746380346, 0.4711314976877897, 0.4752657428254449], "tmeasure1_f": [0.5413121393900879, 0.4829332957881115, 0.510459010208402], "tmeasure0_f": [0.5360794353279966, 0.48427873742795546, 0.5088641989322844]}