{"orig_r": [0.37802027520880593, 0.45265501527831614, 0.41198474400222473], "orig_f": [0.4390822751545819, 0.4828385949190481, 0.4599220511681554], "tmeasure1_r": [0.38265808978772825, 0.4510898359884616, 0.41406561773765754], "tmeasure0_r": [0.37802027520880593, 0.45265501527831614, 0.41198474400222473], "tmeasure1_f": [0.4402276904721272, 0.4812693248352878, 0.45983455149149605], "tmeasure0_f": [0.4390822751545819, 0.4828385949190481, 0.4599220511681554]}