{"orig_r": [0.29697934004753546, 0.4872130892186064, 0.36902223561139896], "orig_f": [0.5247035982185142, 0.5074481822776823, 0.51593165304146], "tmeasure1_r": [0.37024670057868203, 0.48728950158013506, 0.4207806731248925], "tmeasure0_r": [0.29697934004753546, 0.4872130892186064, 0.36902223561139896], "tmeasure1_f": [0.5253577860653417, 0.5050443757117435, 0.5150008509902076], "tmeasure0_f": [0.5247035982185142, 0.5074481822776823, 0.51593165304146]}