{"orig_r": [0.3240021722064024, 0.40824457122716107, 0.3612774766299047], "orig_f": [0.5406182104869999, 0.45498186941920193, 0.49411704360773545], "tmeasure1_r": [0.3528506829805124, 0.405342706885213, 0.377279604062353], "tmeasure0_r": [0.3240021722064024, 0.40824457122716107, 0.3612774766299047], "tmeasure1_f": [0.5409870061331357, 0.4518392149525045, 0.49241073404248187], "tmeasure0_f": [0.5406182104869999, 0.45498186941920193, 0.49411704360773545]}