{"orig_r": [0.49245137432588365, 0.48142237638741836, 0.48687442434827466], "orig_f": [0.5822493087797971, 0.5128523468692145, 0.5453519733631067], "tmeasure1_r": [0.5304452871829681, 0.47910554648898795, 0.5034700001662011], "tmeasure0_r": [0.49245137432588365, 0.48142237638741836, 0.48687442434827466], "tmeasure1_f": [0.5846874350347537, 0.5112143367289017, 0.5454879387848567], "tmeasure0_f": [0.5822493087797971, 0.5128523468692145, 0.5453519733631067]}