{"orig_r": [0.31440515653274026, 0.46337380223240565, 0.3746234355718575], "orig_f": [0.524112816142414, 0.4644838838286624, 0.49250003851586505], "tmeasure1_r": [0.25918535742169724, 0.4613132065709572, 0.3318969233356079], "tmeasure0_r": [0.31440515653274026, 0.46337380223240565, 0.3746234355718575], "tmeasure1_f": [0.5263569410642331, 0.4619629460151519, 0.49206214774877977], "tmeasure0_f": [0.524112816142414, 0.4644838838286624, 0.49250003851586505]}