{"orig_r": [0.35157114163124653, 0.4673711535360633, 0.40128397564474794], "orig_f": [0.5098614826534784, 0.49864713879632094, 0.5041919604854115], "tmeasure1_r": [0.30989262304503473, 0.46422702406826466, 0.37167518151325185], "tmeasure0_r": [0.35157114163124653, 0.4673711535360633, 0.40128397564474794], "tmeasure1_f": [0.5120587508539443, 0.4958888328967466, 0.5038440895718935], "tmeasure0_f": [0.5098614826534784, 0.49864713879632094, 0.5041919604854115]}