{"orig_r": [0.49029304234812715, 0.43004351584485573, 0.458196171495444], "orig_f": [0.7644230228393957, 0.5626787285950948, 0.6482164221924357], "tmeasure1_r": [0.25383194781850305, 0.4299164116695845, 0.31920082486174733], "tmeasure0_r": [0.49029304234812715, 0.43004351584485573, 0.458196171495444], "tmeasure1_f": [0.7738448478315321, 0.5589264427545744, 0.6490571204489629], "tmeasure0_f": [0.7644230228393957, 0.5626787285950948, 0.6482164221924357]}