{"orig_r": [0.49117729853704173, 0.44611653743997376, 0.467563761291691], "orig_f": [0.729138589936438, 0.5511137292114227, 0.62774857956015], "tmeasure1_r": [0.24374828750954086, 0.4428482829536203, 0.3144306722175134], "tmeasure0_r": [0.49117729853704173, 0.44611653743997376, 0.467563761291691], "tmeasure1_f": [0.7384907296755161, 0.5481854428227825, 0.6292645753774193], "tmeasure0_f": [0.729138589936438, 0.5511137292114227, 0.62774857956015]}