{"orig_r": [0.42515091988259124, 0.5020815674732954, 0.4604248517565915], "orig_f": [0.665575928427937, 0.6025285341246446, 0.6324849416539384], "tmeasure1_r": [0.34273930046501394, 0.4931244538212483, 0.4044035394002836], "tmeasure0_r": [0.42515091988259124, 0.5020815674732954, 0.4604248517565915], "tmeasure1_f": [0.6751773117712391, 0.5921155339836968, 0.6309243768435392], "tmeasure0_f": [0.665575928427937, 0.6025285341246446, 0.6324849416539384]}