{"orig_r": [0.10024962637101464, 0.5776306160335793, 0.1708480342557714], "orig_f": [0.704081222960689, 0.6480465650225846, 0.674902804441468], "tmeasure1_r": [0.09199097419601586, 0.5483694529249937, 0.15755202244680175], "tmeasure0_r": [0.10024962637101464, 0.5776306160335793, 0.1708480342557714], "tmeasure1_f": [0.7106834646275645, 0.6189312390218031, 0.6616415960307293], "tmeasure0_f": [0.704081222960689, 0.6480465650225846, 0.674902804441468]}