{"orig_r": [0.17556205622784757, 0.5904191406756575, 0.2706468482315898], "orig_f": [0.7320333775934942, 0.6732003905486028, 0.7013853023787011], "tmeasure1_r": [0.22984316363355772, 0.5530174817166857, 0.32472519418972656], "tmeasure0_r": [0.17556205622784757, 0.5904191406756575, 0.2706468482315898], "tmeasure1_f": [0.7360317139441959, 0.6354219866639932, 0.6820364897695362], "tmeasure0_f": [0.7320333775934942, 0.6732003905486028, 0.7013853023787011]}