{"orig_r": [0.17460869013457408, 0.47898603474059176, 0.25592349795902136], "orig_f": [0.6023344903542946, 0.5015645993665382, 0.547350133997485], "tmeasure1_r": [0.15444901163998506, 0.4695412605433181, 0.23244010955928712], "tmeasure0_r": [0.17460869013457408, 0.47898603474059176, 0.25592349795902136], "tmeasure1_f": [0.6067160565316031, 0.4919132342310587, 0.5433164037000896], "tmeasure0_f": [0.6023344903542946, 0.5015645993665382, 0.547350133997485]}