{"orig_r": [0.17114113244368565, 0.49500629630449533, 0.2543459134129016], "orig_f": [0.6194664000446971, 0.5247123179669415, 0.5681658740077761], "tmeasure1_r": [0.15306953430998854, 0.4857125877655823, 0.23277983853462145], "tmeasure0_r": [0.17114113244368565, 0.49500629630449533, 0.2543459134129016], "tmeasure1_f": [0.6242676143611113, 0.5148609186869404, 0.5643103269065569], "tmeasure0_f": [0.6194664000446971, 0.5247123179669415, 0.5681658740077761]}