{"orig_r": [0.29086266426629187, 0.5603843214933102, 0.38295554519269287], "orig_f": [0.5881341031911571, 0.6548968712166869, 0.6197225844982778], "tmeasure1_r": [0.28672558808902493, 0.5546857773431575, 0.3780376929699402], "tmeasure0_r": [0.29086266426629187, 0.5603843214933102, 0.38295554519269287], "tmeasure1_f": [0.5947289758283358, 0.649497082531424, 0.620907643112096], "tmeasure0_f": [0.5881341031911571, 0.6548968712166869, 0.6197225844982778]}