{"orig_r": [0.43779851698086353, 0.6618318837027031, 0.5269934643414317], "orig_f": [0.6917476825174557, 0.7007366720224354, 0.6962131636828064], "tmeasure1_r": [0.517535170935227, 0.6547952233624377, 0.578129782352815], "tmeasure0_r": [0.43779851698086353, 0.6618318837027031, 0.5269934643414317], "tmeasure1_f": [0.6970079181045393, 0.6934845464195739, 0.695241768322716], "tmeasure0_f": [0.6917476825174557, 0.7007366720224354, 0.6962131636828064]}