{"orig_r": [0.34960689353537433, 0.5554162082800039, 0.4291102289134276], "orig_f": [0.5051144283827191, 0.5930646320885692, 0.5455676827472296], "tmeasure1_r": [0.0352190417921196, 0.5484184117031261, 0.0661875650565924], "tmeasure0_r": [0.34960689353537433, 0.5554162082800039, 0.4291102289134276], "tmeasure1_f": [0.513593433655764, 0.5786298630362364, 0.5441753514553499], "tmeasure0_f": [0.5051144283827191, 0.5930646320885692, 0.5455676827472296]}