{"orig_r": [0.447876796432215, 0.6137846342670081, 0.5178673496950416], "orig_f": [0.5820228897566923, 0.6371286108666554, 0.6083303593584181], "tmeasure1_r": [0.0, 0.6079760077655683, 0.0], "tmeasure0_r": [0.447876796432215, 0.6137846342670081, 0.5178673496950416], "tmeasure1_f": [0.600344452067751, 0.6284599262825546, 0.6140805432304238], "tmeasure0_f": [0.5820228897566923, 0.6371286108666554, 0.6083303593584181]}