{"orig_r": [0.4165409251585952, 0.4480459787896514, 0.4317194388819963], "orig_f": [0.6155693555259949, 0.4671871593714307, 0.5312110241729391], "tmeasure1_r": [0.44737176141505786, 0.4427695369320494, 0.44505875192183003], "tmeasure0_r": [0.4165409251585952, 0.4480459787896514, 0.4317194388819963], "tmeasure1_f": [0.6302610102261722, 0.4620915833644825, 0.5332313208338444], "tmeasure0_f": [0.6155693555259949, 0.4671871593714307, 0.5312110241729391]}