{"orig_r": [0.457577129518579, 0.41327461569276414, 0.434298980030627], "orig_f": [0.609567110081341, 0.43649225012584725, 0.5087117033767855], "tmeasure1_r": [0.5507536320998807, 0.4081434789031265, 0.46884384329545237], "tmeasure0_r": [0.457577129518579, 0.41327461569276414, 0.434298980030627], "tmeasure1_f": [0.623809259110655, 0.431698261427431, 0.5102708742105766], "tmeasure0_f": [0.609567110081341, 0.43649225012584725, 0.5087117033767855]}