{"orig_r": [0.3188797280164335, 0.504937885314223, 0.39089830789904706], "orig_f": [0.6544984917364589, 0.6297600994201963, 0.6418910304584338], "tmeasure1_r": [0.4152698176216947, 0.5015021597091572, 0.45433044540834533], "tmeasure0_r": [0.3188797280164335, 0.504937885314223, 0.39089830789904706], "tmeasure1_f": [0.6582750918195079, 0.6244143958276027, 0.6408978130799505], "tmeasure0_f": [0.6544984917364589, 0.6297600994201963, 0.6418910304584338]}