{"orig_r": [0.3033165953972574, 0.5008710978961272, 0.3778285030067357], "orig_f": [0.49008503585093627, 0.5723142569531943, 0.5280173942823199], "tmeasure1_r": [0.343455150981673, 0.4973550956900525, 0.40632038003319837], "tmeasure0_r": [0.3033165953972574, 0.5008710978961272, 0.3778285030067357], "tmeasure1_f": [0.4920991502042377, 0.5681039599781235, 0.5273772039487985], "tmeasure0_f": [0.49008503585093627, 0.5723142569531943, 0.5280173942823199]}