{"orig_r": [0.46778345496339224, 0.44134259374523654, 0.45417852368856465], "orig_f": [0.6766565995584581, 0.4806253684945492, 0.5620381834069266], "tmeasure1_r": [0.4569009356881651, 0.43895254618761753, 0.4477469432967699], "tmeasure0_r": [0.46778345496339224, 0.44134259374523654, 0.45417852368856465], "tmeasure1_f": [0.6828167889767639, 0.47834076634179, 0.5625750004625002], "tmeasure0_f": [0.6766565995584581, 0.4806253684945492, 0.5620381834069266]}