{"orig_r": [0.3538781049266578, 0.5544333575498415, 0.43201442232804216], "orig_f": [0.6336543315075647, 0.5032822423407032, 0.5609934277170799], "tmeasure1_r": [0.25376460554794833, 0.5544141687929391, 0.3481672553666719], "tmeasure0_r": [0.3538781049266578, 0.5544333575498415, 0.43201442232804216], "tmeasure1_f": [0.639813240114284, 0.5004510366420996, 0.5616157689046737], "tmeasure0_f": [0.6336543315075647, 0.5032822423407032, 0.5609934277170799]}