{"orig_r": [0.2917105813807256, 0.40230217139020347, 0.3381949390365162], "orig_f": [0.6627224458477619, 0.42133789729397386, 0.5151559755682483], "tmeasure1_r": [0.3536224660834168, 0.39919405048727885, 0.37502892530090515], "tmeasure0_r": [0.2917105813807256, 0.40230217139020347, 0.3381949390365162], "tmeasure1_f": [0.6821530111965695, 0.41852586293333194, 0.5187683426545365], "tmeasure0_f": [0.6627224458477619, 0.42133789729397386, 0.5151559755682483]}