{"orig_r": [0.36626594904186077, 0.32103625903017824, 0.34216287597962247], "orig_f": [0.6098837662407122, 0.41181961097121345, 0.4916536461615542], "tmeasure1_r": [0.3410934471299255, 0.318370510205385, 0.32934050021251493], "tmeasure0_r": [0.36626594904186077, 0.32103625903017824, 0.34216287597962247], "tmeasure1_f": [0.6329757464860691, 0.4108240367744753, 0.4982596385284638], "tmeasure0_f": [0.6098837662407122, 0.41181961097121345, 0.4916536461615542]}