{"orig_r": [0.17616504911942757, 0.438764808051336, 0.25139460398903773], "orig_f": [0.6838214031727315, 0.44514343926411903, 0.5392525963761395], "tmeasure1_r": [0.08944763950829336, 0.43382658141719194, 0.14831521260530853], "tmeasure0_r": [0.17616504911942757, 0.438764808051336, 0.25139460398903773], "tmeasure1_f": [0.6987083855824024, 0.44015621602034916, 0.5400832349461521], "tmeasure0_f": [0.6838214031727315, 0.44514343926411903, 0.5392525963761395]}