{"orig_r": [0.21213963135447564, 0.37845812119086264, 0.27188036516063024], "orig_f": [0.6342081973912758, 0.423427182215922, 0.5078139312233718], "tmeasure1_r": [0.09400924608622768, 0.3747730507562094, 0.15031340642485352], "tmeasure0_r": [0.21213963135447564, 0.37845812119086264, 0.27188036516063024], "tmeasure1_f": [0.6483435781817161, 0.41971484075067156, 0.5095590594010116], "tmeasure0_f": [0.6342081973912758, 0.423427182215922, 0.5078139312233718]}