{"orig_r": [0.2594232620393565, 0.43275801386357265, 0.3243875543547797], "orig_f": [0.7471431374733964, 0.4444821914836004, 0.5573762339992903], "tmeasure1_r": [0.4276466287043992, 0.4220443352142685, 0.424827013072596], "tmeasure0_r": [0.2594232620393565, 0.43275801386357265, 0.3243875543547797], "tmeasure1_f": [0.7591569894300291, 0.43675995840055526, 0.5545023435355161], "tmeasure0_f": [0.7471431374733964, 0.4444821914836004, 0.5573762339992903]}