{"orig_r": [0.2601734087267633, 0.38560434388297044, 0.3107075032004356], "orig_f": [0.6784767852516771, 0.41901236092725663, 0.5180737515490473], "tmeasure1_r": [0.4045866848174807, 0.3784320609971408, 0.39107256066568824], "tmeasure0_r": [0.2601734087267633, 0.38560434388297044, 0.3107075032004356], "tmeasure1_f": [0.6891438358183238, 0.41204334869330717, 0.5157290928115293], "tmeasure0_f": [0.6784767852516771, 0.41901236092725663, 0.5180737515490473]}