{"orig_r": [0.44414957607266276, 0.4348977492028864, 0.43947497566838906], "orig_f": [0.5893161660970327, 0.5113072174946556, 0.5475471693657511], "tmeasure1_r": [0.4485915544248775, 0.4308358441727595, 0.43953445468632407], "tmeasure0_r": [0.44414957607266276, 0.4348977492028864, 0.43947497566838906], "tmeasure1_f": [0.5922888241463315, 0.5074160750307152, 0.5465773057077273], "tmeasure0_f": [0.5893161660970327, 0.5113072174946556, 0.5475471693657511]}