{"orig_r": [0.5250771628152248, 0.45656540576775945, 0.4884304645552889], "orig_f": [0.5769122860577548, 0.5538812841098631, 0.565162247558695], "tmeasure1_r": [0.5258170448471883, 0.4532689244125187, 0.48685515641871957], "tmeasure0_r": [0.5250771628152248, 0.45656540576775945, 0.4884304645552889], "tmeasure1_f": [0.5799278945983122, 0.5499659952453664, 0.5645496884091236], "tmeasure0_f": [0.5769122860577548, 0.5538812841098631, 0.565162247558695]}