{"orig_r": [0.20847619673772486, 0.4756951911613198, 0.2899014077869345], "orig_f": [0.6603536989692618, 0.5063833260365806, 0.5732090355886996], "tmeasure1_r": [0.07178377085349394, 0.46729952779190487, 0.12445023730933694], "tmeasure0_r": [0.20847619673772486, 0.4756951911613198, 0.2899014077869345], "tmeasure1_f": [0.6639367092373983, 0.49790317810241486, 0.5690563754788238], "tmeasure0_f": [0.6603536989692618, 0.5063833260365806, 0.5732090355886996]}