{"orig_r": [0.27793747650976797, 0.49985607880951116, 0.3572380774107955], "orig_f": [0.6807113961500495, 0.5268824561720995, 0.5939992020631768], "tmeasure1_r": [0.1630759863990677, 0.4941083237308487, 0.2452194948612483], "tmeasure0_r": [0.27793747650976797, 0.49985607880951116, 0.3572380774107955], "tmeasure1_f": [0.6893455984642194, 0.5200339556011422, 0.5928380666607669], "tmeasure0_f": [0.6807113961500495, 0.5268824561720995, 0.5939992020631768]}