{"orig_r": [0.1698665705845884, 0.3608520491484014, 0.23099509909073593], "orig_f": [0.6744457190685748, 0.46725353903890343, 0.5520493192696162], "tmeasure1_r": [0.08967593422185458, 0.35667877614424176, 0.14331876297041152], "tmeasure0_r": [0.1698665705845884, 0.3608520491484014, 0.23099509909073593], "tmeasure1_f": [0.6766064555339194, 0.4618749355968796, 0.5489901995916916], "tmeasure0_f": [0.6744457190685748, 0.46725353903890343, 0.5520493192696162]}