{"orig_r": [0.1930379465460174, 0.45575015699882215, 0.27120433918066544], "orig_f": [0.6257487748321154, 0.4803446433137782, 0.5434894867281822], "tmeasure1_r": [0.11761749377949343, 0.44793364990687934, 0.18631324105593047], "tmeasure0_r": [0.1930379465460174, 0.45575015699882215, 0.27120433918066544], "tmeasure1_f": [0.6273358284515747, 0.47346444470618587, 0.5396459592257977], "tmeasure0_f": [0.6257487748321154, 0.4803446433137782, 0.5434894867281822]}