{"orig_r": [0.24163171577806572, 0.5081539738637636, 0.3275232330528959], "orig_f": [0.7976327314498425, 0.560742581417213, 0.6585317513052026], "tmeasure1_r": [0.018938260036211498, 0.49718991036683274, 0.03648671919052542], "tmeasure0_r": [0.24163171577806572, 0.5081539738637636, 0.3275232330528959], "tmeasure1_f": [0.8100076146918597, 0.5498137765002401, 0.65501741406974], "tmeasure0_f": [0.7976327314498425, 0.560742581417213, 0.6585317513052026]}