{"orig_r": [0.25736733681961665, 0.3713629936528192, 0.30403083814317894], "orig_f": [0.7493539627561001, 0.619180862844835, 0.6780764720865301], "tmeasure1_r": [0.500386459283067, 0.36175240850822005, 0.419923085695683], "tmeasure0_r": [0.25736733681961665, 0.3713629936528192, 0.30403083814317894], "tmeasure1_f": [0.7609227890054189, 0.6074214248575492, 0.6755621867971572], "tmeasure0_f": [0.7493539627561001, 0.619180862844835, 0.6780764720865301]}