{"orig_r": [0.3024959916536626, 0.4331442915256654, 0.3562186981602237], "orig_f": [0.7302081817391642, 0.6215555464950089, 0.671515200439507], "tmeasure1_r": [0.6957512234951629, 0.4227539768568349, 0.5259369317961585], "tmeasure0_r": [0.3024959916536626, 0.4331442915256654, 0.3562186981602237], "tmeasure1_f": [0.7427530819828588, 0.6108470134285111, 0.670373034668213], "tmeasure0_f": [0.7302081817391642, 0.6215555464950089, 0.671515200439507]}