{"orig_r": [0.8000000000000002, 0.37957319372205667, 0.5148617425248078], "orig_f": [0.4693220130775017, 0.4472429055021187, 0.4580165277766989], "tmeasure1_r": [0.0, 0.37957319372205667, 0.0], "tmeasure0_r": [0.8000000000000002, 0.37957319372205667, 0.5148617425248078], "tmeasure1_f": [0.4693950692192536, 0.4472429055021187, 0.4580513144238869], "tmeasure0_f": [0.4693220130775017, 0.4472429055021187, 0.4580165277766989]}