{"orig_r": [0.4000000000000001, 0.46724434249072555, 0.431015177244097], "orig_f": [0.4526288382042224, 0.46724434249072555, 0.4598204803390338], "tmeasure1_r": [0.0, 0.46724434249072555, 0.0], "tmeasure0_r": [0.4000000000000001, 0.46724434249072555, 0.431015177244097], "tmeasure1_f": [0.45269780276326066, 0.46724434249072555, 0.45985606440656623], "tmeasure0_f": [0.4526288382042224, 0.46724434249072555, 0.4598204803390338]}