{"orig_r": [0.3548468091644394, 0.3436378236009629, 0.34915237785616204], "orig_f": [0.4478415226446402, 0.3566809077005285, 0.39709650042782374], "tmeasure1_r": [0.16514467895613347, 0.33649680700691237, 0.22155526892372793], "tmeasure0_r": [0.3548468091644394, 0.3436378236009629, 0.34915237785616204], "tmeasure1_f": [0.4503540913611984, 0.34907995577771783, 0.3933022038761464], "tmeasure0_f": [0.4478415226446402, 0.3566809077005285, 0.39709650042782374]}