{"orig_r": [0.30377507338916954, 0.3212684510418336, 0.3122769646536219], "orig_f": [0.6103608034646218, 0.4527533649311267, 0.5198743762538284], "tmeasure1_r": [0.3011123707071415, 0.311467302148073, 0.3062023175219875], "tmeasure0_r": [0.30377507338916954, 0.3212684510418336, 0.3122769646536219], "tmeasure1_f": [0.6179958349437836, 0.44969261969015717, 0.520579134797814], "tmeasure0_f": [0.6103608034646218, 0.4527533649311267, 0.5198743762538284]}