{"orig_r": [0.28550432247279717, 0.43401965187766645, 0.34443462918959405], "orig_f": [0.721196589603492, 0.4786875208660239, 0.5754352516581603], "tmeasure1_r": [0.2844577223109068, 0.43044057957543314, 0.34254423750381535], "tmeasure0_r": [0.28550432247279717, 0.43401965187766645, 0.34443462918959405], "tmeasure1_f": [0.7201986751854076, 0.47302191724198334, 0.571008848310784], "tmeasure0_f": [0.721196589603492, 0.4786875208660239, 0.5754352516581603]}