{"orig_r": [0.20709988794936757, 0.43106553495246064, 0.27978207776143377], "orig_f": [0.6028631836867454, 0.47894524687397294, 0.533806999807572], "tmeasure1_r": [0.25316718385838627, 0.42881994874652, 0.3183729827622645], "tmeasure0_r": [0.20709988794936757, 0.43106553495246064, 0.27978207776143377], "tmeasure1_f": [0.6073436056200261, 0.47796882458015444, 0.5349451479901212], "tmeasure0_f": [0.6028631836867454, 0.47894524687397294, 0.533806999807572]}