{"orig_r": [0.27828270121705534, 0.4351181189072311, 0.3394609091054674], "orig_f": [0.5430403186918334, 0.4609677844718645, 0.4986495463482445], "tmeasure1_r": [0.3842987047857676, 0.4338358034059513, 0.40756754707022036], "tmeasure0_r": [0.27828270121705534, 0.4351181189072311, 0.3394609091054674], "tmeasure1_f": [0.5475399485118332, 0.45977935264324477, 0.49983667102260626], "tmeasure0_f": [0.5430403186918334, 0.4609677844718645, 0.4986495463482445]}