{"orig_r": [0.0, 0.17342811684605147, 0.0], "orig_f": [0.7171339031262319, 0.19378038602657616, 0.3051142928272465], "tmeasure1_r": [0.0, 0.1726570297509086, 0.0], "tmeasure0_r": [0.0, 0.17342811684605147, 0.0], "tmeasure1_f": [0.7209637802222624, 0.19300436219857842, 0.3044945400427359], "tmeasure0_f": [0.7171339031262319, 0.19378038602657616, 0.3051142928272465]}