{"orig_r": [0.0, 0.184294643488411, 0.0], "orig_f": [0.779359995665201, 0.20590716743649007, 0.32575085241965734], "tmeasure1_r": [0.0, 0.1838339467786275, 0.0], "tmeasure0_r": [0.0, 0.184294643488411, 0.0], "tmeasure1_f": [0.7845847546564886, 0.20552054445436338, 0.3257194686108661], "tmeasure0_f": [0.779359995665201, 0.20590716743649007, 0.32575085241965734]}