{"orig_r": [0.3861595076540291, 0.4312563293436165, 0.4074639229494019], "orig_f": [0.6325948932113571, 0.4904620098091395, 0.5525343584728006], "tmeasure1_r": [0.3312507136948921, 0.4249770108204263, 0.3723056787647212], "tmeasure0_r": [0.3861595076540291, 0.4312563293436165, 0.4074639229494019], "tmeasure1_f": [0.636714867153299, 0.4840360421036148, 0.5499758094325374], "tmeasure0_f": [0.6325948932113571, 0.4904620098091395, 0.5525343584728006]}