{"orig_r": [0.47932199383395385, 0.44281694680212924, 0.4603469010825007], "orig_f": [0.6998418355533378, 0.5368836022330983, 0.6076265502192786], "tmeasure1_r": [0.48198049988245933, 0.4391514238022216, 0.45957026854873], "tmeasure0_r": [0.47932199383395385, 0.44281694680212924, 0.4603469010825007], "tmeasure1_f": [0.7112823390913626, 0.5326080459123415, 0.6091126698664562], "tmeasure0_f": [0.6998418355533378, 0.5368836022330983, 0.6076265502192786]}