{"orig_r": [0.2604163207289303, 0.33217885553659343, 0.291952411519551], "orig_f": [0.30908766922326786, 0.3256695329348307, 0.31716201574278685], "tmeasure1_r": [0.11742333909595319, 0.3281640397291683, 0.1729587468021143], "tmeasure0_r": [0.2604163207289303, 0.33217885553659343, 0.291952411519551], "tmeasure1_f": [0.3037045475518294, 0.3148177966283137, 0.3091613338981307], "tmeasure0_f": [0.30908766922326786, 0.3256695329348307, 0.31716201574278685]}