{"orig_r": [0.3158585307079414, 0.0, 0.0], "orig_f": [0.25153950498239336, 0.4006791239691572, 0.3090578037060872], "tmeasure1_r": [0.3118025690434221, 0.0, 0.0], "tmeasure0_r": [0.3158585307079414, 0.0, 0.0], "tmeasure1_f": [0.2477184875469534, 0.3908225343784689, 0.30323491769901917], "tmeasure0_f": [0.25153950498239336, 0.4006791239691572, 0.3090578037060872]}