{"orig_r": [0.3987667428085999, 0.3786193816868599, 0.38843198467805157], "orig_f": [0.4976375675882748, 0.41739680022196585, 0.45399896591570094], "tmeasure1_r": [0.5080661516040207, 0.37293246980453665, 0.43013543980088953], "tmeasure0_r": [0.3987667428085999, 0.3786193816868599, 0.38843198467805157], "tmeasure1_f": [0.5054992180796684, 0.41163888889727196, 0.4537661991924763], "tmeasure0_f": [0.4976375675882748, 0.41739680022196585, 0.45399896591570094]}