{"orig_r": [0.471066137695932, 0.6286537207139821, 0.5385689417177536], "orig_f": [0.5993429254916055, 0.6701323030077773, 0.6327639105268347], "tmeasure1_r": [0.5230433629612734, 0.6229782879844401, 0.5686535826445278], "tmeasure0_r": [0.471066137695932, 0.6286537207139821, 0.5385689417177536], "tmeasure1_f": [0.6015438020091487, 0.6652448871502881, 0.631792724560972], "tmeasure0_f": [0.5993429254916055, 0.6701323030077773, 0.6327639105268347]}