{"orig_r": [0.37577491647588096, 0.6283531324175959, 0.47029728153053324], "orig_f": [0.5291452842096956, 0.6513789968341898, 0.5839339858444482], "tmeasure1_r": [0.4412657993301961, 0.62113055413425, 0.5159725361719814], "tmeasure0_r": [0.37577491647588096, 0.6283531324175959, 0.47029728153053324], "tmeasure1_f": [0.5317000108082128, 0.6480889704553444, 0.584153468235878], "tmeasure0_f": [0.5291452842096956, 0.6513789968341898, 0.5839339858444482]}