{"orig_r": [0.22965019839041106, 0.34382376382041313, 0.27537151039359037], "orig_f": [0.29747508961392727, 0.3373149274716649, 0.3161448213645084], "tmeasure1_r": [0.12907606447997472, 0.339436869022086, 0.1870308034626873], "tmeasure0_r": [0.22965019839041106, 0.34382376382041313, 0.27537151039359037], "tmeasure1_f": [0.2983121595607717, 0.3330110767724007, 0.3147080536639927], "tmeasure0_f": [0.29747508961392727, 0.3373149274716649, 0.3161448213645084]}