{"orig_r": [0.446289290639688, 0.33948573284732836, 0.3856290728671455], "orig_f": [0.6266889272049267, 0.3784852480338164, 0.4719431117435273], "tmeasure1_r": [0.22234337602397364, 0.3356899982305029, 0.26750531759419405], "tmeasure0_r": [0.446289290639688, 0.33948573284732836, 0.3856290728671455], "tmeasure1_f": [0.6365490903057873, 0.37489936013218683, 0.4718813826745779], "tmeasure0_f": [0.6266889272049267, 0.3784852480338164, 0.4719431117435273]}