{"orig_r": [0.3080374231874748, 0.5212582504973725, 0.3872371541140857], "orig_f": [0.5600078976412134, 0.4799909653205611, 0.5169212024144757], "tmeasure1_r": [0.42748899892506814, 0.5211803594481461, 0.46970816154946216], "tmeasure0_r": [0.3080374231874748, 0.5212582504973725, 0.3872371541140857], "tmeasure1_f": [0.5618669113318694, 0.4795520129766445, 0.5174563320578696], "tmeasure0_f": [0.5600078976412134, 0.4799909653205611, 0.5169212024144757]}