{"orig_r": [0.32978482378526214, 0.4582272628632052, 0.38353827231169924], "orig_f": [0.6425697849370201, 0.4867862858943197, 0.5539336390287436], "tmeasure1_r": [0.4728790221851048, 0.4575488774605837, 0.46508765667462487], "tmeasure0_r": [0.32978482378526214, 0.4582272628632052, 0.38353827231169924], "tmeasure1_f": [0.6454489650973706, 0.4864810487076078, 0.5548023033196259], "tmeasure0_f": [0.6425697849370201, 0.4867862858943197, 0.5539336390287436]}