{"orig_r": [0.2512088966717194, 0.6448555662557051, 0.3615665211908598], "orig_f": [0.6171840272041398, 0.6670558452437756, 0.6411515819904773], "tmeasure1_r": [0.21693699277914053, 0.6414879485326779, 0.3242274537039323], "tmeasure0_r": [0.2512088966717194, 0.6448555662557051, 0.3615665211908598], "tmeasure1_f": [0.6282775715027198, 0.6641765876626351, 0.6457285166928021], "tmeasure0_f": [0.6171840272041398, 0.6670558452437756, 0.6411515819904773]}