{"orig_r": [0.25548156488541957, 0.5258330426483107, 0.3438836220618141], "orig_f": [0.7181052546673317, 0.6560708227317601, 0.6856878284903662], "tmeasure1_r": [0.2134474542626985, 0.5225965229219774, 0.3030984584668276], "tmeasure0_r": [0.25548156488541957, 0.5258330426483107, 0.3438836220618141], "tmeasure1_f": [0.7270349771288475, 0.6527087698882413, 0.687869912965249], "tmeasure0_f": [0.7181052546673317, 0.6560708227317601, 0.6856878284903662]}