{"orig_r": [0.09218742540798035, 0.4370039518144585, 0.15225595482049667], "orig_f": [0.5008317116334362, 0.40806703944200523, 0.44971546848998767], "tmeasure1_r": [0.0, 0.4114792940241797, 0.0], "tmeasure0_r": [0.09218742540798035, 0.4370039518144585, 0.15225595482049667], "tmeasure1_f": [0.49348197052292025, 0.3817404192095852, 0.4304780510868032], "tmeasure0_f": [0.5008317116334362, 0.40806703944200523, 0.44971546848998767]}