{"orig_r": [0.14810527162673737, 0.6867271659389426, 0.24366066498666644], "orig_f": [0.7411271979952084, 0.7272300041118368, 0.734112836402539], "tmeasure1_r": [0.273077565661219, 0.6752470884392306, 0.38888545253676227], "tmeasure0_r": [0.14810527162673737, 0.6867271659389426, 0.24366066498666644], "tmeasure1_f": [0.7451832348180051, 0.7159978832933075, 0.7302990877475952], "tmeasure0_f": [0.7411271979952084, 0.7272300041118368, 0.734112836402539]}