{"orig_r": [0.26279034792948147, 0.5993290497223905, 0.3653737288124236], "orig_f": [0.7146827682168154, 0.6521426108498845, 0.6819819027834906], "tmeasure1_r": [0.37561660302385175, 0.5910788477378832, 0.4593360374906286], "tmeasure0_r": [0.26279034792948147, 0.5993290497223905, 0.3653737288124236], "tmeasure1_f": [0.7187422120965477, 0.6432235062287963, 0.6788891666198992], "tmeasure0_f": [0.7146827682168154, 0.6521426108498845, 0.6819819027834906]}