{"orig_r": [0.4045144693202064, 0.6256063593797853, 0.4913342540354795], "orig_f": [0.5866411208529184, 0.6566044828891898, 0.61965421577162], "tmeasure1_r": [0.4044285194801876, 0.6226736887539529, 0.49036404759558505], "tmeasure0_r": [0.4045144693202064, 0.6256063593797853, 0.4913342540354795], "tmeasure1_f": [0.5957728579416628, 0.6539284239150255, 0.6234974896181937], "tmeasure0_f": [0.5866411208529184, 0.6566044828891898, 0.61965421577162]}