{"orig_r": [0.25799901572278455, 0.5354531635098655, 0.348216043176788], "orig_f": [0.6047878903378621, 0.5807687824552534, 0.592535025571898], "tmeasure1_r": [0.33655722054093207, 0.5346171820681478, 0.41307291011170927], "tmeasure0_r": [0.25799901572278455, 0.5354531635098655, 0.348216043176788], "tmeasure1_f": [0.6074447806811774, 0.5798269272881862, 0.5933146360945741], "tmeasure0_f": [0.6047878903378621, 0.5807687824552534, 0.592535025571898]}