{"orig_r": [0.3438899902371135, 0.6089355463440025, 0.43954917463411863], "orig_f": [0.6463063193654219, 0.5728399002155009, 0.6073595464557175], "tmeasure1_r": [0.4579395966708732, 0.6097724862411337, 0.523060422148043], "tmeasure0_r": [0.3438899902371135, 0.6089355463440025, 0.43954917463411863], "tmeasure1_f": [0.6498379081903938, 0.5721478890900387, 0.6085232549335355], "tmeasure0_f": [0.6463063193654219, 0.5728399002155009, 0.6073595464557175]}