{"orig_r": [0.3713786381536621, 0.40493309018805784, 0.3874307036391921], "orig_f": [0.6542618918673935, 0.5150931479925973, 0.5763960576659736], "tmeasure1_r": [0.5131056193328237, 0.4007620065740765, 0.45002849813000256], "tmeasure0_r": [0.3713786381536621, 0.40493309018805784, 0.3874307036391921], "tmeasure1_f": [0.6615867889278197, 0.5112431388391071, 0.5767787785394237], "tmeasure0_f": [0.6542618918673935, 0.5150931479925973, 0.5763960576659736]}