{"orig_r": [0.3293254710679595, 0.33199617799981185, 0.33065543179078866], "orig_f": [0.6494875798382407, 0.5623677588839727, 0.6027961639080275], "tmeasure1_r": [0.3167424516376792, 0.3252676771433947, 0.3209484613350203], "tmeasure0_r": [0.3293254710679595, 0.33199617799981185, 0.33065543179078866], "tmeasure1_f": [0.6574002715345513, 0.5601281717357145, 0.6048785377106323], "tmeasure0_f": [0.6494875798382407, 0.5623677588839727, 0.6027961639080275]}