{"orig_r": [0.4087259379824489, 0.6462038829573108, 0.5007352772610827], "orig_f": [0.6934838967239616, 0.7084406652348091, 0.7008824960428924], "tmeasure1_r": [0.328157916281458, 0.644964766389752, 0.4349920058022712], "tmeasure0_r": [0.4087259379824489, 0.6462038829573108, 0.5007352772610827], "tmeasure1_f": [0.6996464995396833, 0.708178171737212, 0.7038864838999567], "tmeasure0_f": [0.6934838967239616, 0.7084406652348091, 0.7008824960428924]}