{"orig_r": [0.24575611456505858, 0.0, 0.0], "orig_f": [0.4727906472308175, 0.7586828195685517, 0.5825511486479407], "tmeasure1_r": [0.17664503597386308, 0.0, 0.0], "tmeasure0_r": [0.24575611456505858, 0.0, 0.0], "tmeasure1_f": [0.47663492778107525, 0.7571037973074362, 0.5849895223585829], "tmeasure0_f": [0.4727906472308175, 0.7586828195685517, 0.5825511486479407]}