{"orig_r": [0.14268142152209778, 0.39477042567175374, 0.20960540299124994], "orig_f": [0.7307617866042764, 0.41470042583559663, 0.529126532151024], "tmeasure1_r": [0.0, 0.38524684725518976, 0.0], "tmeasure0_r": [0.14268142152209778, 0.39477042567175374, 0.20960540299124994], "tmeasure1_f": [0.7508852177307934, 0.4048338891467637, 0.526051323695866], "tmeasure0_f": [0.7307617866042764, 0.41470042583559663, 0.529126532151024]}