{"orig_r": [0.1409787211771029, 0.28890740656192526, 0.18949109583931253], "orig_f": [0.7156273572435076, 0.3924749414105241, 0.5069311839657231], "tmeasure1_r": [0.0, 0.2805133145815567, 0.0], "tmeasure0_r": [0.1409787211771029, 0.28890740656192526, 0.18949109583931253], "tmeasure1_f": [0.7296897780771582, 0.38354665947168015, 0.5028043772055343], "tmeasure0_f": [0.7156273572435076, 0.3924749414105241, 0.5069311839657231]}