{"orig_r": [0.3826111189416297, 0.31893336635695935, 0.34788229321685854], "orig_f": [0.5622038155560442, 0.3456013555619442, 0.4280618946441603], "tmeasure1_r": [0.5915147172695344, 0.3175948687834962, 0.41328799497174407], "tmeasure0_r": [0.3826111189416297, 0.31893336635695935, 0.34788229321685854], "tmeasure1_f": [0.5697206412893371, 0.34428953991721895, 0.42920497277594627], "tmeasure0_f": [0.5622038155560442, 0.3456013555619442, 0.4280618946441603]}