{"orig_r": [0.40789164973861325, 0.3336101686200355, 0.36703025853454013], "orig_f": [0.6737942458030621, 0.3780258523256929, 0.4843254935230764], "tmeasure1_r": [0.5841048846069377, 0.33162613105604766, 0.42305969700697915], "tmeasure0_r": [0.40789164973861325, 0.3336101686200355, 0.36703025853454013], "tmeasure1_f": [0.6817081190877735, 0.3761978440710441, 0.48483917024304823], "tmeasure0_f": [0.6737942458030621, 0.3780258523256929, 0.4843254935230764]}