{"orig_r": [0.34017175051613147, 0.4458778168774984, 0.3859172341674363], "orig_f": [0.5556457062238868, 0.48820942251264116, 0.5197492676700008], "tmeasure1_r": [0.35022979868924414, 0.44172175695003674, 0.3906908722172785], "tmeasure0_r": [0.34017175051613147, 0.4458778168774984, 0.3859172341674363], "tmeasure1_f": [0.5581305418906213, 0.48349054047336465, 0.5181362818443631], "tmeasure0_f": [0.5556457062238868, 0.48820942251264116, 0.5197492676700008]}