{"orig_r": [0.33592737430971786, 0.45154594802040576, 0.38524897389500995], "orig_f": [0.5558682186279076, 0.48530891820889466, 0.5181977096973068], "tmeasure1_r": [0.3442955960260345, 0.4474160403996487, 0.3891400990301478], "tmeasure0_r": [0.33592737430971786, 0.45154594802040576, 0.38524897389500995], "tmeasure1_f": [0.5591701726160572, 0.4814879571459929, 0.517429684946465], "tmeasure0_f": [0.5558682186279076, 0.48530891820889466, 0.5181977096973068]}