{"orig_r": [0.48951844436972863, 0.19244813479848283, 0.27628014171401916], "orig_f": [0.7087376158516696, 0.23428337873230193, 0.3521564084576059], "tmeasure1_r": [0.3251905235973366, 0.19129347244952455, 0.24088577745967363], "tmeasure0_r": [0.48951844436972863, 0.19244813479848283, 0.27628014171401916], "tmeasure1_f": [0.7081027039072506, 0.23304157511152637, 0.35067390439077234], "tmeasure0_f": [0.7087376158516696, 0.23428337873230193, 0.3521564084576059]}