{"orig_r": [0.4892664573119254, 0.17358437474854613, 0.25625376923470095], "orig_f": [0.5901536075379417, 0.21070669208596884, 0.3105393400704619], "tmeasure1_r": [0.6850815007434754, 0.17263128731869884, 0.2757718038896707], "tmeasure0_r": [0.4892664573119254, 0.17358437474854613, 0.25625376923470095], "tmeasure1_f": [0.5903070953101656, 0.20986476731149215, 0.30964513246866476], "tmeasure0_f": [0.5901536075379417, 0.21070669208596884, 0.3105393400704619]}