{"orig_r": [0.5550691028446691, 0.32753807005680663, 0.4119754932338417], "orig_f": [0.5855923620783677, 0.37976582025373484, 0.4607366836250786], "tmeasure1_r": [0.5707197890239757, 0.32833654727294737, 0.4168552234675318], "tmeasure0_r": [0.5550691028446691, 0.32753807005680663, 0.4119754932338417], "tmeasure1_f": [0.5876721042229065, 0.3800161319427422, 0.46156369696574934], "tmeasure0_f": [0.5855923620783677, 0.37976582025373484, 0.4607366836250786]}