{"orig_r": [0.5967512578217429, 0.3417376265441764, 0.4345972805485899], "orig_f": [0.6011071065945073, 0.3986193069946051, 0.4793569420657833], "tmeasure1_r": [0.576472114759776, 0.3400763036405033, 0.4277886514309846], "tmeasure0_r": [0.5967512578217429, 0.3417376265441764, 0.4345972805485899], "tmeasure1_f": [0.6025381002385797, 0.3970261883509815, 0.47865536615263027], "tmeasure0_f": [0.6011071065945073, 0.3986193069946051, 0.4793569420657833]}