{"orig_r": [0.16351034607638548, 0.5217486719822401, 0.24898995466678273], "orig_f": [0.3174326540100341, 0.5142249480710533, 0.3925456572895035], "tmeasure1_r": [0.14215389945420864, 0.5148621209739209, 0.2227941356133599], "tmeasure0_r": [0.16351034607638548, 0.5217486719822401, 0.24898995466678273], "tmeasure1_f": [0.31885433786083694, 0.5081651102944347, 0.39184241707575934], "tmeasure0_f": [0.3174326540100341, 0.5142249480710533, 0.3925456572895035]}