{"orig_r": [0.1586101064524173, 0.5210216180480759, 0.2431884543451916], "orig_f": [0.30915000836351897, 0.5077170678317917, 0.3842993317776241], "tmeasure1_r": [0.13612866028495538, 0.5138495988938184, 0.21523691445851217], "tmeasure0_r": [0.1586101064524173, 0.5210216180480759, 0.2431884543451916], "tmeasure1_f": [0.31037840407031564, 0.501376871516564, 0.3834075561912962], "tmeasure0_f": [0.30915000836351897, 0.5077170678317917, 0.3842993317776241]}