{"orig_r": [0.23464489489689394, 0.42828842862770744, 0.3031849199753643], "orig_f": [0.5028328176764632, 0.4823327985286571, 0.4923695186930701], "tmeasure1_r": [0.21803966116389104, 0.4213363279769696, 0.2873677828020442], "tmeasure0_r": [0.23464489489689394, 0.42828842862770744, 0.3031849199753643], "tmeasure1_f": [0.5056085707976858, 0.4757845570237556, 0.490243395974054], "tmeasure0_f": [0.5028328176764632, 0.4823327985286571, 0.4923695186930701]}