{"orig_r": [0.2848745091911894, 0.4596241760326357, 0.3517406119269042], "orig_f": [0.6868421737122973, 0.5502523674463368, 0.6110067089831519], "tmeasure1_r": [0.21487668958061026, 0.45597389097487295, 0.2921012907128801], "tmeasure0_r": [0.2848745091911894, 0.4596241760326357, 0.3517406119269042], "tmeasure1_f": [0.6964216210882596, 0.5459722094247975, 0.6120874747095908], "tmeasure0_f": [0.6868421737122973, 0.5502523674463368, 0.6110067089831519]}