{"orig_r": [0.43725960752620735, 0.3654961599668179, 0.39817018807233984], "orig_f": [0.6623980601897572, 0.4173345358709447, 0.5120556478885167], "tmeasure1_r": [0.2432543408001258, 0.36262898809598243, 0.29118172178469215], "tmeasure0_r": [0.43725960752620735, 0.3654961599668179, 0.39817018807233984], "tmeasure1_f": [0.6630584791770134, 0.4139971410218366, 0.5097309917177546], "tmeasure0_f": [0.6623980601897572, 0.4173345358709447, 0.5120556478885167]}