{"orig_r": [0.4337714458130005, 0.3610656871345195, 0.39409327684781437], "orig_f": [0.6615537985396304, 0.4121093954034953, 0.5078548607814058], "tmeasure1_r": [0.2826275382176343, 0.35782295055722424, 0.31581089063485634], "tmeasure0_r": [0.4337714458130005, 0.3610656871345195, 0.39409327684781437], "tmeasure1_f": [0.6634891455425257, 0.40876025891887174, 0.5058673733804581], "tmeasure0_f": [0.6615537985396304, 0.4121093954034953, 0.5078548607814058]}