{"orig_r": [0.6591255923599251, 0.5651640347488087, 0.6085391412880924], "orig_f": [0.8292683103830106, 0.6837515313194586, 0.7495122819553679], "tmeasure1_r": [0.633665174317003, 0.5617025223410793, 0.5955177268528267], "tmeasure0_r": [0.6591255923599251, 0.5651640347488087, 0.6085391412880924], "tmeasure1_f": [0.8356002299288781, 0.6802966467853053, 0.7499930149678989], "tmeasure0_f": [0.8292683103830106, 0.6837515313194586, 0.7495122819553679]}