{"orig_r": [0.7112305834232063, 0.50001721246015, 0.5872085545969074], "orig_f": [0.8012785210507645, 0.6911793051467199, 0.7421678813128157], "tmeasure1_r": [0.6226019494598172, 0.4978955234413613, 0.5533090988938751], "tmeasure0_r": [0.7112305834232063, 0.50001721246015, 0.5872085545969074], "tmeasure1_f": [0.8072187876177909, 0.6893940851147269, 0.7436684098021187], "tmeasure0_f": [0.8012785210507645, 0.6911793051467199, 0.7421678813128157]}