{"orig_r": [0.32606286671416895, 0.3750580890538014, 0.34884855372000084], "orig_f": [0.5917086320531284, 0.42163216142789683, 0.49239780155515117], "tmeasure1_r": [0.276574013145573, 0.37212672743345365, 0.3173129795200565], "tmeasure0_r": [0.32606286671416895, 0.3750580890538014, 0.34884855372000084], "tmeasure1_f": [0.5971888677845542, 0.41899696711860274, 0.4924696168837397], "tmeasure0_f": [0.5917086320531284, 0.42163216142789683, 0.49239780155515117]}