{"orig_r": [0.3143281166323709, 0.3601412775267062, 0.3356787734680995], "orig_f": [0.5765798212015073, 0.4072038260620984, 0.4773112663063882], "tmeasure1_r": [0.2753841994301284, 0.3572629072744071, 0.31102508385228805], "tmeasure0_r": [0.3143281166323709, 0.3601412775267062, 0.3356787734680995], "tmeasure1_f": [0.5819740189750991, 0.40460204449474646, 0.4773435858396872], "tmeasure0_f": [0.5765798212015073, 0.4072038260620984, 0.4773112663063882]}