{"orig_r": [0.39216787685303883, 0.48023137773938135, 0.4317548847385253], "orig_f": [0.5466699600328788, 0.5107522371891096, 0.5281010854971826], "tmeasure1_r": [0.35805699245672234, 0.4770687661061491, 0.4090828377296362], "tmeasure0_r": [0.39216787685303883, 0.48023137773938135, 0.4317548847385253], "tmeasure1_f": [0.5514540834244029, 0.5076110791520216, 0.5286250785718771], "tmeasure0_f": [0.5466699600328788, 0.5107522371891096, 0.5281010854971826]}