{"orig_r": [0.30433120619338455, 0.5119218370151248, 0.3817291498801778], "orig_f": [0.5941793152354121, 0.5764831056579874, 0.58519745889381], "tmeasure1_r": [0.2613808974749597, 0.5078049897717716, 0.3451194988610926], "tmeasure0_r": [0.30433120619338455, 0.5119218370151248, 0.3817291498801778], "tmeasure1_f": [0.5992321963895828, 0.5733466122911686, 0.5860036821956655], "tmeasure0_f": [0.5941793152354121, 0.5764831056579874, 0.58519745889381]}