{"orig_r": [0.3356807094172816, 0.48698210355266297, 0.3974179832048645], "orig_f": [0.6221529166114673, 0.5241134998270172, 0.5689405846259857], "tmeasure1_r": [0.3272818312246841, 0.4824594688083362, 0.3900016423438984], "tmeasure0_r": [0.3356807094172816, 0.48698210355266297, 0.3974179832048645], "tmeasure1_f": [0.6245771442162041, 0.5197733993456757, 0.5673761195453415], "tmeasure0_f": [0.6221529166114673, 0.5241134998270172, 0.5689405846259857]}