{"orig_r": [0.3318327954013654, 0.4843819158179696, 0.39385177198687604], "orig_f": [0.6190937041406597, 0.519601275488663, 0.5650009599993218], "tmeasure1_r": [0.3279796072742706, 0.47985822007476686, 0.3896418445368312], "tmeasure0_r": [0.3318327954013654, 0.4843819158179696, 0.39385177198687604], "tmeasure1_f": [0.6211818600631109, 0.5151123589792304, 0.5631964819144997], "tmeasure0_f": [0.6190937041406597, 0.519601275488663, 0.5650009599993218]}