{"orig_r": [0.177666326794085, 0.44223935091148053, 0.25349353576194134], "orig_f": [0.414613663952896, 0.4429576694361832, 0.4283172609680669], "tmeasure1_r": [0.0, 0.4311364958950749, 0.0], "tmeasure0_r": [0.177666326794085, 0.44223935091148053, 0.25349353576194134], "tmeasure1_f": [0.417420838458704, 0.432145641885351, 0.42465563400996137], "tmeasure0_f": [0.414613663952896, 0.4429576694361832, 0.4283172609680669]}