{"orig_r": [0.23966669050619194, 0.3733393441710993, 0.2919286270985685], "orig_f": [0.6134703283496148, 0.4275766310329492, 0.5039265018169337], "tmeasure1_r": [0.18119733165032545, 0.36437774885991076, 0.24203552605232853], "tmeasure0_r": [0.23966669050619194, 0.3733393441710993, 0.2919286270985685], "tmeasure1_f": [0.6300913439666486, 0.4205227924980788, 0.5044054944574189], "tmeasure0_f": [0.6134703283496148, 0.4275766310329492, 0.5039265018169337]}