{"orig_r": [0.1587609189118707, 0.5664553749855535, 0.2480114597866295], "orig_f": [0.4372356601021776, 0.6448287734375427, 0.5211189383325979], "tmeasure1_r": [0.12509328569253111, 0.5664553749855535, 0.20493066673184654], "tmeasure0_r": [0.1587609189118707, 0.5664553749855535, 0.2480114597866295], "tmeasure1_f": [0.43726178421673195, 0.6448064587112429, 0.5211302049630853], "tmeasure0_f": [0.4372356601021776, 0.6448287734375427, 0.5211189383325979]}