{"orig_r": [0.13989053746111932, 0.6672672797394372, 0.23129151797528935], "orig_f": [0.41834049719480587, 0.6513411528470736, 0.5094644405927965], "tmeasure1_r": [0.12120646774451604, 0.6672280622143776, 0.20514666349085275], "tmeasure0_r": [0.13989053746111932, 0.6672672797394372, 0.23129151797528935], "tmeasure1_f": [0.4183538932154815, 0.6513027981938524, 0.5094626406301141], "tmeasure0_f": [0.41834049719480587, 0.6513411528470736, 0.5094644405927965]}