{"orig_r": [0.2389174900290394, 0.3780424283482962, 0.29279356864222483], "orig_f": [0.4391785565373865, 0.40859393894617735, 0.4233345556084656], "tmeasure1_r": [0.23606426294891833, 0.37197645213284214, 0.2888304839760131], "tmeasure0_r": [0.2389174900290394, 0.3780424283482962, 0.29279356864222483], "tmeasure1_f": [0.44416683592807166, 0.4038845578358492, 0.42306899665115405], "tmeasure0_f": [0.4391785565373865, 0.40859393894617735, 0.4233345556084656]}