{"orig_r": [0.2604895104895098, 0.6963410437563526, 0.3791466249001862], "orig_f": [0.6719802553592658, 0.7169269039527694, 0.6937263167838221], "tmeasure1_r": [0.409090909090908, 0.6777150230539155, 0.5102052660653809], "tmeasure0_r": [0.2604895104895098, 0.6963410437563526, 0.3791466249001862], "tmeasure1_f": [0.6715482972015061, 0.7085158275163833, 0.689536941055121], "tmeasure0_f": [0.6719802553592658, 0.7169269039527694, 0.6937263167838221]}