{"orig_r": [0.11577311577311615, 0.6658642234284471, 0.197250494473316], "orig_f": [0.571845905456525, 0.7184438116172788, 0.6368169048198654], "tmeasure1_r": [0.1818181818181824, 0.6658642234284471, 0.2856405221866379], "tmeasure0_r": [0.11577311577311615, 0.6658642234284471, 0.197250494473316], "tmeasure1_f": [0.5697665989617496, 0.7071145836912076, 0.6310536593372199], "tmeasure0_f": [0.571845905456525, 0.7184438116172788, 0.6368169048198654]}