{"orig_r": [0.27503429493806575, 0.589259648787795, 0.37502660574284485], "orig_f": [0.5046474942580178, 0.5760578666331644, 0.5379933688944056], "tmeasure1_r": [0.38007145087010047, 0.5837206188451336, 0.46038051044103984], "tmeasure0_r": [0.27503429493806575, 0.589259648787795, 0.37502660574284485], "tmeasure1_f": [0.5079330022508726, 0.5713590257711773, 0.5377823569306652], "tmeasure0_f": [0.5046474942580178, 0.5760578666331644, 0.5379933688944056]}