{"orig_r": [0.28730021614207435, 0.5879888954705252, 0.3859966598843951], "orig_f": [0.5350310889809328, 0.598203080991905, 0.5648563277306039], "tmeasure1_r": [0.41060857254699207, 0.5819890253836313, 0.4815036495131444], "tmeasure0_r": [0.28730021614207435, 0.5879888954705252, 0.3859966598843951], "tmeasure1_f": [0.53976134830438, 0.593999897683413, 0.5655832509726034], "tmeasure0_f": [0.5350310889809328, 0.598203080991905, 0.5648563277306039]}