{"orig_r": [0.2579483215047269, 0.5944307823058289, 0.3597751795206114], "orig_f": [0.5350823055869148, 0.6541111876225169, 0.5886398208228532], "tmeasure1_r": [0.2499514159412571, 0.5883319495369268, 0.3508465272869884], "tmeasure0_r": [0.2579483215047269, 0.5944307823058289, 0.3597751795206114], "tmeasure1_f": [0.5384442022027126, 0.6499319083949641, 0.5889584362745387], "tmeasure0_f": [0.5350823055869148, 0.6541111876225169, 0.5886398208228532]}