{"orig_r": [0.22270304008660963, 0.49229325633826765, 0.3066734900554492], "orig_f": [0.4349928711310862, 0.6753143253106275, 0.5291453000111095], "tmeasure1_r": [0.27444979024705346, 0.49332010720763114, 0.3526879613192425], "tmeasure0_r": [0.22270304008660963, 0.49229325633826765, 0.3066734900554492], "tmeasure1_f": [0.4398297665829902, 0.671687532693307, 0.5315763792674275], "tmeasure0_f": [0.4349928711310862, 0.6753143253106275, 0.5291453000111095]}