{"orig_r": [0.306593802287443, 0.6292208785780604, 0.41229364229138243], "orig_f": [0.5491948400199264, 0.6869467930774024, 0.6103954822410563], "tmeasure1_r": [0.340194972112978, 0.6272333666579638, 0.4411316665575944], "tmeasure0_r": [0.306593802287443, 0.6292208785780604, 0.41229364229138243], "tmeasure1_f": [0.5527977863694317, 0.6858598383402457, 0.6121817568160519], "tmeasure0_f": [0.5491948400199264, 0.6869467930774024, 0.6103954822410563]}