{"orig_r": [0.16410970474229042, 0.0, 0.0], "orig_f": [0.4477685969991201, 0.6570317032452764, 0.5325816147606026], "tmeasure1_r": [0.12090043174155489, 0.0, 0.0], "tmeasure0_r": [0.16410970474229042, 0.0, 0.0], "tmeasure1_f": [0.4501868571599683, 0.6556798468576532, 0.5338409204067558], "tmeasure0_f": [0.4477685969991201, 0.6570317032452764, 0.5325816147606026]}