{"orig_r": [0.5975035055952709, 0.6580596954376148, 0.626321278915266], "orig_f": [0.6400584329980816, 0.6583010617230234, 0.6490515881318685], "tmeasure1_r": [0.6183754642899506, 0.6557078507355354, 0.6364947124812501], "tmeasure0_r": [0.5975035055952709, 0.6580596954376148, 0.626321278915266], "tmeasure1_f": [0.642597076382457, 0.6568159851775616, 0.6496287351300715], "tmeasure0_f": [0.6400584329980816, 0.6583010617230234, 0.6490515881318685]}