{"orig_r": [0.39695554685577616, 0.680651142761416, 0.5014598539451315], "orig_f": [0.7251318708421143, 0.7115827260609591, 0.7182934098668808], "tmeasure1_r": [0.41140329405469617, 0.6761727703152266, 0.5115590792611541], "tmeasure0_r": [0.39695554685577616, 0.680651142761416, 0.5014598539451315], "tmeasure1_f": [0.7256446105934926, 0.708376585112312, 0.716906629827565], "tmeasure0_f": [0.7251318708421143, 0.7115827260609591, 0.7182934098668808]}