{"orig_r": [0.22928330796471258, 0.5686661724410618, 0.3268017947166641], "orig_f": [0.6352807076869094, 0.5574838993120126, 0.5938451962790563], "tmeasure1_r": [0.2290190079655274, 0.5682819351709986, 0.32646986350123114], "tmeasure0_r": [0.22928330796471258, 0.5686661724410618, 0.3268017947166641], "tmeasure1_f": [0.6370918069363313, 0.5523250475041469, 0.591687869928736], "tmeasure0_f": [0.6352807076869094, 0.5574838993120126, 0.5938451962790563]}