{"orig_r": [0.12008940182775701, 0.43894340550238814, 0.18858446342269947], "orig_f": [0.38261204209139926, 0.41696056175183555, 0.39904851976325406], "tmeasure1_r": [0.14603399928958813, 0.43431785974459225, 0.21857489739741398], "tmeasure0_r": [0.12008940182775701, 0.43894340550238814, 0.18858446342269947], "tmeasure1_f": [0.38330800236396584, 0.41401780807403726, 0.3980714956882902], "tmeasure0_f": [0.38261204209139926, 0.41696056175183555, 0.39904851976325406]}