{"orig_r": [0.29279320649069185, 0.6555531633774312, 0.40479200180222297], "orig_f": [0.7885528138984903, 0.760133525352082, 0.7740824144481355], "tmeasure1_r": [0.0, 0.6502975950189169, 0.0], "tmeasure0_r": [0.29279320649069185, 0.6555531633774312, 0.40479200180222297], "tmeasure1_f": [0.805399943049622, 0.7555602674425812, 0.7796844433042024], "tmeasure0_f": [0.7885528138984903, 0.760133525352082, 0.7740824144481355]}