{"orig_r": [0.3008529626296975, 0.7091187439388394, 0.4224682208080695], "orig_f": [0.7517779210010024, 0.7355038983172354, 0.7435518734687777], "tmeasure1_r": [0.0, 0.7019361630943668, 0.0], "tmeasure0_r": [0.3008529626296975, 0.7091187439388394, 0.4224682208080695], "tmeasure1_f": [0.7648818323206789, 0.728824362710512, 0.7464178910743914], "tmeasure0_f": [0.7517779210010024, 0.7355038983172354, 0.7435518734687777]}