{"orig_r": [0.5265593016449381, 0.5336313666363693, 0.5300717468253059], "orig_f": [0.5575970930927197, 0.5742339191196548, 0.5657932334447812], "tmeasure1_r": [0.5467161485014542, 0.5292466138573952, 0.5378395618473082], "tmeasure0_r": [0.5265593016449381, 0.5336313666363693, 0.5300717468253059], "tmeasure1_f": [0.5601508922902818, 0.5696385284316978, 0.5648548731851848], "tmeasure0_f": [0.5575970930927197, 0.5742339191196548, 0.5657932334447812]}