{"orig_r": [0.5437589116630049, 0.5172676446043295, 0.5301825666984874], "orig_f": [0.5877803738630816, 0.6906044504436866, 0.6350571977313936], "tmeasure1_r": [0.6745266531218725, 0.5124059607840946, 0.5823944404560358], "tmeasure0_r": [0.5437589116630049, 0.5172676446043295, 0.5301825666984874], "tmeasure1_f": [0.591728367223332, 0.6886622223349222, 0.6365260346551377], "tmeasure0_f": [0.5877803738630816, 0.6906044504436866, 0.6350571977313936]}