{"orig_r": [0.26848137918236464, 0.4499630712408645, 0.3363007561035895], "orig_f": [0.5813972038292319, 0.4554548838494914, 0.5107771862296955], "tmeasure1_r": [0.17972474549858453, 0.4464394844874818, 0.2562785253057888], "tmeasure0_r": [0.26848137918236464, 0.4499630712408645, 0.3363007561035895], "tmeasure1_f": [0.5886993243635118, 0.45096028802650795, 0.5107056457943607], "tmeasure0_f": [0.5813972038292319, 0.4554548838494914, 0.5107771862296955]}