{"orig_r": [0.29789547235240016, 0.3654505742425709, 0.3282331205387239], "orig_f": [0.4854987262614196, 0.3985010830933722, 0.43771902710440236], "tmeasure1_r": [0.28589572144771674, 0.3604829590779924, 0.31888593717660907], "tmeasure0_r": [0.29789547235240016, 0.3654505742425709, 0.3282331205387239], "tmeasure1_f": [0.4889685845918691, 0.3922195088617065, 0.43528281764631116], "tmeasure0_f": [0.4854987262614196, 0.3985010830933722, 0.43771902710440236]}