{"orig_r": [0.0, 0.0, 0.0], "orig_f": [0.0025602410750126493, 0.3493104578254035, 0.005083225087231122], "tmeasure1_r": [0.0, 0.0, 0.0], "tmeasure0_r": [0.0, 0.0, 0.0], "tmeasure1_f": [0.0025602410750126493, 0.3493104578254035, 0.005083225087231122], "tmeasure0_f": [0.0025602410750126493, 0.3493104578254035, 0.005083225087231122]}