{"orig_r": [0.20505030546464928, 0.47154015562675416, 0.2858138224241149], "orig_f": [0.5701863197331944, 0.4918146731205292, 0.5281087312429726], "tmeasure1_r": [0.22093418878458576, 0.4475493283841614, 0.29583062339794564], "tmeasure0_r": [0.20505030546464928, 0.47154015562675416, 0.2858138224241149], "tmeasure1_f": [0.5723551889759455, 0.4759149866133043, 0.5196988685601517], "tmeasure0_f": [0.5701863197331944, 0.4918146731205292, 0.5281087312429726]}