{"orig_r": [0.0, 0.45992542144575416, 0.0], "orig_f": [0.4411612501490084, 0.45550902432911244, 0.4482203466466974], "tmeasure1_r": [0.0, 0.4448189322948011, 0.0], "tmeasure0_r": [0.0, 0.45992542144575416, 0.0], "tmeasure1_f": [0.4428609243661673, 0.4421226492806974, 0.442491478879806], "tmeasure0_f": [0.4411612501490084, 0.45550902432911244, 0.4482203466466974]}