{"orig_r": [0.4071145254643617, 0.5326301770945127, 0.46149019240094413], "orig_f": [0.5883423770915517, 0.5555090358636207, 0.5714544790594179], "tmeasure1_r": [0.3626391728258725, 0.5281282384482803, 0.4300112130571088], "tmeasure0_r": [0.4071145254643617, 0.5326301770945127, 0.46149019240094413], "tmeasure1_f": [0.5910192083435343, 0.5516537120572266, 0.5706583823925491], "tmeasure0_f": [0.5883423770915517, 0.5555090358636207, 0.5714544790594179]}