{"orig_r": [0.38683136205947877, 0.5862418846054088, 0.4661041653246165], "orig_f": [0.5707097126304548, 0.604130125048112, 0.5869445672507753], "tmeasure1_r": [0.46443683841681116, 0.5839569124588319, 0.5173840495853788], "tmeasure0_r": [0.38683136205947877, 0.5862418846054088, 0.4661041653246165], "tmeasure1_f": [0.5742274894624578, 0.601030572651689, 0.5873233938138127], "tmeasure0_f": [0.5707097126304548, 0.604130125048112, 0.5869445672507753]}