{"orig_r": [0.1761774651301226, 0.5576154391255865, 0.2677574940090508], "orig_f": [0.644300701134946, 0.6050085120373553, 0.6240367146712416], "tmeasure1_r": [0.17969975225367948, 0.5580579417383583, 0.2718585646486354], "tmeasure0_r": [0.1761774651301226, 0.5576154391255865, 0.2677574940090508], "tmeasure1_f": [0.65533584091834, 0.602825300128667, 0.6279847820731747], "tmeasure0_f": [0.644300701134946, 0.6050085120373553, 0.6240367146712416]}