{"orig_r": [0.24861868903014972, 0.4670901785022521, 0.32451001547170627], "orig_f": [0.6331718557851683, 0.5350747443366437, 0.5800047161619497], "tmeasure1_r": [0.23380228712873158, 0.4608000354407451, 0.3102094499094354], "tmeasure0_r": [0.24861868903014972, 0.4670901785022521, 0.32451001547170627], "tmeasure1_f": [0.6401400664278489, 0.5296528095967555, 0.5796786622110229], "tmeasure0_f": [0.6331718557851683, 0.5350747443366437, 0.5800047161619497]}