{"orig_r": [0.4186899769134139, 0.5270200323335564, 0.46665045947085665], "orig_f": [0.5587502658908675, 0.584666147870419, 0.5714145111934489], "tmeasure1_r": [0.386249706085469, 0.5215942139479028, 0.4438331466180947], "tmeasure0_r": [0.4186899769134139, 0.5270200323335564, 0.46665045947085665], "tmeasure1_f": [0.5570798871094197, 0.5788553868904591, 0.5677589224712303], "tmeasure0_f": [0.5587502658908675, 0.584666147870419, 0.5714145111934489]}