{"orig_r": [0.1754473192298662, 0.48393382628563825, 0.2575290272823567], "orig_f": [0.6518476054028355, 0.5484340203271615, 0.5956858710626113], "tmeasure1_r": [0.2002552589159648, 0.4761505920261829, 0.2819362368210754], "tmeasure0_r": [0.1754473192298662, 0.48393382628563825, 0.2575290272823567], "tmeasure1_f": [0.6626989480292531, 0.5413658635276002, 0.5959190648463675], "tmeasure0_f": [0.6518476054028355, 0.5484340203271615, 0.5956858710626113]}