{"orig_r": [0.16503934534287515, 0.5753516882472922, 0.2565013936211778], "orig_f": [0.6725352163748094, 0.5897953027456215, 0.6284536506734496], "tmeasure1_r": [0.22849452762795594, 0.567698238962695, 0.32584054111030303], "tmeasure0_r": [0.16503934534287515, 0.5753516882472922, 0.2565013936211778], "tmeasure1_f": [0.6841655855647454, 0.5823523893495832, 0.6291666938107798], "tmeasure0_f": [0.6725352163748094, 0.5897953027456215, 0.6284536506734496]}