{"orig_r": [0.3410937046399968, 0.7196402061770918, 0.462820583804571], "orig_f": [0.597091247304437, 0.7499133226700871, 0.6648332027734184], "tmeasure1_r": [0.3103517467965761, 0.7193019835103309, 0.43361495323312904], "tmeasure0_r": [0.3410937046399968, 0.7196402061770918, 0.462820583804571], "tmeasure1_f": [0.6030562149050949, 0.748399644384, 0.6679123904438067], "tmeasure0_f": [0.597091247304437, 0.7499133226700871, 0.6648332027734184]}