{"orig_r": [0.5241758393754493, 0.6035211559386311, 0.5610571098610845], "orig_f": [0.5606927309052491, 0.6678074028374135, 0.6095803266621134], "tmeasure1_r": [0.5209278717193285, 0.598296711534206, 0.5569381467483108], "tmeasure0_r": [0.5241758393754493, 0.6035211559386311, 0.5610571098610845], "tmeasure1_f": [0.5632488149738505, 0.6624789600926869, 0.6088472445638414], "tmeasure0_f": [0.5606927309052491, 0.6678074028374135, 0.6095803266621134]}