{"orig_r": [0.4837542720423401, 0.5952954621699853, 0.5337598700441072], "orig_f": [0.5945713802940409, 0.6179245985256538, 0.60602309266326], "tmeasure1_r": [0.5804131714413032, 0.5937636090032896, 0.5870124927143296], "tmeasure0_r": [0.4837542720423401, 0.5952954621699853, 0.5337598700441072], "tmeasure1_f": [0.5968654623270644, 0.6130416708124498, 0.6048454302864856], "tmeasure0_f": [0.5945713802940409, 0.6179245985256538, 0.60602309266326]}