{"orig_r": [0.547940222428913, 0.5808988310650669, 0.5639383820346995], "orig_f": [0.6306700999367731, 0.624050475271831, 0.6273428257759196], "tmeasure1_r": [0.6400722375568432, 0.5804867796887256, 0.6088250821103469], "tmeasure0_r": [0.547940222428913, 0.5808988310650669, 0.5639383820346995], "tmeasure1_f": [0.6338599381494504, 0.6198524259566461, 0.6267779302931354], "tmeasure0_f": [0.6306700999367731, 0.624050475271831, 0.6273428257759196]}