{"orig_r": [0.07633779984133718, 0.4228502670790306, 0.1293278473192523], "orig_f": [0.42898716529826075, 0.4382856937448971, 0.43358658210022166], "tmeasure1_r": [0.16288465751144082, 0.4154126967681876, 0.23401232718167347], "tmeasure0_r": [0.07633779984133718, 0.4228502670790306, 0.1293278473192523], "tmeasure1_f": [0.4298255301502351, 0.4328571609053792, 0.4313360186647955], "tmeasure0_f": [0.42898716529826075, 0.4382856937448971, 0.43358658210022166]}