{"orig_r": [0.11679051175980315, 0.4056727021123633, 0.18136673062795752], "orig_f": [0.5139389577833597, 0.4348875090075365, 0.4711201488471785], "tmeasure1_r": [0.18703531937115384, 0.3986894915404727, 0.2546213340839547], "tmeasure0_r": [0.11679051175980315, 0.4056727021123633, 0.18136673062795752], "tmeasure1_f": [0.5170388103204114, 0.43017302429296506, 0.4696228247679184], "tmeasure0_f": [0.5139389577833597, 0.4348875090075365, 0.4711201488471785]}