{"orig_r": [0.39146922655631816, 0.4136379798334981, 0.4022483931446415], "orig_f": [0.539294836835744, 0.41788335636688073, 0.4708889903440229], "tmeasure1_r": [0.4213278176279544, 0.40390807416358454, 0.4124340909123745], "tmeasure0_r": [0.39146922655631816, 0.4136379798334981, 0.4022483931446415], "tmeasure1_f": [0.54639336456853, 0.40866574893010027, 0.46759881223238203], "tmeasure0_f": [0.539294836835744, 0.41788335636688073, 0.4708889903440229]}