{"orig_r": [0.39561401620197556, 0.4140471961310845, 0.4046207763530703], "orig_f": [0.5390054215408387, 0.41782090126504123, 0.47073899546266273], "tmeasure1_r": [0.4272902044074834, 0.4042965438810934, 0.4154754828205684], "tmeasure0_r": [0.39561401620197556, 0.4140471961310845, 0.4046207763530703], "tmeasure1_f": [0.5461445774031606, 0.4086282553574788, 0.4674831502943477], "tmeasure0_f": [0.5390054215408387, 0.41782090126504123, 0.47073899546266273]}