{"orig_r": [0.1983570197723935, 0.5461855976174379, 0.29102362942180277], "orig_f": [0.40614018270782126, 0.6068300451831392, 0.48660475626496924], "tmeasure1_r": [0.16458496234500064, 0.5405867377564162, 0.25234265035040576], "tmeasure0_r": [0.1983570197723935, 0.5461855976174379, 0.29102362942180277], "tmeasure1_f": [0.408091163760598, 0.6030852487306237, 0.4867869898091922], "tmeasure0_f": [0.40614018270782126, 0.6068300451831392, 0.48660475626496924]}