{"orig_r": [0.4225210308369255, 0.5835131561230072, 0.49013559067415685], "orig_f": [0.5939109999471726, 0.6191233169645322, 0.6062551456996913], "tmeasure1_r": [0.4527426230386902, 0.5838083558929587, 0.5099892465902779], "tmeasure0_r": [0.4225210308369255, 0.5835131561230072, 0.49013559067415685], "tmeasure1_f": [0.5978206260626788, 0.6175944734693961, 0.6075466972962045], "tmeasure0_f": [0.5939109999471726, 0.6191233169645322, 0.6062551456996913]}