{"orig_r": [0.25607472796703934, 0.5117000439368494, 0.34133304283213345], "orig_f": [0.4757008001806501, 0.5698178057857123, 0.5185231226352113], "tmeasure1_r": [0.3129399487136988, 0.5117000439368494, 0.3883667707934044], "tmeasure0_r": [0.25607472796703934, 0.5117000439368494, 0.34133304283213345], "tmeasure1_f": [0.4802360829615717, 0.569619619864797, 0.5211228443784931], "tmeasure0_f": [0.4757008001806501, 0.5698178057857123, 0.5185231226352113]}