{"orig_r": [0.33964320046877355, 0.516080820104809, 0.4096725982366516], "orig_f": [0.5236727340211875, 0.5453531410711356, 0.534293092516774], "tmeasure1_r": [0.41508611407187246, 0.5119108790940581, 0.4584418269331623], "tmeasure0_r": [0.33964320046877355, 0.516080820104809, 0.4096725982366516], "tmeasure1_f": [0.5251461702158727, 0.5415576608213172, 0.533225668187304], "tmeasure0_f": [0.5236727340211875, 0.5453531410711356, 0.534293092516774]}