{"orig_r": [0.3155134433530879, 0.39982150481748774, 0.35269927754598623], "orig_f": [0.4872464628927736, 0.42609745629205525, 0.45462497546643915], "tmeasure1_r": [0.2885589339272927, 0.39253802725575326, 0.3326115402837662], "tmeasure0_r": [0.3155134433530879, 0.39982150481748774, 0.35269927754598623], "tmeasure1_f": [0.493190404647452, 0.4207706090194563, 0.4541113325905843], "tmeasure0_f": [0.4872464628927736, 0.42609745629205525, 0.45462497546643915]}