{"orig_r": [0.41419328029186797, 0.6147901358640366, 0.494938866975922], "orig_f": [0.7046959968313155, 0.6650453878951648, 0.6842967990697548], "tmeasure1_r": [0.5535729086902, 0.6091826764730582, 0.5800480005288869], "tmeasure0_r": [0.41419328029186797, 0.6147901358640366, 0.494938866975922], "tmeasure1_f": [0.7034176441862464, 0.6532007619736002, 0.6773797835586679], "tmeasure0_f": [0.7046959968313155, 0.6650453878951648, 0.6842967990697548]}