{"orig_r": [0.34161349453259804, 0.1226905324395743, 0.18054007330528737], "orig_f": [0.5842354637414864, 0.7154750072785158, 0.6432292144953781], "tmeasure1_r": [0.4436662634232328, 0.1226905324395743, 0.19222387894877044], "tmeasure0_r": [0.34161349453259804, 0.1226905324395743, 0.18054007330528737], "tmeasure1_f": [0.5831299212879468, 0.7031658415246902, 0.6375470613757931], "tmeasure0_f": [0.5842354637414864, 0.7154750072785158, 0.6432292144953781]}