{"orig_r": [0.33248285175461, 0.427414226617311, 0.3740188112071198], "orig_f": [0.6069309312699483, 0.468269891079259, 0.528659344693295], "tmeasure1_r": [0.4527708758396184, 0.42372403541107506, 0.43776615280883785], "tmeasure0_r": [0.33248285175461, 0.427414226617311, 0.3740188112071198], "tmeasure1_f": [0.6149461788006401, 0.465250027117326, 0.5297254791217466], "tmeasure0_f": [0.6069309312699483, 0.468269891079259, 0.528659344693295]}