{"orig_r": [0.32256462990218937, 0.47370763881606, 0.383791663227215], "orig_f": [0.5792107085572511, 0.47668010668203165, 0.522967371932063], "tmeasure1_r": [0.44486868046773287, 0.4691857115741779, 0.45670373715079404], "tmeasure0_r": [0.32256462990218937, 0.47370763881606, 0.383791663227215], "tmeasure1_f": [0.5842403158944197, 0.4722570466867476, 0.5223138569234881], "tmeasure0_f": [0.5792107085572511, 0.47668010668203165, 0.522967371932063]}