{"orig_r": [0.5073955891093984, 0.5678387429306555, 0.5359182922327063], "orig_f": [0.5458307696560076, 0.6665168391642226, 0.6001668113384186], "tmeasure1_r": [0.5073955891093984, 0.5678387429306555, 0.5359182922327063], "tmeasure0_r": [0.5073955891093984, 0.5678387429306555, 0.5359182922327063], "tmeasure1_f": [0.5458307696560076, 0.6665168391642226, 0.6001668113384186], "tmeasure0_f": [0.5458307696560076, 0.6665168391642226, 0.6001668113384186]}