{"orig_r": [0.4575075835005662, 0.0, 0.0], "orig_f": [0.4810830795567764, 0.6206957525577279, 0.5420438574504206], "tmeasure1_r": [0.4575075835005662, 0.0, 0.0], "tmeasure0_r": [0.4575075835005662, 0.0, 0.0], "tmeasure1_f": [0.4810830795567764, 0.6206957525577279, 0.5420438574504206], "tmeasure0_f": [0.4810830795567764, 0.6206957525577279, 0.5420438574504206]}