{"orig_r": [0.3965457355762178, 0.4887792710088459, 0.43785803883308105], "orig_f": [0.6741781770850332, 0.5329843377631382, 0.5953240012480336], "tmeasure1_r": [0.5293611967169122, 0.4828645668401969, 0.5050449695263042], "tmeasure0_r": [0.3965457355762178, 0.4887792710088459, 0.43785803883308105], "tmeasure1_f": [0.6881192758299816, 0.5275930234525255, 0.597257968756862], "tmeasure0_f": [0.6741781770850332, 0.5329843377631382, 0.5953240012480336]}