{"orig_r": [0.49780446423033214, 0.4248101445674673, 0.4584197657385336], "orig_f": [0.7552420235678295, 0.5747083019684127, 0.6527219139028321], "tmeasure1_r": [0.6412751294674002, 0.42069395502931733, 0.508076128422196], "tmeasure0_r": [0.49780446423033214, 0.4248101445674673, 0.4584197657385336], "tmeasure1_f": [0.769967943942448, 0.5697956282516452, 0.6549280447054223], "tmeasure0_f": [0.7552420235678295, 0.5747083019684127, 0.6527219139028321]}