{"orig_r": [0.5692968359672262, 0.3717102706981039, 0.44975958099796204], "orig_f": [0.575354464114581, 0.39276181406543864, 0.4668390939177474], "tmeasure1_r": [0.4862518593847259, 0.36593904285962736, 0.41760253375936524], "tmeasure0_r": [0.5692968359672262, 0.3717102706981039, 0.44975958099796204], "tmeasure1_f": [0.5833409107663882, 0.38672538977304555, 0.4651078817215842], "tmeasure0_f": [0.575354464114581, 0.39276181406543864, 0.4668390939177474]}