{"orig_r": [0.4459915135917377, 0.32706854707101746, 0.37738282904279746], "orig_f": [0.4115946566995798, 0.33710258491475237, 0.37064280459043264], "tmeasure1_r": [0.5195046103127092, 0.32293102244355987, 0.39828361586163663], "tmeasure0_r": [0.4459915135917377, 0.32706854707101746, 0.37738282904279746], "tmeasure1_f": [0.41750340029659233, 0.3330220395836446, 0.3705079841719012], "tmeasure0_f": [0.4115946566995798, 0.33710258491475237, 0.37064280459043264]}