{"orig_r": [0.11583861539125918, 0.0, 0.0], "orig_f": [0.29921775042788673, 0.7510868239963867, 0.42794921649354106], "tmeasure1_r": [0.11243421764693416, 0.0, 0.0], "tmeasure0_r": [0.11583861539125918, 0.0, 0.0], "tmeasure1_f": [0.30258338591392564, 0.7443772516455683, 0.43026677626630294], "tmeasure0_f": [0.29921775042788673, 0.7510868239963867, 0.42794921649354106]}