{"orig_r": [0.43772380970667785, 0.3361723307580859, 0.380285223412618], "orig_f": [0.5344803086875201, 0.4581018787876182, 0.49335246325054943], "tmeasure1_r": [0.6025666542928768, 0.3283289544563156, 0.4250532019590259], "tmeasure0_r": [0.43772380970667785, 0.3361723307580859, 0.380285223412618], "tmeasure1_f": [0.5381315836286747, 0.45217187238434986, 0.4914210170247713], "tmeasure0_f": [0.5344803086875201, 0.4581018787876182, 0.49335246325054943]}