{"orig_r": [0.3785002634101001, 0.4608268845348891, 0.4156260109302297], "orig_f": [0.4298527439413382, 0.4891861710940821, 0.45760416561869716], "tmeasure1_r": [0.4257267888382013, 0.4538654629157694, 0.43934603950044854], "tmeasure0_r": [0.3785002634101001, 0.4608268845348891, 0.4156260109302297], "tmeasure1_f": [0.43114004695832286, 0.480662733692397, 0.45455652904976096], "tmeasure0_f": [0.4298527439413382, 0.4891861710940821, 0.45760416561869716]}