{"orig_r": [0.3573142054868151, 0.4872025379497095, 0.4122698315021503], "orig_f": [0.44474741260233225, 0.49401413885562084, 0.46808800318628624], "tmeasure1_r": [0.29813989337235525, 0.48142047300534196, 0.3682348530775379], "tmeasure0_r": [0.3573142054868151, 0.4872025379497095, 0.4122698315021503], "tmeasure1_f": [0.446498626328331, 0.4879394497369366, 0.4663001211515845], "tmeasure0_f": [0.44474741260233225, 0.49401413885562084, 0.46808800318628624]}