{"orig_r": [0.3226376716856545, 0.5107889216039319, 0.39547513774103144], "orig_f": [0.6296129835835118, 0.5773620984508278, 0.6023565503953305], "tmeasure1_r": [0.2587190034786595, 0.5070615662149597, 0.3426215506250022], "tmeasure0_r": [0.3226376716856545, 0.5107889216039319, 0.39547513774103144], "tmeasure1_f": [0.6391410224580382, 0.5749775998135467, 0.6053638652666923], "tmeasure0_f": [0.6296129835835118, 0.5773620984508278, 0.6023565503953305]}