{"orig_r": [0.34155878244382326, 0.5285877328541505, 0.4149732930587649], "orig_f": [0.5357856841084593, 0.5580735777814756, 0.5467025678200818], "tmeasure1_r": [0.29181830550180166, 0.5263736120511803, 0.37547536765954775], "tmeasure0_r": [0.34155878244382326, 0.5285877328541505, 0.4149732930587649], "tmeasure1_f": [0.5405138114314216, 0.554240798318066, 0.5472912444154828], "tmeasure0_f": [0.5357856841084593, 0.5580735777814756, 0.5467025678200818]}