{"orig_r": [0.24074966586349178, 0.6115846175061476, 0.3454954122689023], "orig_f": [0.6563184519570688, 0.6630314646541282, 0.65965787999343], "tmeasure1_r": [0.2672705066980198, 0.6082175732654898, 0.3713554135336324], "tmeasure0_r": [0.24074966586349178, 0.6115846175061476, 0.3454954122689023], "tmeasure1_f": [0.6597631767113912, 0.6578591709412763, 0.6588097981521964], "tmeasure0_f": [0.6563184519570688, 0.6630314646541282, 0.65965787999343]}