{"orig_r": [0.23250487431674108, 0.631795094468117, 0.33991772379621216], "orig_f": [0.6852903828218182, 0.6817034526575769, 0.6834922117682187], "tmeasure1_r": [0.24851104121096296, 0.6271288470049705, 0.3559646947106721], "tmeasure0_r": [0.23250487431674108, 0.631795094468117, 0.33991772379621216], "tmeasure1_f": [0.6896825004151562, 0.6773799673301593, 0.683475877104449], "tmeasure0_f": [0.6852903828218182, 0.6817034526575769, 0.6834922117682187]}