{"orig_r": [0.5044317396216542, 0.5297018220677576, 0.5167580310417357], "orig_f": [0.5953125730716456, 0.5625026336316181, 0.5784427225486222], "tmeasure1_r": [0.5897336371354551, 0.5245151054225684, 0.5552157055043393], "tmeasure0_r": [0.5044317396216542, 0.5297018220677576, 0.5167580310417357], "tmeasure1_f": [0.5971989239244284, 0.556966149370446, 0.5763813041349636], "tmeasure0_f": [0.5953125730716456, 0.5625026336316181, 0.5784427225486222]}