{"orig_r": [0.44688731191597203, 0.4944290878850149, 0.46945763627344494], "orig_f": [0.544292020174554, 0.5234903587785565, 0.5336885690150442], "tmeasure1_r": [0.45173791392126483, 0.49149381854118607, 0.47077803820988545], "tmeasure0_r": [0.44688731191597203, 0.4944290878850149, 0.46945763627344494], "tmeasure1_f": [0.5465288958420004, 0.5196509175771924, 0.5327511150224387], "tmeasure0_f": [0.544292020174554, 0.5234903587785565, 0.5336885690150442]}