{"orig_r": [0.2422391560623964, 0.5858727643203312, 0.3427587998571706], "orig_f": [0.45794910147097, 0.5804753012770733, 0.5119836204589371], "tmeasure1_r": [0.1447494614971887, 0.5802829307832327, 0.2317017629590163], "tmeasure0_r": [0.2422391560623964, 0.5858727643203312, 0.3427587998571706], "tmeasure1_f": [0.4612981225064782, 0.573201573902037, 0.511197462457934], "tmeasure0_f": [0.45794910147097, 0.5804753012770733, 0.5119836204589371]}