{"orig_r": [0.4998456332864911, 0.5232299944560727, 0.5112705665962608], "orig_f": [0.601647001109255, 0.5961623043268083, 0.5988920956696522], "tmeasure1_r": [0.5496949292697221, 0.5134139209401357, 0.5309353391265026], "tmeasure0_r": [0.4998456332864911, 0.5232299944560727, 0.5112705665962608], "tmeasure1_f": [0.6043064213300068, 0.5859165230078006, 0.5949694028356288], "tmeasure0_f": [0.601647001109255, 0.5961623043268083, 0.5988920956696522]}