{"orig_r": [0.3888405325162241, 0.5286676636935953, 0.4480993558943983], "orig_f": [0.45740206166957653, 0.5664915696481942, 0.5061354108473813], "tmeasure1_r": [0.4182188391782467, 0.5241706499987725, 0.4652387219752099], "tmeasure0_r": [0.3888405325162241, 0.5286676636935953, 0.4480993558943983], "tmeasure1_f": [0.458633621876202, 0.5619559606792508, 0.5050647233453253], "tmeasure0_f": [0.45740206166957653, 0.5664915696481942, 0.5061354108473813]}