{"orig_r": [0.2564382633619528, 0.6518536641196603, 0.36807598203905706], "orig_f": [0.4902226264611626, 0.6405766189851707, 0.5554038948523956], "tmeasure1_r": [0.27821276538471285, 0.6445759787056317, 0.3886680818003011], "tmeasure0_r": [0.2564382633619528, 0.6518536641196603, 0.36807598203905706], "tmeasure1_f": [0.49141149564325537, 0.6343789154496124, 0.553817279973127], "tmeasure0_f": [0.4902226264611626, 0.6405766189851707, 0.5554038948523956]}