{"orig_r": [0.37100803974573, 0.6387202337278669, 0.4693744804156103], "orig_f": [0.6160545252814874, 0.6708870932689102, 0.6423026869343105], "tmeasure1_r": [0.4130991564259304, 0.6386355649758934, 0.5016850880486327], "tmeasure0_r": [0.37100803974573, 0.6387202337278669, 0.4693744804156103], "tmeasure1_f": [0.6206344778123223, 0.6706902936451806, 0.6446922251796493], "tmeasure0_f": [0.6160545252814874, 0.6708870932689102, 0.6423026869343105]}