{"orig_r": [0.3643533101631367, 0.6458528629450782, 0.4658823807586656], "orig_f": [0.6189175635608676, 0.6761821539097731, 0.6462838429746837], "tmeasure1_r": [0.4007227877738845, 0.6457920759918705, 0.494562686061707], "tmeasure0_r": [0.3643533101631367, 0.6458528629450782, 0.4658823807586656], "tmeasure1_f": [0.6237534494609374, 0.676087039608925, 0.6488667288609666], "tmeasure0_f": [0.6189175635608676, 0.6761821539097731, 0.6462838429746837]}