{"orig_r": [0.326092367101433, 0.407401189730873, 0.3622401780678577], "orig_f": [0.5834547513204602, 0.44789105754304126, 0.5067634218350119], "tmeasure1_r": [0.12152673896064031, 0.4047239186591069, 0.1869252885553718], "tmeasure0_r": [0.326092367101433, 0.407401189730873, 0.3622401780678577], "tmeasure1_f": [0.5873007086699816, 0.4447817298369195, 0.5062010850888757], "tmeasure0_f": [0.5834547513204602, 0.44789105754304126, 0.5067634218350119]}