{"orig_r": [0.2600151385803143, 0.4347527273091756, 0.3254102447433729], "orig_f": [0.4659608574642485, 0.4873849813988618, 0.47643219194964104], "tmeasure1_r": [0.24681994768111662, 0.431949803046598, 0.31413841784943536], "tmeasure0_r": [0.2600151385803143, 0.4347527273091756, 0.3254102447433729], "tmeasure1_f": [0.47178499238663063, 0.4846596738444565, 0.47813568020790925], "tmeasure0_f": [0.4659608574642485, 0.4873849813988618, 0.47643219194964104]}