{"orig_r": [0.13277460346110134, 0.3893367227326798, 0.19801918242428676], "orig_f": [0.2903817927625631, 0.3857318943105694, 0.33133338708313126], "tmeasure1_r": [0.1430230021818498, 0.38781097445444346, 0.20897641178513418], "tmeasure0_r": [0.13277460346110134, 0.3893367227326798, 0.19801918242428676], "tmeasure1_f": [0.293522763607007, 0.38410579121048055, 0.33275986542191294], "tmeasure0_f": [0.2903817927625631, 0.3857318943105694, 0.33133338708313126]}