{"orig_r": [0.20250473604824748, 0.4027934703307053, 0.2695120670495128], "orig_f": [0.39909542912046103, 0.38851295921931656, 0.39373310003804196], "tmeasure1_r": [0.29290891618777004, 0.40189870848566855, 0.3388555650209806], "tmeasure0_r": [0.20250473604824748, 0.4027934703307053, 0.2695120670495128], "tmeasure1_f": [0.4046919716364077, 0.3879442162234116, 0.3961411607317605], "tmeasure0_f": [0.39909542912046103, 0.38851295921931656, 0.39373310003804196]}