{"orig_r": [0.2905612632011994, 0.41932179550973464, 0.3432640604562349], "orig_f": [0.5601653032745773, 0.4905875627669932, 0.5230728171418306], "tmeasure1_r": [0.30000543381910166, 0.41692345631898836, 0.34893084684659714], "tmeasure0_r": [0.2905612632011994, 0.41932179550973464, 0.3432640604562349], "tmeasure1_f": [0.5625988728734297, 0.4883844688559568, 0.5228713734988921], "tmeasure0_f": [0.5601653032745773, 0.4905875627669932, 0.5230728171418306]}