{"orig_r": [0.29749405950329644, 0.4473253933450307, 0.35733934358511277], "orig_f": [0.575026470884683, 0.5015104950647015, 0.5357583050283186], "tmeasure1_r": [0.3102241738890324, 0.44517181366927266, 0.36564414005064577], "tmeasure0_r": [0.29749405950329644, 0.4473253933450307, 0.35733934358511277], "tmeasure1_f": [0.5789587539354214, 0.49908023524770906, 0.5360601499798374], "tmeasure0_f": [0.575026470884683, 0.5015104950647015, 0.5357583050283186]}