{"orig_r": [0.24524194603290297, 0.0, 0.0], "orig_f": [0.26578785218470896, 0.5194900764877601, 0.35165677429485265], "tmeasure1_r": [0.23725879419426654, 0.0, 0.0], "tmeasure0_r": [0.24524194603290297, 0.0, 0.0], "tmeasure1_f": [0.2690321066834613, 0.5169525657780296, 0.3538919846646193], "tmeasure0_f": [0.26578785218470896, 0.5194900764877601, 0.35165677429485265]}