{"orig_r": [0.19185072118745664, 0.0, 0.0], "orig_f": [0.24648830155168322, 0.49014025251690935, 0.3280183416668268], "tmeasure1_r": [0.22351081066449896, 0.0, 0.0], "tmeasure0_r": [0.19185072118745664, 0.0, 0.0], "tmeasure1_f": [0.24833772166707557, 0.48546224056811504, 0.3285870618222767], "tmeasure0_f": [0.24648830155168322, 0.49014025251690935, 0.3280183416668268]}