{"orig_r": [0.23762151598687678, 0.48322605006009944, 0.31858304581456637], "orig_f": [0.5342998995791925, 0.5408224806455831, 0.5375414044281951], "tmeasure1_r": [0.03796160937544108, 0.47440675228869106, 0.07029803228662411], "tmeasure0_r": [0.23762151598687678, 0.48322605006009944, 0.31858304581456637], "tmeasure1_f": [0.5390806073773519, 0.5265105358605972, 0.5327214312233176], "tmeasure0_f": [0.5342998995791925, 0.5408224806455831, 0.5375414044281951]}