{"orig_r": [0.27704044170406633, 0.5797877993755397, 0.3749285103657195], "orig_f": [0.6666633718417478, 0.6216332105921594, 0.6433613158225405], "tmeasure1_r": [0.2038472670757747, 0.5703867490489778, 0.30035306521881094], "tmeasure0_r": [0.27704044170406633, 0.5797877993755397, 0.3749285103657195], "tmeasure1_f": [0.6748553610923377, 0.6050273724270742, 0.6380365250607994], "tmeasure0_f": [0.6666633718417478, 0.6216332105921594, 0.6433613158225405]}