{"orig_r": [0.3662950237818177, 0.43769067241089776, 0.3988228049803511], "orig_f": [0.5860635854242022, 0.4606624785681338, 0.5158513065592623], "tmeasure1_r": [0.43915089566983423, 0.43384320146633387, 0.43648091351181606], "tmeasure0_r": [0.3662950237818177, 0.43769067241089776, 0.3988228049803511], "tmeasure1_f": [0.5968785822362999, 0.4572273317959908, 0.5178022396594147], "tmeasure0_f": [0.5860635854242022, 0.4606624785681338, 0.5158513065592623]}