{"orig_r": [0.33985714896180763, 0.2943041402124696, 0.31544456505852286], "orig_f": [0.3349303195774316, 0.361142217773991, 0.34754273993395035], "tmeasure1_r": [0.3433441520323848, 0.28764326666045564, 0.3130351907299602], "tmeasure0_r": [0.33985714896180763, 0.2943041402124696, 0.31544456505852286], "tmeasure1_f": [0.3358049448424708, 0.35523406352139003, 0.3452463715164292], "tmeasure0_f": [0.3349303195774316, 0.361142217773991, 0.34754273993395035]}