{"orig_r": [0.3148104854920373, 0.5232866431237262, 0.39311940477678], "orig_f": [0.6049289147923278, 0.544340691366448, 0.5730377309919367], "tmeasure1_r": [0.3148104854920373, 0.522586257056245, 0.3929215984163146], "tmeasure0_r": [0.3148104854920373, 0.5232866431237262, 0.39311940477678], "tmeasure1_f": [0.6046242685836734, 0.5437221867848006, 0.5725582692585385], "tmeasure0_f": [0.6049289147923278, 0.544340691366448, 0.5730377309919367]}