{"orig_r": [0.3916775995590822, 0.5146865850711951, 0.44483488995801357], "orig_f": [0.6129043509499191, 0.5466776636894465, 0.577899819783948], "tmeasure1_r": [0.3916775995590822, 0.5155539152478282, 0.4451585216603363], "tmeasure0_r": [0.3916775995590822, 0.5146865850711951, 0.44483488995801357], "tmeasure1_f": [0.6137186346038883, 0.5472540313474318, 0.5785838146754474], "tmeasure0_f": [0.6129043509499191, 0.5466776636894465, 0.577899819783948]}