{"orig_r": [0.24429898626948723, 0.5735248551100798, 0.34264479369394835], "orig_f": [0.47662497021915595, 0.5949523943782391, 0.529255612559312], "tmeasure1_r": [0.309089642086154, 0.570294551642116, 0.4008990384587546], "tmeasure0_r": [0.24429898626948723, 0.5735248551100798, 0.34264479369394835], "tmeasure1_f": [0.47948261976227946, 0.5911941414320129, 0.5295105413621529], "tmeasure0_f": [0.47662497021915595, 0.5949523943782391, 0.529255612559312]}