{"orig_r": [0.3054089074467617, 0.6183934004809544, 0.408881534918083], "orig_f": [0.5525752792317398, 0.6463879554449717, 0.5958114388192197], "tmeasure1_r": [0.3722949739629041, 0.6147530664936269, 0.46374536497332636], "tmeasure0_r": [0.3054089074467617, 0.6183934004809544, 0.408881534918083], "tmeasure1_f": [0.5571697705528209, 0.6419328950901726, 0.5965554311830487], "tmeasure0_f": [0.5525752792317398, 0.6463879554449717, 0.5958114388192197]}