{"orig_r": [0.05527115282596466, 0.24883066108474555, 0.09045100599524186], "orig_f": [0.814223772167018, 0.3165838113932809, 0.45590437996192246], "tmeasure1_r": [0.16580938288421287, 0.2459789682157323, 0.19809021218498193], "tmeasure0_r": [0.05527115282596466, 0.24883066108474555, 0.09045100599524186], "tmeasure1_f": [0.8201805753770719, 0.31217876408072903, 0.4522291633446228], "tmeasure0_f": [0.814223772167018, 0.3165838113932809, 0.45590437996192246]}