{"orig_r": [0.09321391891704706, 0.3248251987896957, 0.1448583563581089], "orig_f": [0.7380130392154671, 0.41550106726046837, 0.5316713575059615], "tmeasure1_r": [0.24216301737112736, 0.3228002140518424, 0.27672694255147506], "tmeasure0_r": [0.09321391891704706, 0.3248251987896957, 0.1448583563581089], "tmeasure1_f": [0.7417760652393737, 0.4072881405338371, 0.5258480645136013], "tmeasure0_f": [0.7380130392154671, 0.41550106726046837, 0.5316713575059615]}