{"orig_r": [0.17960657739325955, 0.3964351798854898, 0.24721251512695055], "orig_f": [0.31343181716735957, 0.40204518802449546, 0.35225102400634045], "tmeasure1_r": [0.13953299077610057, 0.3874690601424138, 0.20517839238251967], "tmeasure0_r": [0.17960657739325955, 0.3964351798854898, 0.24721251512695055], "tmeasure1_f": [0.31637903011695806, 0.3905057478296868, 0.34955577940816546], "tmeasure0_f": [0.31343181716735957, 0.40204518802449546, 0.35225102400634045]}