{"orig_r": [0.39181449462586904, 0.35190128172330754, 0.3707868711174906], "orig_f": [0.5390096546750587, 0.37035723701994666, 0.4390441927359796], "tmeasure1_r": [0.36807994879087874, 0.34899474513278655, 0.3582833671451152], "tmeasure0_r": [0.39181449462586904, 0.35190128172330754, 0.3707868711174906], "tmeasure1_f": [0.54725691707755, 0.36683704906035425, 0.43924174094878293], "tmeasure0_f": [0.5390096546750587, 0.37035723701994666, 0.4390441927359796]}