{"orig_r": [0.29570001819528624, 0.40350998292475854, 0.34129348579596613], "orig_f": [0.4852062684562638, 0.3961925328778821, 0.43620458792758177], "tmeasure1_r": [0.3343393217590015, 0.3991311850157038, 0.3638735258158276], "tmeasure0_r": [0.29570001819528624, 0.40350998292475854, 0.34129348579596613], "tmeasure1_f": [0.4889250846320456, 0.39139114501045585, 0.4347550170151526], "tmeasure0_f": [0.4852062684562638, 0.3961925328778821, 0.43620458792758177]}