{"orig_r": [0.20568168344558999, 0.6055808458550239, 0.307069249075871], "orig_f": [0.20998973503272858, 0.4993731582783953, 0.29565470136128036], "tmeasure1_r": [0.36138507632366035, 0.6053868376197361, 0.4525943821147393], "tmeasure0_r": [0.20568168344558999, 0.6055808458550239, 0.307069249075871], "tmeasure1_f": [0.21172174516116918, 0.48781987218429573, 0.29528500407189434], "tmeasure0_f": [0.20998973503272858, 0.4993731582783953, 0.29565470136128036]}