{"orig_r": [0.30798380177321566, 0.4762354508540111, 0.37406070866490104], "orig_f": [0.4520695701995025, 0.47902907798321687, 0.4651590243839341], "tmeasure1_r": [0.386755576325317, 0.467657255767255, 0.4233762525172012], "tmeasure0_r": [0.30798380177321566, 0.4762354508540111, 0.37406070866490104], "tmeasure1_f": [0.45394359609390966, 0.4699708393960676, 0.4618182045864106], "tmeasure0_f": [0.4520695701995025, 0.47902907798321687, 0.4651590243839341]}