{"orig_r": [0.15647451023031114, 0.1922934663210703, 0.17254465998053298], "orig_f": [0.27732325055157286, 0.4176475068897447, 0.3333186697577111], "tmeasure1_r": [0.08662536947196917, 0.1907398407657057, 0.11914190078269228], "tmeasure0_r": [0.15647451023031114, 0.1922934663210703, 0.17254465998053298], "tmeasure1_f": [0.2806006896415976, 0.4155582849624839, 0.33499802660180744], "tmeasure0_f": [0.27732325055157286, 0.4176475068897447, 0.3333186697577111]}