{"orig_r": [0.31847730980893985, 0.3444285092103316, 0.33094494538332353], "orig_f": [0.506654559007676, 0.36014921391332677, 0.4210208742800373], "tmeasure1_r": [0.23124704237137234, 0.3424946854512335, 0.2760854900308008], "tmeasure0_r": [0.31847730980893985, 0.3444285092103316, 0.33094494538332353], "tmeasure1_f": [0.510745237837803, 0.3582357690380244, 0.4211075077857922], "tmeasure0_f": [0.506654559007676, 0.36014921391332677, 0.4210208742800373]}