{"orig_r": [0.27608122315413475, 0.4766916783086669, 0.34965557702493194], "orig_f": [0.5688559556538795, 0.5150234855866564, 0.540602886133297], "tmeasure1_r": [0.36492634853643147, 0.46964169789853233, 0.41071457424392754], "tmeasure0_r": [0.27608122315413475, 0.4766916783086669, 0.34965557702493194], "tmeasure1_f": [0.5713149395021003, 0.5081208665972645, 0.5378680983518318], "tmeasure0_f": [0.5688559556538795, 0.5150234855866564, 0.540602886133297]}