{"orig_r": [0.43290385567928125, 0.4118696056036669, 0.4221248618112367], "orig_f": [0.7431597036138776, 0.5798589891366202, 0.6514312108602688], "tmeasure1_r": [0.5838966047151165, 0.4111171231355218, 0.4825056893589142], "tmeasure0_r": [0.43290385567928125, 0.4118696056036669, 0.4221248618112367], "tmeasure1_f": [0.7476320744642845, 0.5730219142193188, 0.6487839602382349], "tmeasure0_f": [0.7431597036138776, 0.5798589891366202, 0.6514312108602688]}