{"orig_r": [0.47716061021170886, 0.5848830085622092, 0.5255587027398986], "orig_f": [0.5984018876761987, 0.6160221627643526, 0.607084197508831], "tmeasure1_r": [0.3929630543896583, 0.5781379120193187, 0.4678954045441487], "tmeasure0_r": [0.47716061021170886, 0.5848830085622092, 0.5255587027398986], "tmeasure1_f": [0.605508200462936, 0.6085439795623099, 0.6070222944777637], "tmeasure0_f": [0.5984018876761987, 0.6160221627643526, 0.607084197508831]}