{"orig_r": [0.47393865343736785, 0.5631568098224402, 0.5147101488273856], "orig_f": [0.5422746126566025, 0.6061133687471397, 0.5724195961395884], "tmeasure1_r": [0.4142592310969595, 0.5567226045009529, 0.4750397373455403], "tmeasure0_r": [0.47393865343736785, 0.5631568098224402, 0.5147101488273856], "tmeasure1_f": [0.5502791833697589, 0.5988589386993699, 0.5735422076987636], "tmeasure0_f": [0.5422746126566025, 0.6061133687471397, 0.5724195961395884]}