{"orig_r": [0.347306192547508, 0.5120038883722705, 0.4138718373925216], "orig_f": [0.519100518716038, 0.5554820836207701, 0.5366754256358769], "tmeasure1_r": [0.37096034159889807, 0.5105895923447145, 0.4297169843702868], "tmeasure0_r": [0.347306192547508, 0.5120038883722705, 0.4138718373925216], "tmeasure1_f": [0.5224279927197049, 0.5539463126956616, 0.5377256940454368], "tmeasure0_f": [0.519100518716038, 0.5554820836207701, 0.5366754256358769]}