{"orig_r": [0.38116258923448826, 0.5032082095679968, 0.4337640825380217], "orig_f": [0.505907433897731, 0.5388407022750885, 0.5218549955327184], "tmeasure1_r": [0.37627152989549767, 0.5017423974022387, 0.430041878868638], "tmeasure0_r": [0.38116258923448826, 0.5032082095679968, 0.4337640825380217], "tmeasure1_f": [0.5089679332122304, 0.5372818677721364, 0.5227417802805913], "tmeasure0_f": [0.505907433897731, 0.5388407022750885, 0.5218549955327184]}