{"orig_r": [0.23875663826708093, 0.5383632493415625, 0.3308055851584774], "orig_f": [0.7100364984809658, 0.7345184676699349, 0.7220700258206508], "tmeasure1_r": [0.4991585639609256, 0.5301745147312746, 0.5141992517294374], "tmeasure0_r": [0.23875663826708093, 0.5383632493415625, 0.3308055851584774], "tmeasure1_f": [0.7198972249157105, 0.7228977413906589, 0.7213943631329023], "tmeasure0_f": [0.7100364984809658, 0.7345184676699349, 0.7220700258206508]}