{"orig_r": [0.26603458251044415, 0.5768943602898663, 0.364144217856575], "orig_f": [0.6658673249687433, 0.6404965252794799, 0.6529355628733687], "tmeasure1_r": [0.548740319442013, 0.5649283430085968, 0.5567166785895489], "tmeasure0_r": [0.26603458251044415, 0.5768943602898663, 0.364144217856575], "tmeasure1_f": [0.6714857186950327, 0.6277094337497288, 0.648860056874342], "tmeasure0_f": [0.6658673249687433, 0.6404965252794799, 0.6529355628733687]}