{"orig_r": [0.24793574545359476, 0.6084172697336715, 0.35230421716976457], "orig_f": [0.578487315430644, 0.6501089754860505, 0.6122105344884066], "tmeasure1_r": [0.28351659482401526, 0.6064908505745781, 0.3864017579534213], "tmeasure0_r": [0.24793574545359476, 0.6084172697336715, 0.35230421716976457], "tmeasure1_f": [0.5802084413585471, 0.6417127092463927, 0.6094126951603891], "tmeasure0_f": [0.578487315430644, 0.6501089754860505, 0.6122105344884066]}