{"orig_r": [0.42457581235316555, 0.5973938287459414, 0.49637280782977566], "orig_f": [0.5867660282963126, 0.6833432023865946, 0.6313828246285204], "tmeasure1_r": [0.4838383316474241, 0.5973917270637572, 0.5346522032638207], "tmeasure0_r": [0.42457581235316555, 0.5973938287459414, 0.49637280782977566], "tmeasure1_f": [0.5874755256783876, 0.676146050465606, 0.6286997055634054], "tmeasure0_f": [0.5867660282963126, 0.6833432023865946, 0.6313828246285204]}