{"orig_r": [0.39639741237267095, 0.20898572061649512, 0.2736825470051513], "orig_f": [0.4838998753303415, 0.21565606002456023, 0.2983490962939941], "tmeasure1_r": [0.4296552799379121, 0.20863831034361624, 0.2808818794402159], "tmeasure0_r": [0.39639741237267095, 0.20898572061649512, 0.2736825470051513], "tmeasure1_f": [0.4852073874124118, 0.2152206991682386, 0.2981795709257856], "tmeasure0_f": [0.4838998753303415, 0.21565606002456023, 0.2983490962939941]}