{"orig_r": [0.25720566100055026, 0.4567359657926239, 0.329088742204546], "orig_f": [0.5186374080756677, 0.4970234460496092, 0.5076004470685457], "tmeasure1_r": [0.1405938448574133, 0.44943131672350956, 0.21418502440873224], "tmeasure0_r": [0.25720566100055026, 0.4567359657926239, 0.329088742204546], "tmeasure1_f": [0.5206768105721268, 0.49059403049321354, 0.5051879767715493], "tmeasure0_f": [0.5186374080756677, 0.4970234460496092, 0.5076004470685457]}