{"orig_r": [0.2625154590571955, 0.46500902793770355, 0.3355819924056037], "orig_f": [0.40476676416213986, 0.46026078505982976, 0.43073372358361395], "tmeasure1_r": [0.3596211694750706, 0.45872268207757577, 0.40317132481777085], "tmeasure0_r": [0.2625154590571955, 0.46500902793770355, 0.3355819924056037], "tmeasure1_f": [0.4057529890819327, 0.4542650093952932, 0.4286407626906274], "tmeasure0_f": [0.40476676416213986, 0.46026078505982976, 0.43073372358361395]}