{"orig_r": [0.08882643375498134, 0.7032017133660758, 0.1577289914146296], "orig_f": [0.6586814620873113, 0.7032017133660758, 0.6802138994749959], "tmeasure1_r": [0.0, 0.6964689272757264, 0.0], "tmeasure0_r": [0.08882643375498134, 0.7032017133660758, 0.1577289914146296], "tmeasure1_f": [0.662710543557018, 0.6964689272757264, 0.6791705014241896], "tmeasure0_f": [0.6586814620873113, 0.7032017133660758, 0.6802138994749959]}