{"orig_r": [0.3333188834152098, 0.5509926186047899, 0.41536549956401575], "orig_f": [0.7336243207867331, 0.6087732362910971, 0.665392825891896], "tmeasure1_r": [0.0, 0.5523137178118159, 0.0], "tmeasure0_r": [0.3333188834152098, 0.5509926186047899, 0.41536549956401575], "tmeasure1_f": [0.738852127365056, 0.6060746311314095, 0.665909169736562], "tmeasure0_f": [0.7336243207867331, 0.6087732362910971, 0.665392825891896]}