{"orig_r": [0.33579104882338195, 0.25860139240667285, 0.29218417584087164], "orig_f": [0.4767997869570292, 0.32628425274024225, 0.3874370663688575], "tmeasure1_r": [0.4382005760151168, 0.2549778710304262, 0.3223742758675241], "tmeasure0_r": [0.33579104882338195, 0.25860139240667285, 0.29218417584087164], "tmeasure1_f": [0.48300172946116154, 0.32255762565907425, 0.3868017671297855], "tmeasure0_f": [0.4767997869570292, 0.32628425274024225, 0.3874370663688575]}