{"orig_r": [0.32793349915998393, 0.329712746190899, 0.3288207158191571], "orig_f": [0.4513894256913442, 0.33653191678207517, 0.3855891202698136], "tmeasure1_r": [0.38420256654561546, 0.32611895223269166, 0.3527859853168046], "tmeasure0_r": [0.32793349915998393, 0.329712746190899, 0.3288207158191571], "tmeasure1_f": [0.45782177305882665, 0.33255886731091133, 0.38526421954741474], "tmeasure0_f": [0.4513894256913442, 0.33653191678207517, 0.3855891202698136]}