{"orig_r": [0.4131704823671547, 0.5191847834396517, 0.46015040677830354], "orig_f": [0.5774207745885886, 0.5405117620905247, 0.5583569850604292], "tmeasure1_r": [0.45862627728716643, 0.5159201845186456, 0.4855890670715753], "tmeasure0_r": [0.4131704823671547, 0.5191847834396517, 0.46015040677830354], "tmeasure1_f": [0.5806117442614738, 0.5364708882436263, 0.5576692164126219], "tmeasure0_f": [0.5774207745885886, 0.5405117620905247, 0.5583569850604292]}