{"orig_r": [0.33390569021945854, 0.4845015581876511, 0.39534798234967683], "orig_f": [0.47476013555510393, 0.5012656881948815, 0.487653011397134], "tmeasure1_r": [0.368676469986145, 0.47983278192249396, 0.4169737827251514], "tmeasure0_r": [0.33390569021945854, 0.4845015581876511, 0.39534798234967683], "tmeasure1_f": [0.4765625832844425, 0.4962336703558661, 0.48619924053480756], "tmeasure0_f": [0.47476013555510393, 0.5012656881948815, 0.487653011397134]}