{"orig_r": [0.4752825147119589, 0.5057864998991383, 0.4900602832201673], "orig_f": [0.5107379155982072, 0.5648002548981607, 0.536410353121906], "tmeasure1_r": [0.5202399663336287, 0.5024730799616094, 0.5112021972335713], "tmeasure0_r": [0.4752825147119589, 0.5057864998991383, 0.4900602832201673], "tmeasure1_f": [0.518077700407347, 0.5619213027651551, 0.5391095649001694], "tmeasure0_f": [0.5107379155982072, 0.5648002548981607, 0.536410353121906]}