{"orig_r": [0.39708075482546923, 0.5318268258635235, 0.4546807493888368], "orig_f": [0.4624092135746006, 0.5702763662771939, 0.5107092636817163], "tmeasure1_r": [0.4711511731360127, 0.5294029627857966, 0.4985813721081877], "tmeasure0_r": [0.39708075482546923, 0.5318268258635235, 0.4546807493888368], "tmeasure1_f": [0.46758843465329286, 0.568280671405829, 0.5130406303886968], "tmeasure0_f": [0.4624092135746006, 0.5702763662771939, 0.5107092636817163]}