{"orig_r": [0.28060936324726876, 0.558442130789925, 0.37352675454377393], "orig_f": [0.7799083385632434, 0.6035354283166835, 0.6804791411566983], "tmeasure1_r": [0.4191729763646985, 0.5553128597183103, 0.4777332529682625], "tmeasure0_r": [0.28060936324726876, 0.558442130789925, 0.37352675454377393], "tmeasure1_f": [0.7935331713333799, 0.5932281827908056, 0.6789145656739585], "tmeasure0_f": [0.7799083385632434, 0.6035354283166835, 0.6804791411566983]}