{"orig_r": [0.3085673576054596, 0.47761164754952934, 0.37491554233731916], "orig_f": [0.7985503251092626, 0.5558159651941215, 0.6554312860330577], "tmeasure1_r": [0.3894009245159825, 0.47339573837017085, 0.4273098080065119], "tmeasure0_r": [0.3085673576054596, 0.47761164754952934, 0.37491554233731916], "tmeasure1_f": [0.8105794120977136, 0.5446935525086658, 0.651554913432693], "tmeasure0_f": [0.7985503251092626, 0.5558159651941215, 0.6554312860330577]}