{"orig_r": [0.3486827851087495, 0.31750638026992734, 0.33236508402050186], "orig_f": [0.4317982254835539, 0.2933383085451866, 0.3493492746598768], "tmeasure1_r": [0.2747736677376401, 0.3149507315270751, 0.2934935972337177], "tmeasure0_r": [0.3486827851087495, 0.31750638026992734, 0.33236508402050186], "tmeasure1_f": [0.4312438117495413, 0.2906204918146931, 0.34723503584782095], "tmeasure0_f": [0.4317982254835539, 0.2933383085451866, 0.3493492746598768]}