{"orig_r": [0.4627424140958162, 0.3098993216568798, 0.3712032461991166], "orig_f": [0.49941974229742747, 0.2814763870434451, 0.3600347329130769], "tmeasure1_r": [0.3354735364825633, 0.30798360814703873, 0.3211413567044069], "tmeasure0_r": [0.4627424140958162, 0.3098993216568798, 0.3712032461991166], "tmeasure1_f": [0.49873535894918836, 0.2786158311320622, 0.3575103976725153], "tmeasure0_f": [0.49941974229742747, 0.2814763870434451, 0.3600347329130769]}