{"orig_r": [0.4784836692298136, 0.3296875984517728, 0.3903878747367744], "orig_f": [0.5494952820139095, 0.3610891360287383, 0.4358009487155039], "tmeasure1_r": [0.4695161675794522, 0.3273949526409248, 0.3857826037270366], "tmeasure0_r": [0.4784836692298136, 0.3296875984517728, 0.3903878747367744], "tmeasure1_f": [0.5507836464374234, 0.35859248621509004, 0.43437884512431824], "tmeasure0_f": [0.5494952820139095, 0.3610891360287383, 0.4358009487155039]}