{"orig_r": [0.13916827425210607, 0.4494086824912554, 0.2125242249451218], "orig_f": [0.30482701340249396, 0.5370214135312577, 0.3889028675058652], "tmeasure1_r": [0.1628082823215525, 0.4453603802830494, 0.2384481903997664], "tmeasure0_r": [0.13916827425210607, 0.4494086824912554, 0.2125242249451218], "tmeasure1_f": [0.30561741522233776, 0.5334838532601655, 0.38861091603658904], "tmeasure0_f": [0.30482701340249396, 0.5370214135312577, 0.3889028675058652]}