{"orig_r": [0.31052451854920343, 0.6377027619694133, 0.41766852147460765], "orig_f": [0.6596594565343263, 0.6630800812630967, 0.6613653460047099], "tmeasure1_r": [0.33797236880743925, 0.6377587834643449, 0.4418119607503453], "tmeasure0_r": [0.31052451854920343, 0.6377027619694133, 0.41766852147460765], "tmeasure1_f": [0.6627299757733935, 0.6621100772454376, 0.6624198814827823], "tmeasure0_f": [0.6596594565343263, 0.6630800812630967, 0.6613653460047099]}