{"orig_r": [0.23269593402228808, 0.5206049398621668, 0.3216315205189195], "orig_f": [0.4593157847301096, 0.5656799086910067, 0.5069791274912565], "tmeasure1_r": [0.2638632769572471, 0.5193207461850222, 0.3499296968047843], "tmeasure0_r": [0.23269593402228808, 0.5206049398621668, 0.3216315205189195], "tmeasure1_f": [0.46033102600437564, 0.5640670178181519, 0.5069465929055266], "tmeasure0_f": [0.4593157847301096, 0.5656799086910067, 0.5069791274912565]}