{"orig_r": [0.48662802848182557, 0.6171948906022676, 0.5441893398119526], "orig_f": [0.6124899062454958, 0.6452355262479401, 0.6284364405264208], "tmeasure1_r": [0.6513343270599771, 0.6033412951683786, 0.6264199120694601], "tmeasure0_r": [0.48662802848182557, 0.6171948906022676, 0.5441893398119526], "tmeasure1_f": [0.6225982060067515, 0.631373990532866, 0.6269553900953129], "tmeasure0_f": [0.6124899062454958, 0.6452355262479401, 0.6284364405264208]}