{"orig_r": [0.4364580131380952, 0.6801748045330763, 0.5317195394493968], "orig_f": [0.7836937153878121, 0.7502620319580342, 0.7666135615149997], "tmeasure1_r": [0.019139863072119758, 0.6627835121982663, 0.03720531112429907], "tmeasure0_r": [0.4364580131380952, 0.6801748045330763, 0.5317195394493968], "tmeasure1_f": [0.797761537017863, 0.7335896986676089, 0.7643310455652311], "tmeasure0_f": [0.7836937153878121, 0.7502620319580342, 0.7666135615149997]}