{"orig_r": [0.3309082106928675, 0.3780476692757268, 0.35291075603232575], "orig_f": [0.5033206495285323, 0.3841259093263759, 0.43571863624635276], "tmeasure1_r": [0.4933805741309715, 0.37383561228044154, 0.4253685111223845], "tmeasure0_r": [0.3309082106928675, 0.3780476692757268, 0.35291075603232575], "tmeasure1_f": [0.5084349023668701, 0.38079651943397996, 0.43545524018475357], "tmeasure0_f": [0.5033206495285323, 0.3841259093263759, 0.43571863624635276]}