{"orig_r": [0.26047114883230243, 0.37044629173588, 0.30587384334221246], "orig_f": [0.4194506816208473, 0.3626255300947791, 0.388973666486312], "tmeasure1_r": [0.3764983029462152, 0.3676865828316613, 0.37204027412492463], "tmeasure0_r": [0.26047114883230243, 0.37044629173588, 0.30587384334221246], "tmeasure1_f": [0.4209203794308001, 0.3599042080048254, 0.3880282927300167], "tmeasure0_f": [0.4194506816208473, 0.3626255300947791, 0.388973666486312]}