{"orig_r": [0.358087931341169, 0.5569259819366134, 0.4359026018903564], "orig_f": [0.5736319019897274, 0.6258417481433439, 0.5986005483191966], "tmeasure1_r": [0.38990065079820363, 0.5569259819366134, 0.4586812311696589], "tmeasure0_r": [0.358087931341169, 0.5569259819366134, 0.4359026018903564], "tmeasure1_f": [0.5746767741350433, 0.6201823350092964, 0.5965630272742513], "tmeasure0_f": [0.5736319019897274, 0.6258417481433439, 0.5986005483191966]}