{"orig_r": [0.39085888687875625, 0.5461142292319673, 0.45562374432316693], "orig_f": [0.4427885979804937, 0.5922053463866175, 0.5067117087403425], "tmeasure1_r": [0.3697967414821059, 0.5461142292319673, 0.4409844819077683], "tmeasure0_r": [0.39085888687875625, 0.5461142292319673, 0.45562374432316693], "tmeasure1_f": [0.44916492038715755, 0.5922053463866175, 0.5108612676001799], "tmeasure0_f": [0.4427885979804937, 0.5922053463866175, 0.5067117087403425]}