{"orig_r": [0.37249337510188335, 0.5730735444512138, 0.45150923607844107], "orig_f": [0.5654041588733741, 0.6068795872403833, 0.585408172208458], "tmeasure1_r": [0.3588813207737504, 0.5686592788200509, 0.44004800036259695], "tmeasure0_r": [0.37249337510188335, 0.5730735444512138, 0.45150923607844107], "tmeasure1_f": [0.569670964571259, 0.598186457008166, 0.5835805804041473], "tmeasure0_f": [0.5654041588733741, 0.6068795872403833, 0.585408172208458]}