{"orig_r": [0.3172052930972489, 0.5730767705854511, 0.4083716664555224], "orig_f": [0.5748647411632104, 0.6119972864540146, 0.5928501434598737], "tmeasure1_r": [0.36929317885148366, 0.5704976686436367, 0.44835698952018765], "tmeasure0_r": [0.3172052930972489, 0.5730767705854511, 0.4083716664555224], "tmeasure1_f": [0.5801812031617517, 0.6036753400243304, 0.5916951460213261], "tmeasure0_f": [0.5748647411632104, 0.6119972864540146, 0.5928501434598737]}