{"orig_r": [0.27292325706969794, 0.5701387236778563, 0.36914039774334223], "orig_f": [0.4853891351646296, 0.5494986676760732, 0.51545816337824], "tmeasure1_r": [0.2647027255185429, 0.5700992968893726, 0.36153922403672173], "tmeasure0_r": [0.27292325706969794, 0.5701387236778563, 0.36914039774334223], "tmeasure1_f": [0.48607642654324534, 0.5504380507010326, 0.5162589941426015], "tmeasure0_f": [0.4853891351646296, 0.5494986676760732, 0.51545816337824]}