{"orig_r": [0.22528639820729843, 0.5031194372978686, 0.3112165234599236], "orig_f": [0.5242777595286487, 0.5188536828262804, 0.5215516191156924], "tmeasure1_r": [0.21690087737719158, 0.5030609779201093, 0.303111523707161], "tmeasure0_r": [0.22528639820729843, 0.5031194372978686, 0.3112165234599236], "tmeasure1_f": [0.5249047743270776, 0.5197719871611585, 0.5223257713394381], "tmeasure0_f": [0.5242777595286487, 0.5188536828262804, 0.5215516191156924]}