{"orig_r": [0.40753862743523106, 0.5285775789547145, 0.46023299148077973], "orig_f": [0.48649580452077845, 0.5230294391707151, 0.5041015653396932], "tmeasure1_r": [0.43006585195560504, 0.5262151166866808, 0.4733068206744367], "tmeasure0_r": [0.40753862743523106, 0.5285775789547145, 0.46023299148077973], "tmeasure1_f": [0.4891387197306284, 0.5206922062511832, 0.5044224980370771], "tmeasure0_f": [0.48649580452077845, 0.5230294391707151, 0.5041015653396932]}