{"orig_r": [0.4038763181873748, 0.515515755417678, 0.45291799057887977], "orig_f": [0.4782790352850213, 0.5156335262157573, 0.4962543286638861], "tmeasure1_r": [0.4268845912079341, 0.5132452858713065, 0.4660983751080277], "tmeasure0_r": [0.4038763181873748, 0.515515755417678, 0.45291799057887977], "tmeasure1_f": [0.4809923382782137, 0.5133870150454267, 0.49666200325461163], "tmeasure0_f": [0.4782790352850213, 0.5156335262157573, 0.4962543286638861]}