{"orig_r": [0.4133839155243814, 0.3918969364770233, 0.40235376187139005], "orig_f": [0.6490747954542293, 0.4522709182806674, 0.5330890202993652], "tmeasure1_r": [0.4022305873504945, 0.3901837134610646, 0.39611557761970084], "tmeasure0_r": [0.4133839155243814, 0.3918969364770233, 0.40235376187139005], "tmeasure1_f": [0.6490343111735272, 0.44963881584399235, 0.5312426634305627], "tmeasure0_f": [0.6490747954542293, 0.4522709182806674, 0.5330890202993652]}