{"orig_r": [0.4124208421544418, 0.3765778444966421, 0.3936851971787657], "orig_f": [0.6554796084384873, 0.4424105990166471, 0.5282698110308429], "tmeasure1_r": [0.4008121936535178, 0.3749771753948224, 0.3874645109518988], "tmeasure0_r": [0.4124208421544418, 0.3765778444966421, 0.3936851971787657], "tmeasure1_f": [0.6557494137722365, 0.4399541302767755, 0.52660167904461], "tmeasure0_f": [0.6554796084384873, 0.4424105990166471, 0.5282698110308429]}