{"orig_r": [0.22041134309866903, 0.4982898092868718, 0.3056311395988479], "orig_f": [0.49042364426502677, 0.49315811810346755, 0.4917870801036155], "tmeasure1_r": [0.2583980768408124, 0.49389597906292615, 0.33928693214505573], "tmeasure0_r": [0.22041134309866903, 0.4982898092868718, 0.3056311395988479], "tmeasure1_f": [0.49361001456325043, 0.48925317561021353, 0.4914219385822192], "tmeasure0_f": [0.49042364426502677, 0.49315811810346755, 0.4917870801036155]}