{"orig_r": [0.32509734970847814, 0.4266243746716644, 0.36900477671085014], "orig_f": [0.5835773533650275, 0.4746679242162651, 0.5235184258502308], "tmeasure1_r": [0.4331520052550801, 0.42034828039103034, 0.42665410573135687], "tmeasure0_r": [0.32509734970847814, 0.4266243746716644, 0.36900477671085014], "tmeasure1_f": [0.5853517186636527, 0.46972487907609783, 0.5212024716599611], "tmeasure0_f": [0.5835773533650275, 0.4746679242162651, 0.5235184258502308]}