{"orig_r": [0.30822993506749874, 0.5480628827278631, 0.3945598590702799], "orig_f": [0.5208857625119762, 0.5670036871954306, 0.5429672068817805], "tmeasure1_r": [0.2938377439769075, 0.5492376740584043, 0.3828524841313449], "tmeasure0_r": [0.30822993506749874, 0.5480628827278631, 0.3945598590702799], "tmeasure1_f": [0.5229578879350993, 0.5678554518339535, 0.5444826844644002], "tmeasure0_f": [0.5208857625119762, 0.5670036871954306, 0.5429672068817805]}