{"orig_r": [0.31409134250424925, 0.5484211315102681, 0.39942455244040964], "orig_f": [0.5206586568629505, 0.566697211097618, 0.5427032997604894], "tmeasure1_r": [0.2924142004658624, 0.5495064012194595, 0.3817069558383821], "tmeasure0_r": [0.31409134250424925, 0.5484211315102681, 0.39942455244040964], "tmeasure1_f": [0.52264548628034, 0.5674991885430043, 0.5441495908014602], "tmeasure0_f": [0.5206586568629505, 0.566697211097618, 0.5427032997604894]}