{"orig_r": [0.45595646501840176, 0.6159328972962332, 0.5240066678771599], "orig_f": [0.5582481009053296, 0.6357960736999292, 0.5945038856261545], "tmeasure1_r": [0.5065317932445386, 0.6104663154564033, 0.5536636008151146], "tmeasure0_r": [0.45595646501840176, 0.6159328972962332, 0.5240066678771599], "tmeasure1_f": [0.5615008443333337, 0.6310051879162343, 0.594227511160345], "tmeasure0_f": [0.5582481009053296, 0.6357960736999292, 0.5945038856261545]}