{"orig_r": [0.47138858178424625, 0.5118931723677361, 0.4908066188120661], "orig_f": [0.42794692161966885, 0.5477931581426683, 0.48050992384892294], "tmeasure1_r": [0.4752151542300677, 0.5069598629146512, 0.49057450095565247], "tmeasure0_r": [0.47138858178424625, 0.5118931723677361, 0.4908066188120661], "tmeasure1_f": [0.4306432861957576, 0.5446213443339873, 0.4809720728392319], "tmeasure0_f": [0.42794692161966885, 0.5477931581426683, 0.48050992384892294]}