{"orig_r": [0.22948747431359848, 0.47774234285851747, 0.31004315987028214], "orig_f": [0.5365858077321862, 0.5138462633315412, 0.5249699049662645], "tmeasure1_r": [0.25593648294741267, 0.46912993480371, 0.33119025407745034], "tmeasure0_r": [0.22948747431359848, 0.47774234285851747, 0.31004315987028214], "tmeasure1_f": [0.542300424348301, 0.504536584830759, 0.5227373538647266], "tmeasure0_f": [0.5365858077321862, 0.5138462633315412, 0.5249699049662645]}