{"orig_r": [0.22180678171153057, 0.4770247278393994, 0.30281210344069304], "orig_f": [0.5564582967682455, 0.5157969145636568, 0.5353566380897088], "tmeasure1_r": [0.24523585773027223, 0.4668841870627606, 0.32156585090457257], "tmeasure0_r": [0.22180678171153057, 0.4770247278393994, 0.30281210344069304], "tmeasure1_f": [0.5615296448160096, 0.5045071528113386, 0.531493327351948], "tmeasure0_f": [0.5564582967682455, 0.5157969145636568, 0.5353566380897088]}