{"orig_r": [0.23087719512376684, 0.573412452240056, 0.3292044328958993], "orig_f": [0.40797199357104064, 0.5811930874580067, 0.47941543244385576], "tmeasure1_r": [0.20266906603328122, 0.5718864280045028, 0.2992779449192776], "tmeasure0_r": [0.23087719512376684, 0.573412452240056, 0.3292044328958993], "tmeasure1_f": [0.4087224334024794, 0.5793205518380601, 0.4792935311608424], "tmeasure0_f": [0.40797199357104064, 0.5811930874580067, 0.47941543244385576]}