{"orig_r": [0.4423696805352442, 0.5106501026398083, 0.47406386888942187], "orig_f": [0.5782115775640999, 0.5308423352733054, 0.5535153531552223], "tmeasure1_r": [0.3534784161171038, 0.5019610796563151, 0.41483333015604024], "tmeasure0_r": [0.4423696805352442, 0.5106501026398083, 0.47406386888942187], "tmeasure1_f": [0.5812221626123744, 0.5221801939579251, 0.550121539614888], "tmeasure0_f": [0.5782115775640999, 0.5308423352733054, 0.5535153531552223]}