{"orig_r": [0.5321532912162829, 0.5307962642113816, 0.5314739114816189], "orig_f": [0.5318327313350657, 0.5462994019338836, 0.5389690077713926], "tmeasure1_r": [0.6133117746357069, 0.5233333198895961, 0.5647611355443002], "tmeasure0_r": [0.5321532912162829, 0.5307962642113816, 0.5314739114816189], "tmeasure1_f": [0.5370109401507948, 0.5394943259282243, 0.5382497685830532], "tmeasure0_f": [0.5318327313350657, 0.5462994019338836, 0.5389690077713926]}