{"orig_r": [0.4366080830583481, 0.5642956485264206, 0.4923071692243396], "orig_f": [0.5978423673370039, 0.5603527639506083, 0.5784908153976249], "tmeasure1_r": [0.3502596247046288, 0.5519679784501539, 0.42856613188270243], "tmeasure0_r": [0.4366080830583481, 0.5642956485264206, 0.4923071692243396], "tmeasure1_f": [0.604308143682895, 0.5492568518366507, 0.5754688982895604], "tmeasure0_f": [0.5978423673370039, 0.5603527639506083, 0.5784908153976249]}