{"orig_r": [0.36250066658234137, 0.5080399599918055, 0.4231044905330667], "orig_f": [0.7363074777747827, 0.5767409743000672, 0.6468286702523689], "tmeasure1_r": [0.18980085879235425, 0.49846075060906225, 0.27491952841060735], "tmeasure0_r": [0.36250066658234137, 0.5080399599918055, 0.4231044905330667], "tmeasure1_f": [0.7443238979621781, 0.5674728617853269, 0.6439772157283074], "tmeasure0_f": [0.7363074777747827, 0.5767409743000672, 0.6468286702523689]}