{"orig_r": [0.38502997072231304, 0.6006585612268125, 0.46925887995459187], "orig_f": [0.5598887928078145, 0.6191182582070104, 0.5880157780132584], "tmeasure1_r": [0.37979903187432656, 0.5952376553773829, 0.4637172902379478], "tmeasure0_r": [0.38502997072231304, 0.6006585612268125, 0.46925887995459187], "tmeasure1_f": [0.5650860421643912, 0.6149713211363905, 0.5889742663585981], "tmeasure0_f": [0.5598887928078145, 0.6191182582070104, 0.5880157780132584]}