{"orig_r": [0.3401534066574383, 0.6241574496764919, 0.4403336982126788], "orig_f": [0.5666120202039401, 0.6230113728177835, 0.5934747662714601], "tmeasure1_r": [0.3785470129222009, 0.6221610351658853, 0.4707011238064893], "tmeasure0_r": [0.3401534066574383, 0.6241574496764919, 0.4403336982126788], "tmeasure1_f": [0.574852203146169, 0.6213756868018041, 0.597209253422467], "tmeasure0_f": [0.5666120202039401, 0.6230113728177835, 0.5934747662714601]}