{"orig_r": [0.22967269773329094, 0.44665030656748733, 0.3033561780404405], "orig_f": [0.8180526827177158, 0.5029292759815958, 0.6229042580401705], "tmeasure1_r": [0.1707064136250004, 0.4428198807366238, 0.24641875798022103], "tmeasure0_r": [0.22967269773329094, 0.44665030656748733, 0.3033561780404405], "tmeasure1_f": [0.8180973765311987, 0.4991425361923458, 0.6200042914426762], "tmeasure0_f": [0.8180526827177158, 0.5029292759815958, 0.6229042580401705]}