{"orig_r": [0.19278378629577866, 0.4420930765140749, 0.26848789797859984], "orig_f": [0.7129544633454125, 0.46621396890302563, 0.563769044206164], "tmeasure1_r": [0.2014633446470047, 0.4409319539963281, 0.2765637494590697], "tmeasure0_r": [0.19278378629577866, 0.4420930765140749, 0.26848789797859984], "tmeasure1_f": [0.714755697544635, 0.4655401549014583, 0.5638374098528429], "tmeasure0_f": [0.7129544633454125, 0.46621396890302563, 0.563769044206164]}