{"orig_r": [0.37831333291447894, 0.5045212475465775, 0.43239609981257665], "orig_f": [0.5691540120274705, 0.5151271686904302, 0.5407945835053442], "tmeasure1_r": [0.5422307341440092, 0.5006691538065875, 0.5206217892405526], "tmeasure0_r": [0.37831333291447894, 0.5045212475465775, 0.43239609981257665], "tmeasure1_f": [0.5742456734504247, 0.5116311892293511, 0.5411331743310057], "tmeasure0_f": [0.5691540120274705, 0.5151271686904302, 0.5407945835053442]}