{"orig_r": [0.33328471521256925, 0.4752693815640381, 0.39181056929970176], "orig_f": [0.5527881921047032, 0.4886050649846999, 0.5187187619804337], "tmeasure1_r": [0.5267369433994402, 0.4714157931926512, 0.4975433215247414], "tmeasure0_r": [0.33328471521256925, 0.4752693815640381, 0.39181056929970176], "tmeasure1_f": [0.5539592702700746, 0.48453973049999205, 0.5169292899186214], "tmeasure0_f": [0.5527881921047032, 0.4886050649846999, 0.5187187619804337]}