{"orig_r": [0.5303323417146106, 0.6264560175190995, 0.5744004667754296], "orig_f": [0.6262132375685728, 0.6205368564719379, 0.6233621249027804], "tmeasure1_r": [0.5236176525312679, 0.620116315612723, 0.567796110846284], "tmeasure0_r": [0.5303323417146106, 0.6264560175190995, 0.5744004667754296], "tmeasure1_f": [0.6254113545817763, 0.615513148390182, 0.6204227750772303], "tmeasure0_f": [0.6262132375685728, 0.6205368564719379, 0.6233621249027804]}