{"orig_r": [0.5165751753131006, 0.6624650625218963, 0.5804941932082633], "orig_f": [0.6229732662379298, 0.6515623162177183, 0.6369471513845755], "tmeasure1_r": [0.5042020173640693, 0.6556906220077677, 0.5700536811097642], "tmeasure0_r": [0.5165751753131006, 0.6624650625218963, 0.5804941932082633], "tmeasure1_f": [0.6195812320679176, 0.6438590257474494, 0.6314868724231366], "tmeasure0_f": [0.6229732662379298, 0.6515623162177183, 0.6369471513845755]}