{"orig_r": [0.32482049107387173, 0.4942122785459075, 0.39199963900477863], "orig_f": [0.5718615442908317, 0.5257277374417344, 0.5478250941652484], "tmeasure1_r": [0.2554694380414607, 0.4902151086054258, 0.33589264757598863], "tmeasure0_r": [0.32482049107387173, 0.4942122785459075, 0.39199963900477863], "tmeasure1_f": [0.5818841123462919, 0.522138548256117, 0.5503947274198355], "tmeasure0_f": [0.5718615442908317, 0.5257277374417344, 0.5478250941652484]}