{"orig_r": [0.3516796819949843, 0.47572670560602437, 0.40440445964921673], "orig_f": [0.6058628786285883, 0.49276379175907614, 0.5434917928102837], "tmeasure1_r": [0.2544468049486567, 0.4714632636806587, 0.330515655529413], "tmeasure0_r": [0.3516796819949843, 0.47572670560602437, 0.40440445964921673], "tmeasure1_f": [0.6157490283285614, 0.48908502764400863, 0.5451563135909031], "tmeasure0_f": [0.6058628786285883, 0.49276379175907614, 0.5434917928102837]}