{"orig_r": [0.45840397242796604, 0.3194288138576497, 0.37650106748401485], "orig_f": [0.5289025664081, 0.3397346800288991, 0.4137205603424508], "tmeasure1_r": [0.2979616679109135, 0.31439623631619157, 0.30595841520466044], "tmeasure0_r": [0.45840397242796604, 0.3194288138576497, 0.37650106748401485], "tmeasure1_f": [0.5343096702375808, 0.3352543961338645, 0.41199877679275426], "tmeasure0_f": [0.5289025664081, 0.3397346800288991, 0.4137205603424508]}