{"orig_r": [0.45595251049292007, 0.31995227624078093, 0.37603336410393096], "orig_f": [0.5266957623431434, 0.33948713403133435, 0.4128606916916516], "tmeasure1_r": [0.29602594511662095, 0.3147005937943743, 0.3050777550058887], "tmeasure0_r": [0.45595251049292007, 0.31995227624078093, 0.37603336410393096], "tmeasure1_f": [0.5315426664111692, 0.33468480878611456, 0.4107448926829918], "tmeasure0_f": [0.5266957623431434, 0.33948713403133435, 0.4128606916916516]}