{"orig_r": [0.30875745115831227, 0.7058258657914128, 0.4295930982554575], "orig_f": [0.6337634570803646, 0.7311064549596293, 0.6789636877502028], "tmeasure1_r": [0.33419131057516466, 0.7035415127564675, 0.4531367899442079], "tmeasure0_r": [0.30875745115831227, 0.7058258657914128, 0.4295930982554575], "tmeasure1_f": [0.6368675648906038, 0.7280344094198781, 0.6794063020064692], "tmeasure0_f": [0.6337634570803646, 0.7311064549596293, 0.6789636877502028]}