{"orig_r": [0.5105415801550356, 0.5610193370685703, 0.5345915369639215], "orig_f": [0.5845843108382717, 0.6147138387384047, 0.5992706082444661], "tmeasure1_r": [0.5364080065652879, 0.5577706077828682, 0.5468807668476646], "tmeasure0_r": [0.5105415801550356, 0.5610193370685703, 0.5345915369639215], "tmeasure1_f": [0.5864795800319118, 0.6116748722385816, 0.5988123175718405], "tmeasure0_f": [0.5845843108382717, 0.6147138387384047, 0.5992706082444661]}