{"orig_r": [0.4020166355786073, 0.5883389036593799, 0.4776507370497231], "orig_f": [0.6283133830276184, 0.6224157085765241, 0.6253506408868643], "tmeasure1_r": [0.3883268642637363, 0.5818379720739771, 0.46578335297736617], "tmeasure0_r": [0.4020166355786073, 0.5883389036593799, 0.4776507370497231], "tmeasure1_f": [0.6274157210866833, 0.6167565807739327, 0.6220404911482839], "tmeasure0_f": [0.6283133830276184, 0.6224157085765241, 0.6253506408868643]}