{"orig_r": [0.5595278442731677, 0.537541430309248, 0.5483143219427642], "orig_f": [0.6667238925341001, 0.6152623492999226, 0.6399602352488101], "tmeasure1_r": [0.5141499017767678, 0.53260513571612, 0.5232148275495752], "tmeasure0_r": [0.5595278442731677, 0.537541430309248, 0.5483143219427642], "tmeasure1_f": [0.6669260597021807, 0.610288474647808, 0.6373514812617751], "tmeasure0_f": [0.6667238925341001, 0.6152623492999226, 0.6399602352488101]}