{"orig_r": [0.2329573071722877, 0.47879010435869634, 0.31341920351271974], "orig_f": [0.5281847858879911, 0.5230663120357552, 0.5256130882021994], "tmeasure1_r": [0.2179211015095614, 0.47433644262461816, 0.29864006810404065], "tmeasure0_r": [0.2329573071722877, 0.47879010435869634, 0.31341920351271974], "tmeasure1_f": [0.5300191370116049, 0.5185897471750133, 0.5242421543547601], "tmeasure0_f": [0.5281847858879911, 0.5230663120357552, 0.5256130882021994]}