{"orig_r": [0.3018180442129283, 0.39676322665279895, 0.34283856747420727], "orig_f": [0.5820744759102574, 0.44488484034965275, 0.5043162006262071], "tmeasure1_r": [0.30720012890211673, 0.3920670119600738, 0.34448361598658034], "tmeasure0_r": [0.3018180442129283, 0.39676322665279895, 0.34283856747420727], "tmeasure1_f": [0.5828532466278803, 0.43972290365905764, 0.5012710729511999], "tmeasure0_f": [0.5820744759102574, 0.44488484034965275, 0.5043162006262071]}