{"orig_r": [0.49874184633533847, 0.2194225170040081, 0.3047636358598204], "orig_f": [0.5743937778443978, 0.23288228268059216, 0.33140121622073404], "tmeasure1_r": [0.5358160886238207, 0.21695196516271503, 0.30885038972629314], "tmeasure0_r": [0.49874184633533847, 0.2194225170040081, 0.3047636358598204], "tmeasure1_f": [0.5786005861506516, 0.23081626438022218, 0.32999171138062755], "tmeasure0_f": [0.5743937778443978, 0.23288228268059216, 0.33140121622073404]}