{"orig_r": [0.3618270632181375, 0.494603736627667, 0.41792289000565325], "orig_f": [0.5611425838739396, 0.5605181201184688, 0.5608301781669078], "tmeasure1_r": [0.3708310680252523, 0.49211708049032676, 0.4229507945885635], "tmeasure0_r": [0.3618270632181375, 0.494603736627667, 0.41792289000565325], "tmeasure1_f": [0.5641507820621943, 0.5574475546845541, 0.560779137469349], "tmeasure0_f": [0.5611425838739396, 0.5605181201184688, 0.5608301781669078]}