{"orig_r": [0.3610957804429811, 0.5162997994278049, 0.42497063649304884], "orig_f": [0.5681855001025479, 0.5590941296102308, 0.5636031544682966], "tmeasure1_r": [0.36985311995271253, 0.5145283272786815, 0.43035707667503725], "tmeasure0_r": [0.3610957804429811, 0.5162997994278049, 0.42497063649304884], "tmeasure1_f": [0.5713201839558166, 0.5557837773771488, 0.5634449009570421], "tmeasure0_f": [0.5681855001025479, 0.5590941296102308, 0.5636031544682966]}