{"orig_r": [0.23357576078053488, 0.6022631951065783, 0.3366057133286664], "orig_f": [0.4497706879135523, 0.5867263718488144, 0.5092003327900716], "tmeasure1_r": [0.15451297140745074, 0.5926310453725295, 0.24511789350453617], "tmeasure0_r": [0.23357576078053488, 0.6022631951065783, 0.3366057133286664], "tmeasure1_f": [0.45976470407590414, 0.579211843619098, 0.5126220846266258], "tmeasure0_f": [0.4497706879135523, 0.5867263718488144, 0.5092003327900716]}