{"orig_r": [0.4887490564077953, 0.655767299076597, 0.5600717667527398], "orig_f": [0.6065208507990986, 0.6697817266638711, 0.6365835028138487], "tmeasure1_r": [0.42592563812639134, 0.6491521823016559, 0.5143638018276413], "tmeasure0_r": [0.4887490564077953, 0.655767299076597, 0.5600717667527398], "tmeasure1_f": [0.6223006720236889, 0.6644657013965173, 0.6426923504640152], "tmeasure0_f": [0.6065208507990986, 0.6697817266638711, 0.6365835028138487]}