{"orig_r": [0.2591552385417731, 0.45914914365077303, 0.33131053853760467], "orig_f": [0.4770894080032284, 0.494783011239083, 0.48577514753663237], "tmeasure1_r": [0.3237307054016299, 0.4541147817328898, 0.37799511870992375], "tmeasure0_r": [0.2591552385417731, 0.45914914365077303, 0.33131053853760467], "tmeasure1_f": [0.48170297722103084, 0.4907345240371355, 0.4861768102278821], "tmeasure0_f": [0.4770894080032284, 0.494783011239083, 0.48577514753663237]}