{"orig_r": [0.26778370809878177, 0.516602110343813, 0.35272853095226253], "orig_f": [0.5528489953000485, 0.5435394497973755, 0.54815469840111], "tmeasure1_r": [0.3285706230786476, 0.5089910662793703, 0.39934852301342777], "tmeasure0_r": [0.26778370809878177, 0.516602110343813, 0.35272853095226253], "tmeasure1_f": [0.5570394621668396, 0.5372535061274432, 0.5469676088058316], "tmeasure0_f": [0.5528489953000485, 0.5435394497973755, 0.54815469840111]}