{"orig_r": [0.3236140840706241, 0.6133330222341564, 0.42368070275251896], "orig_f": [0.5126120653442418, 0.5669101881651284, 0.538395575404406], "tmeasure1_r": [0.337808841476583, 0.6179953928867091, 0.436834866813481], "tmeasure0_r": [0.3236140840706241, 0.6133330222341564, 0.42368070275251896], "tmeasure1_f": [0.5199879251823566, 0.5682093396158157, 0.5430302117711429], "tmeasure0_f": [0.5126120653442418, 0.5669101881651284, 0.538395575404406]}