{"orig_r": [0.3230032038926809, 0.6050982260135267, 0.4211795378699037], "orig_f": [0.5366721557663455, 0.5952013997354277, 0.5644235025343481], "tmeasure1_r": [0.33857328582443386, 0.6035922945740223, 0.4338095781121813], "tmeasure0_r": [0.3230032038926809, 0.6050982260135267, 0.4211795378699037], "tmeasure1_f": [0.5408728432393987, 0.5931412478612552, 0.5658024810995174], "tmeasure0_f": [0.5366721557663455, 0.5952013997354277, 0.5644235025343481]}