{"orig_r": [0.40492389437274195, 0.3889532914830714, 0.39677795085303424], "orig_f": [0.6065469035001766, 0.41014065622273005, 0.48937265466143465], "tmeasure1_r": [0.44354787581350075, 0.3844104134802595, 0.4118671786840787], "tmeasure0_r": [0.40492389437274195, 0.3889532914830714, 0.39677795085303424], "tmeasure1_f": [0.6128559433772125, 0.40543253534170226, 0.4880183643740142], "tmeasure0_f": [0.6065469035001766, 0.41014065622273005, 0.48937265466143465]}