{"orig_r": [0.3201707742324014, 0.4484083486622502, 0.3735913294723824], "orig_f": [0.4942886297243915, 0.4217307852862685, 0.4551360561922487], "tmeasure1_r": [0.3175717622218935, 0.44376874988064513, 0.3702112830681016], "tmeasure0_r": [0.3201707742324014, 0.4484083486622502, 0.3735913294723824], "tmeasure1_f": [0.4997713085989081, 0.4171749128389887, 0.4547530645302902], "tmeasure0_f": [0.4942886297243915, 0.4217307852862685, 0.4551360561922487]}