{"orig_r": [0.3319463057607554, 0.45312543306273095, 0.3831836152370645], "orig_f": [0.579446748543696, 0.4862708610588944, 0.52878561227339], "tmeasure1_r": [0.38009319554201854, 0.45089092115703794, 0.412476165595663], "tmeasure0_r": [0.3319463057607554, 0.45312543306273095, 0.3831836152370645], "tmeasure1_f": [0.5819548256627884, 0.484057886419146, 0.528511188861133], "tmeasure0_f": [0.579446748543696, 0.4862708610588944, 0.52878561227339]}