{"orig_r": [0.37165083752582434, 0.44487951529583425, 0.40498150224647456], "orig_f": [0.5788141081952327, 0.4640817534022304, 0.5151368916427299], "tmeasure1_r": [0.43275881283104056, 0.4424217382975484, 0.43753693106957803], "tmeasure0_r": [0.37165083752582434, 0.44487951529583425, 0.40498150224647456], "tmeasure1_f": [0.5804982188533149, 0.4619823020846132, 0.5145034331396204], "tmeasure0_f": [0.5788141081952327, 0.4640817534022304, 0.5151368916427299]}