{"orig_r": [0.20252320404281873, 0.6164175678867542, 0.30487885120816294], "orig_f": [0.5268387269974055, 0.6446078843820128, 0.5798034565491886], "tmeasure1_r": [0.23243245463206427, 0.6153701836601932, 0.33741815803648495], "tmeasure0_r": [0.20252320404281873, 0.6164175678867542, 0.30487885120816294], "tmeasure1_f": [0.5295027045062648, 0.6427356716816086, 0.5806502898238473], "tmeasure0_f": [0.5268387269974055, 0.6446078843820128, 0.5798034565491886]}