{"orig_r": [0.15813890992672458, 0.6062929003303509, 0.2508490543383075], "orig_f": [0.6347553980383129, 0.716034052555864, 0.672949407236129], "tmeasure1_r": [0.19097797255868657, 0.6063146904111771, 0.2904648586027465], "tmeasure0_r": [0.15813890992672458, 0.6062929003303509, 0.2508490543383075], "tmeasure1_f": [0.6391671848009705, 0.7150773594712756, 0.6749947558604076], "tmeasure0_f": [0.6347553980383129, 0.716034052555864, 0.672949407236129]}