{"orig_r": [0.08390948736312352, 0.33007014172652105, 0.13380376443667238], "orig_f": [0.10098036499942442, 0.4382822373197199, 0.16414229396577787], "tmeasure1_r": [0.09870114501282126, 0.3260927286512715, 0.15153573388719205], "tmeasure0_r": [0.08390948736312352, 0.33007014172652105, 0.13380376443667238], "tmeasure1_f": [0.10243234219215121, 0.43687555821988155, 0.16595412987933872], "tmeasure0_f": [0.10098036499942442, 0.4382822373197199, 0.16414229396577787]}