{"orig_r": [0.20841014807225247, 0.43310510274492053, 0.2814071792648354], "orig_f": [0.5479924483298109, 0.44180385847267356, 0.4892020235317167], "tmeasure1_r": [0.40564181124344534, 0.42665323551283524, 0.4158823049609762], "tmeasure0_r": [0.20841014807225247, 0.43310510274492053, 0.2814071792648354], "tmeasure1_f": [0.5499578146858357, 0.43525571577380395, 0.48592975000009214], "tmeasure0_f": [0.5479924483298109, 0.44180385847267356, 0.4892020235317167]}