{"orig_r": [0.23561410645439676, 0.4203323582948021, 0.30196437769160217], "orig_f": [0.5412046523816543, 0.4221949906964097, 0.47434913396290596], "tmeasure1_r": [0.4541986311506666, 0.41393416756771223, 0.43313265567964143], "tmeasure0_r": [0.23561410645439676, 0.4203323582948021, 0.30196437769160217], "tmeasure1_f": [0.5436837721546144, 0.4160944604762109, 0.47140849448991723], "tmeasure0_f": [0.5412046523816543, 0.4221949906964097, 0.47434913396290596]}