{"orig_r": [0.5411992216833085, 0.4719785081621423, 0.5042242713083798], "orig_f": [0.594486816162762, 0.4966273767067721, 0.541168706130057], "tmeasure1_r": [0.6445484624044382, 0.46916738675638336, 0.5430489616754448], "tmeasure0_r": [0.5411992216833085, 0.4719785081621423, 0.5042242713083798], "tmeasure1_f": [0.5974713675211398, 0.4941278164908509, 0.5409077371493906], "tmeasure0_f": [0.594486816162762, 0.4966273767067721, 0.541168706130057]}