{"orig_r": [0.5160777659933032, 0.47041452357415225, 0.4921893034225325], "orig_f": [0.5970013885141623, 0.4984590525870975, 0.5432980240031213], "tmeasure1_r": [0.6496904202992493, 0.4677871445051427, 0.5439336521755239], "tmeasure0_r": [0.5160777659933032, 0.47041452357415225, 0.4921893034225325], "tmeasure1_f": [0.5998655917553445, 0.4958056213154243, 0.5428941253142027], "tmeasure0_f": [0.5970013885141623, 0.4984590525870975, 0.5432980240031213]}