{"orig_r": [0.3321850112211028, 0.4860333102053097, 0.39464523434996446], "orig_f": [0.45644355534873515, 0.4910529510360813, 0.47311616100960247], "tmeasure1_r": [0.3449930070937332, 0.4842372743876394, 0.4029241989075085], "tmeasure0_r": [0.3321850112211028, 0.4860333102053097, 0.39464523434996446], "tmeasure1_f": [0.4594481562419285, 0.48944877576556195, 0.4739742115608007], "tmeasure0_f": [0.45644355534873515, 0.4910529510360813, 0.47311616100960247]}