{"orig_r": [0.3701776020527375, 0.4932009367601779, 0.42292443439946986], "orig_f": [0.4962545806647886, 0.5010509108672111, 0.4986412122972654], "tmeasure1_r": [0.39729440091856755, 0.4911873717153617, 0.4392796759485669], "tmeasure0_r": [0.3701776020527375, 0.4932009367601779, 0.42292443439946986], "tmeasure1_f": [0.4997227557416016, 0.49924662665034586, 0.4994845777295775], "tmeasure0_f": [0.4962545806647886, 0.5010509108672111, 0.4986412122972654]}