{"orig_r": [0.2537487918174275, 0.5118219543839995, 0.339287265598844], "orig_f": [0.5580960831393961, 0.5436247037002845, 0.5507653508167722], "tmeasure1_r": [0.3321793476008968, 0.5052275110095524, 0.4008234307410863], "tmeasure0_r": [0.2537487918174275, 0.5118219543839995, 0.339287265598844], "tmeasure1_f": [0.5628147440071947, 0.5377501919906881, 0.5499970546865418], "tmeasure0_f": [0.5580960831393961, 0.5436247037002845, 0.5507653508167722]}