{"orig_r": [0.25257599671238146, 0.5115336911481663, 0.338174306506872], "orig_f": [0.5572464182043183, 0.5415094146450795, 0.5492652192841608], "tmeasure1_r": [0.33941082139729356, 0.5056160364656906, 0.4061682836506712], "tmeasure0_r": [0.25257599671238146, 0.5115336911481663, 0.338174306506872], "tmeasure1_f": [0.5619895534466396, 0.5360563694946779, 0.5487167219883952], "tmeasure0_f": [0.5572464182043183, 0.5415094146450795, 0.5492652192841608]}