{"orig_r": [0.3245926333595439, 0.7000219057240941, 0.4435267022300223], "orig_f": [0.6049460320012148, 0.7258949152579095, 0.6599244628586397], "tmeasure1_r": [0.4622937115294688, 0.6964482448784131, 0.5557124124703626], "tmeasure0_r": [0.3245926333595439, 0.7000219057240941, 0.4435267022300223], "tmeasure1_f": [0.6037565060507935, 0.7208132884146763, 0.6571125422709055], "tmeasure0_f": [0.6049460320012148, 0.7258949152579095, 0.6599244628586397]}