{"orig_r": [0.37038959307333946, 0.6068709607339225, 0.4600179293404604], "orig_f": [0.6611832924449768, 0.6541904738576019, 0.6576682954642574], "tmeasure1_r": [0.4688112084402433, 0.601453497247653, 0.5269129017648995], "tmeasure0_r": [0.37038959307333946, 0.6068709607339225, 0.4600179293404604], "tmeasure1_f": [0.6615421036348593, 0.6505722932173035, 0.6560113423860571], "tmeasure0_f": [0.6611832924449768, 0.6541904738576019, 0.6576682954642574]}