{"orig_r": [0.32144238752677745, 0.48838208867240807, 0.38770550711179175], "orig_f": [0.5962054654202424, 0.5201051514658467, 0.5555613808675315], "tmeasure1_r": [0.34199422861119133, 0.4825471493156039, 0.4002912273818499], "tmeasure0_r": [0.32144238752677745, 0.48838208867240807, 0.38770550711179175], "tmeasure1_f": [0.6116597728521537, 0.5143436758069604, 0.5587963985131098], "tmeasure0_f": [0.5962054654202424, 0.5201051514658467, 0.5555613808675315]}