{"orig_r": [0.3781247307346682, 0.49063875937419127, 0.42709586875735545], "orig_f": [0.5993046576312772, 0.5233927048806196, 0.5587822618615335], "tmeasure1_r": [0.41664415185289033, 0.4848648074864724, 0.4481732197682344], "tmeasure0_r": [0.3781247307346682, 0.49063875937419127, 0.42709586875735545], "tmeasure1_f": [0.615353231765206, 0.5178824516453395, 0.5624260601031514], "tmeasure0_f": [0.5993046576312772, 0.5233927048806196, 0.5587822618615335]}