{"orig_r": [0.2505038529059428, 0.26031414443550144, 0.2553147950400789], "orig_f": [0.3903810355843445, 0.26284470405844584, 0.3141627206065322], "tmeasure1_r": [0.3009864672511476, 0.2553031685850707, 0.27626902908206796], "tmeasure0_r": [0.2505038529059428, 0.26031414443550144, 0.2553147950400789], "tmeasure1_f": [0.40601733231996845, 0.2581292639068532, 0.31560789657163074], "tmeasure0_f": [0.3903810355843445, 0.26284470405844584, 0.3141627206065322]}