{"orig_r": [0.23918111493402594, 0.26311778471482855, 0.2505791079815567], "orig_f": [0.3912169676445356, 0.26449097754250106, 0.3156080659477173], "tmeasure1_r": [0.2996175970242617, 0.2579806136180277, 0.2772445465420069], "tmeasure0_r": [0.23918111493402594, 0.26311778471482855, 0.2505791079815567], "tmeasure1_f": [0.4058043761661567, 0.2596692125885868, 0.3166914648596337], "tmeasure0_f": [0.3912169676445356, 0.26449097754250106, 0.3156080659477173]}