{"orig_r": [0.46593230548931447, 0.6096055405588796, 0.5281727946539059], "orig_f": [0.5887228291228468, 0.6262830608428306, 0.6069223835968776], "tmeasure1_r": [0.5085858940257032, 0.603782580276797, 0.5521107627214432], "tmeasure0_r": [0.46593230548931447, 0.6096055405588796, 0.5281727946539059], "tmeasure1_f": [0.5907028449356159, 0.6200446915472024, 0.6050182259269978], "tmeasure0_f": [0.5887228291228468, 0.6262830608428306, 0.6069223835968776]}