{"orig_r": [0.47757770430991575, 0.5418147975964126, 0.5076722983803419], "orig_f": [0.5985663504326034, 0.5731908362687972, 0.5856038279272894], "tmeasure1_r": [0.5234693420010738, 0.5351156138957321, 0.529228413345799], "tmeasure0_r": [0.47757770430991575, 0.5418147975964126, 0.5076722983803419], "tmeasure1_f": [0.6000728260192486, 0.5663587502298293, 0.5827285589850509], "tmeasure0_f": [0.5985663504326034, 0.5731908362687972, 0.5856038279272894]}