{"orig_r": [0.3060070659796062, 0.45709712061272534, 0.36659463073068105], "orig_f": [0.410028308214351, 0.46671984118724585, 0.43654120518575557], "tmeasure1_r": [0.429441667572361, 0.4575730544980296, 0.4430612720861221], "tmeasure0_r": [0.3060070659796062, 0.45709712061272534, 0.36659463073068105], "tmeasure1_f": [0.41335801514157683, 0.46545916478675636, 0.43786416761083324], "tmeasure0_f": [0.410028308214351, 0.46671984118724585, 0.43654120518575557]}