{"orig_r": [0.3944182291361029, 0.4114845908250703, 0.4027707053757108], "orig_f": [0.5740199606168419, 0.443886834585619, 0.5006350375261854], "tmeasure1_r": [0.460144212935116, 0.40795958558661843, 0.4324834028805157], "tmeasure0_r": [0.3944182291361029, 0.4114845908250703, 0.4027707053757108], "tmeasure1_f": [0.5768846953937261, 0.44103594522658995, 0.4998953292953739], "tmeasure0_f": [0.5740199606168419, 0.443886834585619, 0.5006350375261854]}