{"orig_r": [0.22979423124712095, 0.5592567116348693, 0.3257431406153152], "orig_f": [0.6035822435021004, 0.6095188801784515, 0.6065360355760021], "tmeasure1_r": [0.2549860134646902, 0.5561012294622653, 0.34964928081396524], "tmeasure0_r": [0.22979423124712095, 0.5592567116348693, 0.3257431406153152], "tmeasure1_f": [0.6036900947254724, 0.5961627159004415, 0.5999027934867922], "tmeasure0_f": [0.6035822435021004, 0.6095188801784515, 0.6065360355760021]}