{"orig_r": [0.32406509791404753, 0.5375357478752878, 0.40435562620164284], "orig_f": [0.4707954308222144, 0.5188574825175697, 0.4936594006333612], "tmeasure1_r": [0.36562990329298084, 0.5360147551406855, 0.43472341626502975], "tmeasure0_r": [0.32406509791404753, 0.5375357478752878, 0.40435562620164284], "tmeasure1_f": [0.4749513917675725, 0.5161716849273941, 0.49470437307299103], "tmeasure0_f": [0.4707954308222144, 0.5188574825175697, 0.4936594006333612]}