{"orig_r": [0.31651666780055115, 0.5006834034256309, 0.3878478430319609], "orig_f": [0.5926494894463767, 0.5110847045728858, 0.5488533215157179], "tmeasure1_r": [0.32292709518875434, 0.49655513731016554, 0.391347369676709], "tmeasure0_r": [0.31651666780055115, 0.5006834034256309, 0.3878478430319609], "tmeasure1_f": [0.5979562631725917, 0.5072438590937381, 0.5488773234642207], "tmeasure0_f": [0.5926494894463767, 0.5110847045728858, 0.5488533215157179]}