{"orig_r": [0.2888159533441997, 0.4687348808211103, 0.3574099726764661], "orig_f": [0.603065676256722, 0.4994835632814451, 0.5464089621895104], "tmeasure1_r": [0.2745711534165295, 0.4645864143003239, 0.3451551690936738], "tmeasure0_r": [0.2888159533441997, 0.4687348808211103, 0.3574099726764661], "tmeasure1_f": [0.6084605433144241, 0.49576126840780116, 0.5463597395512074], "tmeasure0_f": [0.603065676256722, 0.4994835632814451, 0.5464089621895104]}