{"orig_r": [0.27824454157074374, 0.5772038349763866, 0.37548453152516226], "orig_f": [0.5663994429220238, 0.5484871106897603, 0.5572993825033913], "tmeasure1_r": [0.3223780213846263, 0.5673883655910041, 0.4111495811335805], "tmeasure0_r": [0.27824454157074374, 0.5772038349763866, 0.37548453152516226], "tmeasure1_f": [0.5731954983955425, 0.5406092910840264, 0.5564257129563254], "tmeasure0_f": [0.5663994429220238, 0.5484871106897603, 0.5572993825033913]}