{"orig_r": [0.26294487371919834, 0.5856038921003365, 0.362929150710808], "orig_f": [0.6112331133865495, 0.5774072332032532, 0.5938388712032058], "tmeasure1_r": [0.28625276210770606, 0.5771129588951395, 0.38268875984558626], "tmeasure0_r": [0.26294487371919834, 0.5856038921003365, 0.362929150710808], "tmeasure1_f": [0.6179652653031982, 0.5687440663841076, 0.5923338908491612], "tmeasure0_f": [0.6112331133865495, 0.5774072332032532, 0.5938388712032058]}