{"orig_r": [0.36744054946919846, 0.6980329760752331, 0.4814490724124666], "orig_f": [0.6479006019411166, 0.7720082683476187, 0.7045305966209364], "tmeasure1_r": [0.402246936563509, 0.6941816134002942, 0.5093490632256902], "tmeasure0_r": [0.36744054946919846, 0.6980329760752331, 0.4814490724124666], "tmeasure1_f": [0.6505968674532259, 0.7674348957267481, 0.7042024757110413], "tmeasure0_f": [0.6479006019411166, 0.7720082683476187, 0.7045305966209364]}