{"orig_r": [0.4521316629770565, 0.5996843261399009, 0.5155583760740106], "orig_f": [0.6773312446463358, 0.6573445028028451, 0.6671882232007528], "tmeasure1_r": [0.5783764796752804, 0.5925129099384865, 0.5853593585392739], "tmeasure0_r": [0.4521316629770565, 0.5996843261399009, 0.5155583760740106], "tmeasure1_f": [0.6807567524680849, 0.6509975745586476, 0.6655446665010146], "tmeasure0_f": [0.6773312446463358, 0.6573445028028451, 0.6671882232007528]}