{"orig_r": [0.3699909370391486, 0.5094976343738801, 0.4286798334590135], "orig_f": [0.5452355071538838, 0.533739663893893, 0.5394263448133493], "tmeasure1_r": [0.3438875024887857, 0.5087610125215962, 0.4103837651264478], "tmeasure0_r": [0.3699909370391486, 0.5094976343738801, 0.4286798334590135], "tmeasure1_f": [0.5565073514043595, 0.5329663721685184, 0.5444825290332059], "tmeasure0_f": [0.5452355071538838, 0.533739663893893, 0.5394263448133493]}