{"orig_r": [0.3054739670762976, 0.48380978481192755, 0.37449470845754573], "orig_f": [0.5664508874566486, 0.505463116713761, 0.5342220176714758], "tmeasure1_r": [0.2879858293846837, 0.4831905853769319, 0.36088251356509893], "tmeasure0_r": [0.3054739670762976, 0.48380978481192755, 0.37449470845754573], "tmeasure1_f": [0.577463924077982, 0.50501276431337, 0.5388137328356669], "tmeasure0_f": [0.5664508874566486, 0.505463116713761, 0.5342220176714758]}