{"orig_r": [0.32301339137988616, 0.6132956364024991, 0.4231566663456317], "orig_f": [0.49100726426282093, 0.6252210287359002, 0.550045306689879], "tmeasure1_r": [0.32972781304902765, 0.6107617782902734, 0.4282559792348262], "tmeasure0_r": [0.32301339137988616, 0.6132956364024991, 0.4231566663456317], "tmeasure1_f": [0.4952259270025711, 0.6218616325177911, 0.5513659172127623], "tmeasure0_f": [0.49100726426282093, 0.6252210287359002, 0.550045306689879]}