{"orig_r": [0.3268457532221077, 0.6170620054413877, 0.4273385701136828], "orig_f": [0.48635823481774926, 0.6238756123985008, 0.5466002362525271], "tmeasure1_r": [0.3339059880454181, 0.6146593469036311, 0.43273442319127636], "tmeasure0_r": [0.3268457532221077, 0.6170620054413877, 0.4273385701136828], "tmeasure1_f": [0.49043190387878205, 0.6204358912437945, 0.5478267651891875], "tmeasure0_f": [0.48635823481774926, 0.6238756123985008, 0.5466002362525271]}