{"orig_r": [0.2704766074763248, 0.6808677558683013, 0.3871548680854796], "orig_f": [0.4770212711835661, 0.7003767608465663, 0.5675134553951883], "tmeasure1_r": [0.2818252520300292, 0.6763472311822173, 0.3978651698464985], "tmeasure0_r": [0.2704766074763248, 0.6808677558683013, 0.3871548680854796], "tmeasure1_f": [0.47867086411985493, 0.697017867918713, 0.5675688403768494], "tmeasure0_f": [0.4770212711835661, 0.7003767608465663, 0.5675134553951883]}