{"orig_r": [0.3729247224945535, 0.5218283569417732, 0.4349863659030817], "orig_f": [0.5489693314390941, 0.5911558300566138, 0.5692820959705199], "tmeasure1_r": [0.33962490263049944, 0.5196755852847258, 0.4107870821299591], "tmeasure0_r": [0.3729247224945535, 0.5218283569417732, 0.4349863659030817], "tmeasure1_f": [0.5541184287648087, 0.5893379820359602, 0.5711858074038789], "tmeasure0_f": [0.5489693314390941, 0.5911558300566138, 0.5692820959705199]}