{"orig_r": [0.33801747553634065, 0.5382699165296324, 0.41526248121302445], "orig_f": [0.47256946790419113, 0.5110482598581721, 0.4910562252348622], "tmeasure1_r": [0.2581313858877205, 0.5375051005559351, 0.34876966778734503], "tmeasure0_r": [0.33801747553634065, 0.5382699165296324, 0.41526248121302445], "tmeasure1_f": [0.47516954232596215, 0.5094392283116451, 0.49170800053502967], "tmeasure0_f": [0.47256946790419113, 0.5110482598581721, 0.4910562252348622]}