{"orig_r": [0.22799053060911467, 0.39144008687837745, 0.2881505388644477], "orig_f": [0.19420231111882133, 0.3230011540089085, 0.2425643864821556], "tmeasure1_r": [0.2252804307280701, 0.3934009310623648, 0.28649814483525166], "tmeasure0_r": [0.22799053060911467, 0.39144008687837745, 0.2881505388644477], "tmeasure1_f": [0.19515688397039804, 0.32459398051613575, 0.24375813152579526], "tmeasure0_f": [0.19420231111882133, 0.3230011540089085, 0.2425643864821556]}