{"orig_r": [0.5088842535394348, 0.5375513554545385, 0.5228251368903285], "orig_f": [0.5419178037521297, 0.5425320288967156, 0.5422247423779123], "tmeasure1_r": [0.6654891439584775, 0.5350258069544923, 0.5931685665306646], "tmeasure0_r": [0.5088842535394348, 0.5375513554545385, 0.5228251368903285], "tmeasure1_f": [0.5438659878923826, 0.5407175508196113, 0.5422871995577068], "tmeasure0_f": [0.5419178037521297, 0.5425320288967156, 0.5422247423779123]}