{"orig_r": [0.45813920223809945, 0.5461269976453187, 0.49827861786239513], "orig_f": [0.4026448283114473, 0.5444509811046694, 0.4629317744443146], "tmeasure1_r": [0.6311732701792904, 0.5398500404158121, 0.5819506961693359], "tmeasure0_r": [0.45813920223809945, 0.5461269976453187, 0.49827861786239513], "tmeasure1_f": [0.4026778812354442, 0.5407238898089188, 0.46160089362690887], "tmeasure0_f": [0.4026448283114473, 0.5444509811046694, 0.4629317744443146]}