{"orig_r": [0.44639437450848957, 0.5130508697096404, 0.4774071755636387], "orig_f": [0.5696565768725029, 0.5263852164076176, 0.5471667272790186], "tmeasure1_r": [0.4318612691291629, 0.5106821017308679, 0.46797596247227125], "tmeasure0_r": [0.44639437450848957, 0.5130508697096404, 0.4774071755636387], "tmeasure1_f": [0.5757684905200572, 0.5242017942183832, 0.5487764169134679], "tmeasure0_f": [0.5696565768725029, 0.5263852164076176, 0.5471667272790186]}