{"orig_r": [0.47445699639395944, 0.49418747695220266, 0.48412128995125936], "orig_f": [0.6227433619096446, 0.5419311240351177, 0.5795336193551816], "tmeasure1_r": [0.4836764036645487, 0.49214163358802365, 0.48787230065483983], "tmeasure0_r": [0.47445699639395944, 0.49418747695220266, 0.48412128995125936], "tmeasure1_f": [0.6261142410849819, 0.5377187731631462, 0.5785595999675128], "tmeasure0_f": [0.6227433619096446, 0.5419311240351177, 0.5795336193551816]}