{"orig_r": [0.36003206659534276, 0.4458862779204711, 0.3983861620687121], "orig_f": [0.5932485414082378, 0.4922619054682076, 0.5380577556856876], "tmeasure1_r": [0.35024197837498394, 0.4416958240980844, 0.390688306048739], "tmeasure0_r": [0.36003206659534276, 0.4458862779204711, 0.3983861620687121], "tmeasure1_f": [0.5968990693762317, 0.48619110769322893, 0.5358870865329176], "tmeasure0_f": [0.5932485414082378, 0.4922619054682076, 0.5380577556856876]}