{"orig_r": [0.3771555212534715, 0.4692366693399833, 0.4181872247476117], "orig_f": [0.541618108185283, 0.5057249348597543, 0.5230564795360694], "tmeasure1_r": [0.28121775013650246, 0.4653824338990385, 0.3505860400589108], "tmeasure0_r": [0.3771555212534715, 0.4692366693399833, 0.4181872247476117], "tmeasure1_f": [0.54776719358053, 0.5012268684710243, 0.52346461247373], "tmeasure0_f": [0.541618108185283, 0.5057249348597543, 0.5230564795360694]}