{"orig_r": [0.24296709960450733, 0.5763782332008545, 0.3418362001684805], "orig_f": [0.5851233661506616, 0.6205360714385931, 0.6023096466844147], "tmeasure1_r": [0.29671807412103735, 0.5740387810178793, 0.39121754958159866], "tmeasure0_r": [0.24296709960450733, 0.5763782332008545, 0.3418362001684805], "tmeasure1_f": [0.5913671996874775, 0.6184904349041246, 0.6046247857025029], "tmeasure0_f": [0.5851233661506616, 0.6205360714385931, 0.6023096466844147]}