{"orig_r": [0.2467923405532979, 0.5675028073083215, 0.34399160170358467], "orig_f": [0.5851192791168687, 0.6020315942284493, 0.5934549690855749], "tmeasure1_r": [0.30520242738092396, 0.5652734959948955, 0.3963873979252107], "tmeasure0_r": [0.2467923405532979, 0.5675028073083215, 0.34399160170358467], "tmeasure1_f": [0.591474962237753, 0.6001260239196748, 0.5957690895849714], "tmeasure0_f": [0.5851192791168687, 0.6020315942284493, 0.5934549690855749]}