{"orig_r": [0.28969447436591755, 0.3077755207269199, 0.2984614070396202], "orig_f": [0.47147470219691984, 0.3626162575991622, 0.4099418416071164], "tmeasure1_r": [0.2738999206413318, 0.30112781109106174, 0.28686923780964285], "tmeasure0_r": [0.28969447436591755, 0.3077755207269199, 0.2984614070396202], "tmeasure1_f": [0.47120395447683167, 0.35523180462442083, 0.40508080453101647], "tmeasure0_f": [0.47147470219691984, 0.3626162575991622, 0.4099418416071164]}