{"orig_r": [0.20468519476061992, 0.415472351490906, 0.27425624245513114], "orig_f": [0.3421704646206355, 0.4734513590134462, 0.3972455537471785], "tmeasure1_r": [0.13756953113804726, 0.40398376801978503, 0.20524612310658732], "tmeasure0_r": [0.20468519476061992, 0.415472351490906, 0.27425624245513114], "tmeasure1_f": [0.3455333777749036, 0.46520901327662667, 0.39653839123995166], "tmeasure0_f": [0.3421704646206355, 0.4734513590134462, 0.3972455537471785]}