{"orig_r": [0.13271582244211158, 0.33451315060191644, 0.19003610846561014], "orig_f": [0.652389425727654, 0.38226124067996364, 0.48206259249031097], "tmeasure1_r": [0.5096153846153847, 0.33206923690359463, 0.4021163926653654], "tmeasure0_r": [0.13271582244211158, 0.33451315060191644, 0.19003610846561014], "tmeasure1_f": [0.6562812130437986, 0.3800677963114707, 0.48136554799690673], "tmeasure0_f": [0.652389425727654, 0.38226124067996364, 0.48206259249031097]}