{"orig_r": [0.13271582244211158, 0.37306246310063895, 0.1957825910202952], "orig_f": [0.7320662039118462, 0.41368193865244896, 0.5286372374619793], "tmeasure1_r": [0.5096153846153847, 0.3701585886399608, 0.4288340352248433], "tmeasure0_r": [0.13271582244211158, 0.37306246310063895, 0.1957825910202952], "tmeasure1_f": [0.7338567283176997, 0.4093548290837815, 0.525550662338127], "tmeasure0_f": [0.7320662039118462, 0.41368193865244896, 0.5286372374619793]}