{"orig_r": [0.3461815072219203, 0.33409346104873344, 0.3400300857544512], "orig_f": [0.4139866262929524, 0.3469944131168602, 0.3775417230898739], "tmeasure1_r": [0.36303744439621255, 0.326027783135111, 0.3435387201747976], "tmeasure0_r": [0.3461815072219203, 0.33409346104873344, 0.3400300857544512], "tmeasure1_f": [0.4182525585971062, 0.33891100676224134, 0.3744247668540529], "tmeasure0_f": [0.4139866262929524, 0.3469944131168602, 0.3775417230898739]}