{"orig_r": [0.4225411633181368, 0.38418758634573813, 0.4024526700816168], "orig_f": [0.5549703035414745, 0.4111675218841024, 0.47236689925870967], "tmeasure1_r": [0.32859099387283147, 0.3757294187935205, 0.35058277718016345], "tmeasure0_r": [0.4225411633181368, 0.38418758634573813, 0.4024526700816168], "tmeasure1_f": [0.5710609385003097, 0.4022140369098193, 0.47199143345678013], "tmeasure0_f": [0.5549703035414745, 0.4111675218841024, 0.47236689925870967]}