{"orig_r": [0.40911067007040336, 0.5584949721175344, 0.47227143437755387], "orig_f": [0.5716432880753916, 0.5693643387059077, 0.5705015375030451], "tmeasure1_r": [0.3273229210216354, 0.5551043206376433, 0.4118149556697411], "tmeasure0_r": [0.40911067007040336, 0.5584949721175344, 0.47227143437755387], "tmeasure1_f": [0.5742020667848861, 0.5619251943127463, 0.56799729924824], "tmeasure0_f": [0.5716432880753916, 0.5693643387059077, 0.5705015375030451]}