{"orig_r": [0.3164497126000991, 0.5116154224990169, 0.39103337780840963], "orig_f": [0.4799024850529334, 0.526259638460407, 0.5020131495277045], "tmeasure1_r": [0.28568765525460416, 0.506533629395116, 0.3653282427358131], "tmeasure0_r": [0.3164497126000991, 0.5116154224990169, 0.39103337780840963], "tmeasure1_f": [0.48181205331098387, 0.5197580560699552, 0.5000662337552713], "tmeasure0_f": [0.4799024850529334, 0.526259638460407, 0.5020131495277045]}