{"orig_r": [0.2829532710676902, 0.5327847168948088, 0.3696117641812945], "orig_f": [0.5371732934093828, 0.5466948326372582, 0.5418922407263596], "tmeasure1_r": [0.2167954364830244, 0.5316111106119105, 0.30798999076558053], "tmeasure0_r": [0.2829532710676902, 0.5327847168948088, 0.3696117641812945], "tmeasure1_f": [0.541503357605016, 0.546188474519544, 0.5438358257408055], "tmeasure0_f": [0.5371732934093828, 0.5466948326372582, 0.5418922407263596]}