{"orig_r": [0.26323868013303353, 0.5398088595292725, 0.3538982804588591], "orig_f": [0.5158709582185884, 0.5535397514803837, 0.5340419343446554], "tmeasure1_r": [0.26675215194477747, 0.5391787848148851, 0.3569216531396946], "tmeasure0_r": [0.26323868013303353, 0.5398088595292725, 0.3538982804588591], "tmeasure1_f": [0.5197185186800117, 0.5531110426624712, 0.5358950985623127], "tmeasure0_f": [0.5158709582185884, 0.5535397514803837, 0.5340419343446554]}