{"orig_r": [0.3725942090403139, 0.3605191541523067, 0.3664572379373423], "orig_f": [0.4919700868124214, 0.4335175644237028, 0.4608979353087532], "tmeasure1_r": [0.46753628616410575, 0.36047452162601623, 0.4070838629452509], "tmeasure0_r": [0.3725942090403139, 0.3605191541523067, 0.3664572379373423], "tmeasure1_f": [0.49842879860979433, 0.43276263627338896, 0.463280379953263], "tmeasure0_f": [0.4919700868124214, 0.4335175644237028, 0.4608979353087532]}