{"orig_r": [0.3778124392435747, 0.3869056098687932, 0.3823049616554094], "orig_f": [0.498012340596568, 0.4358833793883136, 0.46488124391410646], "tmeasure1_r": [0.44911239483877463, 0.3901520895439519, 0.41756119208430703], "tmeasure0_r": [0.3778124392435747, 0.3869056098687932, 0.3823049616554094], "tmeasure1_f": [0.5029544905119655, 0.43361922621194027, 0.46572038719705067], "tmeasure0_f": [0.498012340596568, 0.4358833793883136, 0.46488124391410646]}