{"orig_r": [0.3848327787797273, 0.5265172274021439, 0.44466140631402834], "orig_f": [0.5564589449427705, 0.5387218279758856, 0.5474467547749173], "tmeasure1_r": [0.39040816691809704, 0.5226647507938817, 0.44695792266288653], "tmeasure0_r": [0.3848327787797273, 0.5265172274021439, 0.44466140631402834], "tmeasure1_f": [0.5593813416580571, 0.5347159576441523, 0.5467706208281922], "tmeasure0_f": [0.5564589449427705, 0.5387218279758856, 0.5474467547749173]}