{"orig_r": [0.40275925911825916, 0.5044155442083215, 0.4478916965685183], "orig_f": [0.4838822905694445, 0.5076838588800403, 0.4954974081283391], "tmeasure1_r": [0.38851131782644155, 0.5001552034299163, 0.4373203053212657], "tmeasure0_r": [0.40275925911825916, 0.5044155442083215, 0.4478916965685183], "tmeasure1_f": [0.48637424908715926, 0.5035241551123274, 0.4948006417649532], "tmeasure0_f": [0.4838822905694445, 0.5076838588800403, 0.4954974081283391]}