{"orig_r": [0.40028333860597365, 0.45249497188333465, 0.42479081801212915], "orig_f": [0.6954135011349585, 0.4860020651634827, 0.5721482048066759], "tmeasure1_r": [0.33215066782279057, 0.4476115848319444, 0.3813328647827698], "tmeasure0_r": [0.40028333860597365, 0.45249497188333465, 0.42479081801212915], "tmeasure1_f": [0.7013660947788984, 0.4809085371632289, 0.5705830668157603], "tmeasure0_f": [0.6954135011349585, 0.4860020651634827, 0.5721482048066759]}