{"orig_r": [0.5146359107905977, 0.2915583166744997, 0.3722338234103782], "orig_f": [0.6132397318548367, 0.31779151342287104, 0.4186376847515031], "tmeasure1_r": [0.5963098084024083, 0.2884757633694494, 0.3888420712808154], "tmeasure0_r": [0.5146359107905977, 0.2915583166744997, 0.3722338234103782], "tmeasure1_f": [0.6153776048754179, 0.31364631247720154, 0.41551334243414995], "tmeasure0_f": [0.6132397318548367, 0.31779151342287104, 0.4186376847515031]}