{"orig_r": [0.5273659858167034, 0.297807196474114, 0.38065557418110363], "orig_f": [0.6425142786478779, 0.32834641757893307, 0.4345984186140279], "tmeasure1_r": [0.5959954504612303, 0.29408548665359224, 0.39383746979317036], "tmeasure0_r": [0.5273659858167034, 0.297807196474114, 0.38065557418110363], "tmeasure1_f": [0.6442471802867524, 0.3237210767786723, 0.43091576483371113], "tmeasure0_f": [0.6425142786478779, 0.32834641757893307, 0.4345984186140279]}