{"orig_r": [0.34259957758843035, 0.4485249226859303, 0.38847096505491246], "orig_f": [0.6914599019922009, 0.5860629223452594, 0.634413731208721], "tmeasure1_r": [0.2823654442280374, 0.4354054726821142, 0.34257019006133255], "tmeasure0_r": [0.34259957758843035, 0.4485249226859303, 0.38847096505491246], "tmeasure1_f": [0.7050686906036463, 0.5783973516992293, 0.6354821241385931], "tmeasure0_f": [0.6914599019922009, 0.5860629223452594, 0.634413731208721]}