{"orig_r": [0.17306211752634026, 0.4184438168778712, 0.24485560939512677], "orig_f": [0.5543752696196665, 0.45038115940918205, 0.49699642513442327], "tmeasure1_r": [0.09394799832793228, 0.4128589157645014, 0.15306527061641909], "tmeasure0_r": [0.17306211752634026, 0.4184438168778712, 0.24485560939512677], "tmeasure1_f": [0.5647799947768909, 0.44459841747945145, 0.49753450014956135], "tmeasure0_f": [0.5543752696196665, 0.45038115940918205, 0.49699642513442327]}