{"orig_r": [0.5139018666491707, 0.3087481277744976, 0.3857442175002002], "orig_f": [0.6022093066064803, 0.33107751294310567, 0.42725977765053524], "tmeasure1_r": [0.5605471487473995, 0.30776482413951434, 0.3973610868973187], "tmeasure0_r": [0.5139018666491707, 0.3087481277744976, 0.3857442175002002], "tmeasure1_f": [0.606223106265061, 0.32999049078946396, 0.42735516978967797], "tmeasure0_f": [0.6022093066064803, 0.33107751294310567, 0.42725977765053524]}