{"orig_r": [0.42341894702055516, 0.3133365378788737, 0.36015375426719637], "orig_f": [0.5011880041109614, 0.3264062056381683, 0.39534079094829633], "tmeasure1_r": [0.4270597394951329, 0.31138842159471775, 0.36016464043130114], "tmeasure0_r": [0.42341894702055516, 0.3133365378788737, 0.36015375426719637], "tmeasure1_f": [0.5030048010459629, 0.32438696097755837, 0.3944158166848722], "tmeasure0_f": [0.5011880041109614, 0.3264062056381683, 0.39534079094829633]}