{"orig_r": [0.3757559642257813, 0.599181008816563, 0.4618674723373431], "orig_f": [0.4485727688855039, 0.6134895378457594, 0.5182270360780138], "tmeasure1_r": [0.3682075424542014, 0.5941249528621356, 0.45464803458013586], "tmeasure0_r": [0.3757559642257813, 0.599181008816563, 0.4618674723373431], "tmeasure1_f": [0.4546391886685914, 0.6105753422582316, 0.5211935627348283], "tmeasure0_f": [0.4485727688855039, 0.6134895378457594, 0.5182270360780138]}