{"orig_r": [0.37796370762131404, 0.5680378652488792, 0.453905582772689], "orig_f": [0.43942685704272716, 0.5732909481065218, 0.4975116231127536], "tmeasure1_r": [0.37499226190216056, 0.5655999377248048, 0.4509831148148196], "tmeasure0_r": [0.37796370762131404, 0.5680378652488792, 0.453905582772689], "tmeasure1_f": [0.4490667088165301, 0.5735124073022284, 0.5037171699539121], "tmeasure0_f": [0.43942685704272716, 0.5732909481065218, 0.4975116231127536]}