{"orig_r": [0.24768608641682796, 0.4633410667410584, 0.32280943136304513], "orig_f": [0.49174652682526054, 0.47018249138546575, 0.48072280331645073], "tmeasure1_r": [0.27410983929924976, 0.4586102529517156, 0.3431312558971728], "tmeasure0_r": [0.24768608641682796, 0.4633410667410584, 0.32280943136304513], "tmeasure1_f": [0.4943400197350437, 0.46501014200253793, 0.4792267348101183], "tmeasure0_f": [0.49174652682526054, 0.47018249138546575, 0.48072280331645073]}