{"orig_r": [0.2742192482465774, 0.40939536658682274, 0.3284426260794022], "orig_f": [0.5425162713787663, 0.43692486316522255, 0.4840287777936455], "tmeasure1_r": [0.3011849949688743, 0.4050425701723851, 0.3454771534870599], "tmeasure0_r": [0.2742192482465774, 0.40939536658682274, 0.3284426260794022], "tmeasure1_f": [0.5459857825542863, 0.4322398022619672, 0.48249972266558316], "tmeasure0_f": [0.5425162713787663, 0.43692486316522255, 0.4840287777936455]}