{"orig_r": [0.3221280215932503, 0.45674108036153704, 0.37780186742024957], "orig_f": [0.5170457403056792, 0.4665379500855862, 0.4904950379702597], "tmeasure1_r": [0.24505759873567287, 0.44951250112800256, 0.317193193745931], "tmeasure0_r": [0.3221280215932503, 0.45674108036153704, 0.37780186742024957], "tmeasure1_f": [0.5195027805112474, 0.45778873996697167, 0.48669719999864164], "tmeasure0_f": [0.5170457403056792, 0.4665379500855862, 0.4904950379702597]}