{"orig_r": [0.39099598171485134, 0.47485869701256483, 0.42886606026578716], "orig_f": [0.6092398019376938, 0.4830881318989571, 0.5388794128203332], "tmeasure1_r": [0.3655551439129377, 0.4645346260692, 0.4091437534254235], "tmeasure0_r": [0.39099598171485134, 0.47485869701256483, 0.42886606026578716], "tmeasure1_f": [0.6100532598664009, 0.47235574379325623, 0.5324459799270138], "tmeasure0_f": [0.6092398019376938, 0.4830881318989571, 0.5388794128203332]}