{"orig_r": [0.37369250959291345, 0.46709552078427746, 0.4152059522140903], "orig_f": [0.37221169413443556, 0.4817705568221982, 0.41996337731376776], "tmeasure1_r": [0.3614661563001953, 0.46323096594373403, 0.40606984606254526], "tmeasure0_r": [0.37369250959291345, 0.46709552078427746, 0.4152059522140903], "tmeasure1_f": [0.37291949202439667, 0.4782156668906825, 0.4190543457335303], "tmeasure0_f": [0.37221169413443556, 0.4817705568221982, 0.41996337731376776]}