{"orig_r": [0.42609680795771054, 0.5943269613761444, 0.496344418340822], "orig_f": [0.5556592943376276, 0.5845371939103869, 0.5697325470304231], "tmeasure1_r": [0.3168931947034449, 0.5908784796788716, 0.41253847061126087], "tmeasure0_r": [0.42609680795771054, 0.5943269613761444, 0.496344418340822], "tmeasure1_f": [0.5568378898215244, 0.5801963285969292, 0.5682771794634083], "tmeasure0_f": [0.5556592943376276, 0.5845371939103869, 0.5697325470304231]}