{"orig_r": [0.4095822720734992, 0.5617129594499767, 0.4737337582184766], "orig_f": [0.4820636065441907, 0.573955258637688, 0.524011362100495], "tmeasure1_r": [0.44379805534664885, 0.5602846772073627, 0.4952843866813075], "tmeasure0_r": [0.4095822720734992, 0.5617129594499767, 0.4737337582184766], "tmeasure1_f": [0.4846727087650969, 0.5724092453193218, 0.5248999632982947], "tmeasure0_f": [0.4820636065441907, 0.573955258637688, 0.524011362100495]}