{"orig_r": [0.40168656129418584, 0.5481332316167482, 0.4636200563149298], "orig_f": [0.5637991877724015, 0.5828715122699193, 0.5731767371073895], "tmeasure1_r": [0.3915954539994134, 0.5449270629507382, 0.4557091938540533], "tmeasure0_r": [0.40168656129418584, 0.5481332316167482, 0.4636200563149298], "tmeasure1_f": [0.5660574380089846, 0.5798667153509482, 0.5728788704135883], "tmeasure0_f": [0.5637991877724015, 0.5828715122699193, 0.5731767371073895]}