{"orig_r": [0.3814807867704983, 0.27475547078234547, 0.31943962850942476], "orig_f": [0.588927122209735, 0.30243294385290515, 0.39963864226377194], "tmeasure1_r": [0.40473762664100504, 0.26973108512047644, 0.3237224123795129], "tmeasure0_r": [0.3814807867704983, 0.27475547078234547, 0.31943962850942476], "tmeasure1_f": [0.5907993119061881, 0.2970365014092354, 0.39531849923528906], "tmeasure0_f": [0.588927122209735, 0.30243294385290515, 0.39963864226377194]}