{"orig_r": [0.27985457006550063, 0.2625388808029394, 0.27092032728251164], "orig_f": [0.30104477949035174, 0.3281320533331679, 0.31400533677026776], "tmeasure1_r": [0.3468773084241715, 0.2574407345047988, 0.29554089972541975], "tmeasure0_r": [0.27985457006550063, 0.2625388808029394, 0.27092032728251164], "tmeasure1_f": [0.3005827040701013, 0.32141000847765544, 0.31064765716524406], "tmeasure0_f": [0.30104477949035174, 0.3281320533331679, 0.31400533677026776]}