{"orig_r": [0.3851427293303093, 0.5623307184780271, 0.4571686693740729], "orig_f": [0.5099200059323042, 0.5792530183883009, 0.542379761483925], "tmeasure1_r": [0.35355355573651787, 0.555764092516273, 0.4321754261282794], "tmeasure0_r": [0.3851427293303093, 0.5623307184780271, 0.4571686693740729], "tmeasure1_f": [0.5118217427189536, 0.5725597878087666, 0.5404897449045698], "tmeasure0_f": [0.5099200059323042, 0.5792530183883009, 0.542379761483925]}