{"orig_r": [0.3842154717392558, 0.5618157762216098, 0.45634499696879227], "orig_f": [0.5089100645613096, 0.5780761520870894, 0.5412925525166131], "tmeasure1_r": [0.35274647870832787, 0.5550707155775487, 0.4313627051492789], "tmeasure0_r": [0.3842154717392558, 0.5618157762216098, 0.45634499696879227], "tmeasure1_f": [0.5106618552698771, 0.571245998298486, 0.5392576462856136], "tmeasure0_f": [0.5089100645613096, 0.5780761520870894, 0.5412925525166131]}