{"orig_r": [0.35480932145038363, 0.44520977732715705, 0.39490201980902917], "orig_f": [0.5031584278946865, 0.46827561911222587, 0.48509072758954275], "tmeasure1_r": [0.3995565735523268, 0.44168866305833654, 0.4195675674777667], "tmeasure0_r": [0.35480932145038363, 0.44520977732715705, 0.39490201980902917], "tmeasure1_f": [0.5086696476282117, 0.4651985411193726, 0.48596387215946296], "tmeasure0_f": [0.5031584278946865, 0.46827561911222587, 0.48509072758954275]}