{"orig_r": [0.36494018006457335, 0.5110609855129459, 0.42581378976616985], "orig_f": [0.47835567572686877, 0.5231056260405087, 0.499730832892949], "tmeasure1_r": [0.39248522112489387, 0.5076599595716481, 0.44270421207954913], "tmeasure0_r": [0.36494018006457335, 0.5110609855129459, 0.42581378976616985], "tmeasure1_f": [0.4819246502023642, 0.5193338404648113, 0.4999304010645322], "tmeasure0_f": [0.47835567572686877, 0.5231056260405087, 0.499730832892949]}