{"orig_r": [0.3376434814151668, 0.4737273066863022, 0.3942733443614937], "orig_f": [0.5276518623548597, 0.4944532919677667, 0.5105134227156646], "tmeasure1_r": [0.4079181039172884, 0.4712837285053498, 0.43731748012681315], "tmeasure0_r": [0.3376434814151668, 0.4737273066863022, 0.3942733443614937], "tmeasure1_f": [0.5303503569672017, 0.4918063341879272, 0.5103516264234148], "tmeasure0_f": [0.5276518623548597, 0.4944532919677667, 0.5105134227156646]}