{"orig_r": [0.32177944304128825, 0.4008922396939024, 0.3570054969361453], "orig_f": [0.5647741076993322, 0.46463020282900996, 0.5098309877451965], "tmeasure1_r": [0.3779950760663971, 0.3989525734636982, 0.38819116949385696], "tmeasure0_r": [0.32177944304128825, 0.4008922396939024, 0.3570054969361453], "tmeasure1_f": [0.5690666648667766, 0.46217254041116895, 0.5100794942990987], "tmeasure0_f": [0.5647741076993322, 0.46463020282900996, 0.5098309877451965]}