{"orig_r": [0.4621145912383483, 0.4689991648326267, 0.46553142606827835], "orig_f": [0.5525216574819098, 0.48350106268633736, 0.5157122587163654], "tmeasure1_r": [0.4620906915168573, 0.4656597504903806, 0.46386835591286835], "tmeasure0_r": [0.4621145912383483, 0.4689991648326267, 0.46553142606827835], "tmeasure1_f": [0.5567466388542104, 0.4804077684787031, 0.5157677747670537], "tmeasure0_f": [0.5525216574819098, 0.48350106268633736, 0.5157122587163654]}