{"orig_r": [0.46670088441960467, 0.473061981869559, 0.4698599045429423], "orig_f": [0.554836380225112, 0.4892977699502237, 0.5200101988538801], "tmeasure1_r": [0.4682795629937852, 0.4697703302856705, 0.4690237620614157], "tmeasure0_r": [0.46670088441960467, 0.473061981869559, 0.4698599045429423], "tmeasure1_f": [0.5591429901267224, 0.4862653810759181, 0.5201639601510247], "tmeasure0_f": [0.554836380225112, 0.4892977699502237, 0.5200101988538801]}