{"orig_r": [0.4624584445748906, 0.623167062286186, 0.5309176479621015], "orig_f": [0.7366749600538808, 0.6827539831388111, 0.7086903020648525], "tmeasure1_r": [0.4136479295562708, 0.6154257800911677, 0.49475484087039806], "tmeasure0_r": [0.4624584445748906, 0.623167062286186, 0.5309176479621015], "tmeasure1_f": [0.744721020922831, 0.6726048625117061, 0.70682824005664], "tmeasure0_f": [0.7366749600538808, 0.6827539831388111, 0.7086903020648525]}