{"orig_r": [0.47090127730355713, 0.6248502864675259, 0.5370611509937534], "orig_f": [0.7479590541878229, 0.6925772547402854, 0.7192035704993746], "tmeasure1_r": [0.40126529979424513, 0.6172241216913099, 0.48634893403105556], "tmeasure0_r": [0.47090127730355713, 0.6248502864675259, 0.5370611509937534], "tmeasure1_f": [0.7564398212134015, 0.6826697399847307, 0.7176640194536971], "tmeasure0_f": [0.7479590541878229, 0.6925772547402854, 0.7192035704993746]}