{"orig_r": [0.3504034015117436, 0.5623815616802681, 0.4317783927358565], "orig_f": [0.6760178863867154, 0.6060614638397834, 0.6391310954864501], "tmeasure1_r": [0.393257201886751, 0.5525780160953527, 0.45949924532816905], "tmeasure0_r": [0.3504034015117436, 0.5623815616802681, 0.4317783927358565], "tmeasure1_f": [0.6781685061324441, 0.596630084539149, 0.63479162293775], "tmeasure0_f": [0.6760178863867154, 0.6060614638397834, 0.6391310954864501]}