{"orig_r": [0.34018582206655573, 0.5400244243652658, 0.4174199368467497], "orig_f": [0.6357024912070681, 0.5718364034142651, 0.6020805256584837], "tmeasure1_r": [0.3958452694220893, 0.5303120647557038, 0.45331719439951595], "tmeasure0_r": [0.34018582206655573, 0.5400244243652658, 0.4174199368467497], "tmeasure1_f": [0.6372354103871062, 0.5626284763029217, 0.5976124324924968], "tmeasure0_f": [0.6357024912070681, 0.5718364034142651, 0.6020805256584837]}