{"orig_r": [0.32887603736485854, 0.6035290116083871, 0.42575108316083654], "orig_f": [0.5393192044458057, 0.6272097290680851, 0.5799534711629011], "tmeasure1_r": [0.316478033289987, 0.5991720554226334, 0.41418615263627945], "tmeasure0_r": [0.32887603736485854, 0.6035290116083871, 0.42575108316083654], "tmeasure1_f": [0.5535396998196677, 0.6232315088824446, 0.5863219286702925], "tmeasure0_f": [0.5393192044458057, 0.6272097290680851, 0.5799534711629011]}