{"orig_r": [0.20980049686689065, 0.5093739816813342, 0.29719328934903055], "orig_f": [0.22650746291461882, 0.52248347566522, 0.3160155894866699], "tmeasure1_r": [0.2184708475160929, 0.5050783989073042, 0.30501007752215886], "tmeasure0_r": [0.20980049686689065, 0.5093739816813342, 0.29719328934903055], "tmeasure1_f": [0.23001741738229997, 0.5176086269640915, 0.3184988016118818], "tmeasure0_f": [0.22650746291461882, 0.52248347566522, 0.3160155894866699]}