{"orig_r": [0.25397500251837324, 0.48539481226928155, 0.33346816762840464], "orig_f": [0.5810645213531014, 0.5016101943377207, 0.5384218976476365], "tmeasure1_r": [0.33434665305035427, 0.48179300841805556, 0.394750769832237], "tmeasure0_r": [0.25397500251837324, 0.48539481226928155, 0.33346816762840464], "tmeasure1_f": [0.5886870032417781, 0.4988094865590351, 0.5400342246342188], "tmeasure0_f": [0.5810645213531014, 0.5016101943377207, 0.5384218976476365]}