{"orig_r": [0.2511563312340754, 0.42675272552663684, 0.3162124707392583], "orig_f": [0.4835496863602341, 0.45921740188410504, 0.471069542883046], "tmeasure1_r": [0.30437690998758626, 0.4221432465947804, 0.3537153258763846], "tmeasure0_r": [0.2511563312340754, 0.42675272552663684, 0.3162124707392583], "tmeasure1_f": [0.486083495621478, 0.45568719691124476, 0.47039481551263995], "tmeasure0_f": [0.4835496863602341, 0.45921740188410504, 0.471069542883046]}