{"orig_r": [0.4530430033338977, 0.5715202057895382, 0.5054314427675402], "orig_f": [0.4730145046979304, 0.6716349607959355, 0.5550923455533747], "tmeasure1_r": [0.38707054821405235, 0.5715202057895382, 0.46154970397207895], "tmeasure0_r": [0.4530430033338977, 0.5715202057895382, 0.5054314427675402], "tmeasure1_f": [0.47478119416407694, 0.6718486194791647, 0.556380247676084], "tmeasure0_f": [0.4730145046979304, 0.6716349607959355, 0.5550923455533747]}