{"orig_r": [0.39942666685721423, 0.6510037768021206, 0.4950889804253592], "orig_f": [0.5207806595087096, 0.6456531113419431, 0.5765327814425208], "tmeasure1_r": [0.40446440088710933, 0.6494574699067194, 0.498485578005176], "tmeasure0_r": [0.39942666685721423, 0.6510037768021206, 0.4950889804253592], "tmeasure1_f": [0.5230070417474623, 0.6434609582350724, 0.5770147355119069], "tmeasure0_f": [0.5207806595087096, 0.6456531113419431, 0.5765327814425208]}