{"orig_r": [0.32698922238338235, 0.4613729582727153, 0.38272760554993274], "orig_f": [0.445683277836929, 0.45638329837889136, 0.45096982802490904], "tmeasure1_r": [0.40973666704280565, 0.4539141020835484, 0.43069550322887723], "tmeasure0_r": [0.32698922238338235, 0.4613729582727153, 0.38272760554993274], "tmeasure1_f": [0.44729658549284934, 0.44986243455359193, 0.4485758408958668], "tmeasure0_f": [0.445683277836929, 0.45638329837889136, 0.45096982802490904]}