{"orig_r": [0.3776966076461854, 0.43993861047076, 0.40644854102558114], "orig_f": [0.6034768801314552, 0.46485841585466336, 0.5251746479907894], "tmeasure1_r": [0.5011663388767907, 0.430771964910545, 0.4633105167318973], "tmeasure0_r": [0.3776966076461854, 0.43993861047076, 0.40644854102558114], "tmeasure1_f": [0.6032734811332008, 0.4557203739214788, 0.5192173969408711], "tmeasure0_f": [0.6034768801314552, 0.46485841585466336, 0.5251746479907894]}