{"orig_r": [0.5072391114391243, 0.5757193108943307, 0.5393140598457191], "orig_f": [0.6158754326648719, 0.5864654537663689, 0.6008107503578912], "tmeasure1_r": [0.5076792200248247, 0.5652066188139464, 0.5349006296940292], "tmeasure0_r": [0.5072391114391243, 0.5757193108943307, 0.5393140598457191], "tmeasure1_f": [0.6159280745218733, 0.5746724414247528, 0.5945854811697389], "tmeasure0_f": [0.6158754326648719, 0.5864654537663689, 0.6008107503578912]}