{"orig_r": [0.4774979047515445, 0.5745080871387351, 0.5215301243268491], "orig_f": [0.6149775034226478, 0.5857903043301463, 0.6000291755994708], "tmeasure1_r": [0.5056857721946354, 0.5638314110016762, 0.5331780114235695], "tmeasure0_r": [0.4774979047515445, 0.5745080871387351, 0.5215301243268491], "tmeasure1_f": [0.6148185155635585, 0.5737724745067889, 0.5935867661702786], "tmeasure0_f": [0.6149775034226478, 0.5857903043301463, 0.6000291755994708]}