{"orig_r": [0.30303667956322666, 0.3944259343348016, 0.3427438921963971], "orig_f": [0.5474878132899116, 0.41619365994039537, 0.4728968297420748], "tmeasure1_r": [0.20185502539306918, 0.3856938554705882, 0.26501367128987063], "tmeasure0_r": [0.30303667956322666, 0.3944259343348016, 0.3427438921963971], "tmeasure1_f": [0.5563065054690628, 0.4085436398398697, 0.47111043246650214], "tmeasure0_f": [0.5474878132899116, 0.41619365994039537, 0.4728968297420748]}