{"orig_r": [0.3575903949863119, 0.46028864941053305, 0.40249178916623557], "orig_f": [0.66568955309209, 0.47366540147283875, 0.5534958322835299], "tmeasure1_r": [0.1474650933068317, 0.449899144957186, 0.22212384049830888], "tmeasure0_r": [0.3575903949863119, 0.46028864941053305, 0.40249178916623557], "tmeasure1_f": [0.6735044495620607, 0.464209318709386, 0.5496057978694512], "tmeasure0_f": [0.66568955309209, 0.47366540147283875, 0.5534958322835299]}