{"orig_r": [0.514631898821369, 0.5864399794866098, 0.5481944024430756], "orig_f": [0.48322058218458774, 0.5944690499871201, 0.5331028003797778], "tmeasure1_r": [0.5171215344853318, 0.585133517369856, 0.5490292684471226], "tmeasure0_r": [0.514631898821369, 0.5864399794866098, 0.5481944024430756], "tmeasure1_f": [0.483377619615785, 0.5932699973996638, 0.5327155043123037], "tmeasure0_f": [0.48322058218458774, 0.5944690499871201, 0.5331028003797778]}