{"orig_r": [0.428340197410734, 0.5854202102029309, 0.49471059734287604], "orig_f": [0.5469927351061241, 0.6067017862884775, 0.5753021503032655], "tmeasure1_r": [0.4300759326351972, 0.5840553394229842, 0.49537599664611415], "tmeasure0_r": [0.428340197410734, 0.5854202102029309, 0.49471059734287604], "tmeasure1_f": [0.5471349184927136, 0.6052849177954402, 0.5747428215563444], "tmeasure0_f": [0.5469927351061241, 0.6067017862884775, 0.5753021503032655]}