{"orig_r": [0.4700727240642947, 0.4145973826283648, 0.4405956967860984], "orig_f": [0.5621170052056679, 0.46739474116116714, 0.510398318576887], "tmeasure1_r": [0.5616533893855876, 0.41356102207464385, 0.4763628326988965], "tmeasure0_r": [0.4700727240642947, 0.4145973826283648, 0.4405956967860984], "tmeasure1_f": [0.5651252216964601, 0.46447222502693325, 0.5098788268668109], "tmeasure0_f": [0.5621170052056679, 0.46739474116116714, 0.510398318576887]}