{"orig_r": [0.462702758915106, 0.4121232198773376, 0.4359508187295456], "orig_f": [0.5458121803092577, 0.44813754736352285, 0.49217566038803195], "tmeasure1_r": [0.5535492744533871, 0.41038869763334157, 0.47133814082876985], "tmeasure0_r": [0.462702758915106, 0.4121232198773376, 0.4359508187295456], "tmeasure1_f": [0.5475949574950439, 0.44471169248511727, 0.4908198092773146], "tmeasure0_f": [0.5458121803092577, 0.44813754736352285, 0.49217566038803195]}