{"orig_r": [0.4397123611912823, 0.4036222467213756, 0.420895074078514], "orig_f": [0.5061879521785392, 0.48748816126206024, 0.49666210291825585], "tmeasure1_r": [0.4149244479251369, 0.397143446534059, 0.4058392812339178], "tmeasure0_r": [0.4397123611912823, 0.4036222467213756, 0.420895074078514], "tmeasure1_f": [0.5077990288051452, 0.4817525007350128, 0.49443297230083616], "tmeasure0_f": [0.5061879521785392, 0.48748816126206024, 0.49666210291825585]}