{"orig_r": [0.4004092943748256, 0.37266420132384287, 0.38603887139082754], "orig_f": [0.5531961526499067, 0.46755297970349885, 0.5067817377138377], "tmeasure1_r": [0.41127798160046586, 0.3754542505907444, 0.39255050205886827], "tmeasure0_r": [0.4004092943748256, 0.37266420132384287, 0.38603887139082754], "tmeasure1_f": [0.5572139458119476, 0.4680517536643192, 0.5087558564316025], "tmeasure0_f": [0.5531961526499067, 0.46755297970349885, 0.5067817377138377]}