{"orig_r": [0.26688316580891525, 0.5052735961003028, 0.34927886040518313], "orig_f": [0.6183309600305862, 0.5272708601919568, 0.5691818770247972], "tmeasure1_r": [0.11814202867810472, 0.500939197943648, 0.1911929179710188], "tmeasure0_r": [0.26688316580891525, 0.5052735961003028, 0.34927886040518313], "tmeasure1_f": [0.6320461421759812, 0.518805132622496, 0.5698543153155322], "tmeasure0_f": [0.6183309600305862, 0.5272708601919568, 0.5691818770247972]}