{"orig_r": [0.261957822026653, 0.4222932439421979, 0.3233404343566024], "orig_f": [0.7291646417352959, 0.4832141075606857, 0.5812418632799867], "tmeasure1_r": [0.07672853724527956, 0.41708898471115935, 0.12961317197176764], "tmeasure0_r": [0.261957822026653, 0.4222932439421979, 0.3233404343566024], "tmeasure1_f": [0.7436218631416559, 0.4782192122116489, 0.5820957712886394], "tmeasure0_f": [0.7291646417352959, 0.4832141075606857, 0.5812418632799867]}