{"orig_r": [0.2171899588627599, 0.4296079103478537, 0.28851834187222297], "orig_f": [0.5759092389215622, 0.4720545685392041, 0.518835832614453], "tmeasure1_r": [0.22003235934618437, 0.42687262029525586, 0.29038511911258824], "tmeasure0_r": [0.2171899588627599, 0.4296079103478537, 0.28851834187222297], "tmeasure1_f": [0.5826586929641798, 0.4690201937449599, 0.5196998751517672], "tmeasure0_f": [0.5759092389215622, 0.4720545685392041, 0.518835832614453]}