{"orig_r": [0.21029627583839075, 0.42046357535543644, 0.2803663671858263], "orig_f": [0.547196694418753, 0.453595940710289, 0.4960192364453824], "tmeasure1_r": [0.1877095884925837, 0.41684845943438553, 0.2588550530507475], "tmeasure0_r": [0.21029627583839075, 0.42046357535543644, 0.2803663671858263], "tmeasure1_f": [0.5538339378315746, 0.44977370461484956, 0.4964090176769162], "tmeasure0_f": [0.547196694418753, 0.453595940710289, 0.4960192364453824]}