{"orig_r": [0.3821763038569703, 0.48232595351766316, 0.42645013034312557], "orig_f": [0.5721456970613251, 0.4925955955026329, 0.5293989297240724], "tmeasure1_r": [0.3604551262603615, 0.480238584120681, 0.4118133806326637], "tmeasure0_r": [0.3821763038569703, 0.48232595351766316, 0.42645013034312557], "tmeasure1_f": [0.5755406544663291, 0.4906611931678234, 0.5297223314021826], "tmeasure0_f": [0.5721456970613251, 0.4925955955026329, 0.5293989297240724]}