{"orig_r": [0.38676502409539676, 0.4167013148391363, 0.4011754724860326], "orig_f": [0.6077048683540275, 0.4652954411962485, 0.5270498103703415], "tmeasure1_r": [0.3819879653384654, 0.41474898062502663, 0.39769492311811544], "tmeasure0_r": [0.38676502409539676, 0.4167013148391363, 0.4011754724860326], "tmeasure1_f": [0.610398788826039, 0.4633522543137772, 0.5268067614740679], "tmeasure0_f": [0.6077048683540275, 0.4652954411962485, 0.5270498103703415]}