{"orig_r": [0.3594991501425642, 0.36004883991647707, 0.35977378506517377], "orig_f": [0.5641858114307104, 0.37726730430225314, 0.4521709188637207], "tmeasure1_r": [0.2132423702847244, 0.35947401541552443, 0.26768953365721965], "tmeasure0_r": [0.3594991501425642, 0.36004883991647707, 0.35977378506517377], "tmeasure1_f": [0.567083922053564, 0.3745954362399603, 0.4511664130586332], "tmeasure0_f": [0.5641858114307104, 0.37726730430225314, 0.4521709188637207]}