{"orig_r": [0.3664231701146251, 0.3215616789148949, 0.34252978082754626], "orig_f": [0.5523862356169007, 0.33830447166636546, 0.4196175666099463], "tmeasure1_r": [0.2057856712751048, 0.32102112379894815, 0.2507999064255382], "tmeasure0_r": [0.3664231701146251, 0.3215616789148949, 0.34252978082754626], "tmeasure1_f": [0.5550463853158841, 0.3355978854218633, 0.41828684996483373], "tmeasure0_f": [0.5523862356169007, 0.33830447166636546, 0.4196175666099463]}