{"orig_r": [0.2224938611270355, 0.4812128144193552, 0.3042941066910817], "orig_f": [0.7077421463313971, 0.6183776896187316, 0.6600488755688447], "tmeasure1_r": [0.25921250924591727, 0.4740211980723598, 0.33515159753766427], "tmeasure0_r": [0.2224938611270355, 0.4812128144193552, 0.3042941066910817], "tmeasure1_f": [0.7073537163055763, 0.6090851466228918, 0.6545516911462376], "tmeasure0_f": [0.7077421463313971, 0.6183776896187316, 0.6600488755688447]}