{"orig_r": [0.21687898901521124, 0.5243365870456075, 0.3068407965911575], "orig_f": [0.5880950343433121, 0.5390782818978211, 0.562520876139356], "tmeasure1_r": [0.2702803447808748, 0.5170027192508037, 0.354982037835719], "tmeasure0_r": [0.21687898901521124, 0.5243365870456075, 0.3068407965911575], "tmeasure1_f": [0.5894860384839761, 0.5317328534277211, 0.5591220332801422], "tmeasure0_f": [0.5880950343433121, 0.5390782818978211, 0.562520876139356]}