{"orig_r": [0.08953692922943937, 0.37050065444806973, 0.14422078566534136], "orig_f": [0.48947482524777614, 0.532823018331928, 0.510229881484983], "tmeasure1_r": [0.10064734327527057, 0.3669632509947285, 0.1579685180141579], "tmeasure0_r": [0.08953692922943937, 0.37050065444806973, 0.14422078566534136], "tmeasure1_f": [0.48955370523210684, 0.5294556677472915, 0.5087234539246306], "tmeasure0_f": [0.48947482524777614, 0.532823018331928, 0.510229881484983]}