{"orig_r": [0.09100988181568329, 0.40206166492685486, 0.14842302237616867], "orig_f": [0.4785185843668071, 0.5081361508593589, 0.49288283508634273], "tmeasure1_r": [0.03669896453062315, 0.39935509422355703, 0.06722064910899532], "tmeasure0_r": [0.09100988181568329, 0.40206166492685486, 0.14842302237616867], "tmeasure1_f": [0.47891647260638887, 0.505211013779935, 0.49171246609487357], "tmeasure0_f": [0.4785185843668071, 0.5081361508593589, 0.49288283508634273]}