{"orig_r": [0.6049071819507231, 0.701871154411164, 0.6497917669638845], "orig_f": [0.741285052743398, 0.7233112599429866, 0.7321878675131462], "tmeasure1_r": [0.6034291637112499, 0.69783703299741, 0.6472084163770003], "tmeasure0_r": [0.6049071819507231, 0.701871154411164, 0.6497917669638845], "tmeasure1_f": [0.7505909559886733, 0.7198216028266049, 0.7348843448973765], "tmeasure0_f": [0.741285052743398, 0.7233112599429866, 0.7321878675131462]}