{"orig_r": [0.6427439772850776, 0.7085658156852587, 0.6740518168534961], "orig_f": [0.7284173504288337, 0.7205401724269092, 0.7244573495050597], "tmeasure1_r": [0.6410768107627604, 0.7043518843252641, 0.671226444487924], "tmeasure0_r": [0.6427439772850776, 0.7085658156852587, 0.6740518168534961], "tmeasure1_f": [0.7375390019691556, 0.7169735303964759, 0.727110877741123], "tmeasure0_f": [0.7284173504288337, 0.7205401724269092, 0.7244573495050597]}