{"orig_r": [0.22061505179095225, 0.5186187029289643, 0.30955050760575703], "orig_f": [0.6175888527691876, 0.5415875327347924, 0.5770966820901078], "tmeasure1_r": [0.15334051108466848, 0.5164043502727613, 0.23646529168339975], "tmeasure0_r": [0.22061505179095225, 0.5186187029289643, 0.30955050760575703], "tmeasure1_f": [0.6190791603977096, 0.5395393230292134, 0.5765790135067207], "tmeasure0_f": [0.6175888527691876, 0.5415875327347924, 0.5770966820901078]}