{"orig_r": [0.28425132791059665, 0.5023416166548388, 0.3630626808578379], "orig_f": [0.6668896256110932, 0.5384585142343409, 0.5958318349599688], "tmeasure1_r": [0.23044429774915792, 0.5003829848400061, 0.31556130509677405], "tmeasure0_r": [0.28425132791059665, 0.5023416166548388, 0.3630626808578379], "tmeasure1_f": [0.6685575174410894, 0.5365729754516522, 0.5953378468299411], "tmeasure0_f": [0.6668896256110932, 0.5384585142343409, 0.5958318349599688]}