{"orig_r": [0.545544827435324, 0.43816530688169936, 0.48599441724138354], "orig_f": [0.6586270769210214, 0.5102740777644782, 0.5750363457498899], "tmeasure1_r": [0.43746432638945043, 0.4329918366924308, 0.4352165914941477], "tmeasure0_r": [0.545544827435324, 0.43816530688169936, 0.48599441724138354], "tmeasure1_f": [0.66496511604842, 0.5060778914611782, 0.5747425870219609], "tmeasure0_f": [0.6586270769210214, 0.5102740777644782, 0.5750363457498899]}