{"orig_r": [0.4267365745515958, 0.4397045031090251, 0.4331234940482668], "orig_f": [0.5559308029035647, 0.4914834962062001, 0.5217244310909115], "tmeasure1_r": [0.4115891933606376, 0.4351668672393651, 0.4230497735969211], "tmeasure0_r": [0.4267365745515958, 0.4397045031090251, 0.4331234940482668], "tmeasure1_f": [0.5609994545588334, 0.48709471298616003, 0.5214414444148628], "tmeasure0_f": [0.5559308029035647, 0.4914834962062001, 0.5217244310909115]}