{"orig_r": [0.21921173928722945, 0.0, 0.0], "orig_f": [0.4362744293110725, 0.5974410712045957, 0.5042940001514084], "tmeasure1_r": [0.24298394403561477, 0.0, 0.0], "tmeasure0_r": [0.21921173928722945, 0.0, 0.0], "tmeasure1_f": [0.4371512459196329, 0.5936867441473008, 0.5035338285759359], "tmeasure0_f": [0.4362744293110725, 0.5974410712045957, 0.5042940001514084]}