{"orig_r": [0.6392913404213082, 0.5654163758167993, 0.6000887815690507], "orig_f": [0.5785687786089412, 0.6073868454103041, 0.5926276804543823], "tmeasure1_r": [0.7191467695805408, 0.5626339706897042, 0.6313348137723865], "tmeasure0_r": [0.6392913404213082, 0.5654163758167993, 0.6000887815690507], "tmeasure1_f": [0.58076155807072, 0.6051067657464423, 0.5926842652190119], "tmeasure0_f": [0.5785687786089412, 0.6073868454103041, 0.5926276804543823]}