{"orig_r": [0.3849934318401072, 0.509336250452062, 0.43852086071778296], "orig_f": [0.6415151059368159, 0.5363080878494921, 0.5842128794993978], "tmeasure1_r": [0.14476047128337502, 0.5060222026759603, 0.22511973803347057], "tmeasure0_r": [0.3849934318401072, 0.509336250452062, 0.43852086071778296], "tmeasure1_f": [0.6449616042298159, 0.5334381826274824, 0.5839226209339462], "tmeasure0_f": [0.6415151059368159, 0.5363080878494921, 0.5842128794993978]}