{"orig_r": [0.3176243211653492, 0.4830649960880955, 0.38325275023659827], "orig_f": [0.6858028913966345, 0.515515996349285, 0.5885903642469513], "tmeasure1_r": [0.24046228832598157, 0.4799411038058638, 0.3203975365561133], "tmeasure0_r": [0.3176243211653492, 0.4830649960880955, 0.38325275023659827], "tmeasure1_f": [0.6892610914441255, 0.512551705807876, 0.587915104539542], "tmeasure0_f": [0.6858028913966345, 0.515515996349285, 0.5885903642469513]}