{"orig_r": [0.26467673234437183, 0.3499473275295718, 0.3013969715476781], "orig_f": [0.3906009633791478, 0.43901632011718567, 0.4133959139671152], "tmeasure1_r": [0.2993555894215385, 0.3500177863451249, 0.32271043023795626], "tmeasure0_r": [0.26467673234437183, 0.3499473275295718, 0.3013969715476781], "tmeasure1_f": [0.392791500611205, 0.439480296059729, 0.4148263239697649], "tmeasure0_f": [0.3906009633791478, 0.43901632011718567, 0.4133959139671152]}