{"orig_r": [0.33567948935794634, 0.3865290008137279, 0.35931412986947], "orig_f": [0.4710491734055896, 0.42675532372097835, 0.44780961362652316], "tmeasure1_r": [0.23084790821710463, 0.3847734193424988, 0.28856745215396673], "tmeasure0_r": [0.33567948935794634, 0.3865290008137279, 0.35931412986947], "tmeasure1_f": [0.47671941979487076, 0.4243843745936284, 0.4490321183556337], "tmeasure0_f": [0.4710491734055896, 0.42675532372097835, 0.44780961362652316]}