{"orig_r": [0.32108582591332063, 0.5306937241426343, 0.4000993748022242], "orig_f": [0.5145816601779034, 0.5025033115519912, 0.5084707679113918], "tmeasure1_r": [0.1532901698150075, 0.5298946199021005, 0.23779111447281034], "tmeasure0_r": [0.32108582591332063, 0.5306937241426343, 0.4000993748022242], "tmeasure1_f": [0.5272125520010116, 0.5003361068849549, 0.5134228408317968], "tmeasure0_f": [0.5145816601779034, 0.5025033115519912, 0.5084707679113918]}