{"orig_r": [0.4499180661899684, 0.3683033242719329, 0.40504030170665806], "orig_f": [0.620947397014078, 0.40835207334566415, 0.49269462252938], "tmeasure1_r": [0.5788836320137822, 0.36323498701390455, 0.4463785861149798], "tmeasure0_r": [0.4499180661899684, 0.3683033242719329, 0.40504030170665806], "tmeasure1_f": [0.6223414707447993, 0.40312215899216103, 0.48929992257522176], "tmeasure0_f": [0.620947397014078, 0.40835207334566415, 0.49269462252938]}