{"orig_r": [0.2442406403136266, 0.3070602179942775, 0.27207134952755024], "orig_f": [0.4416045330398289, 0.34231878724405734, 0.38567427267485466], "tmeasure1_r": [0.27699651943638376, 0.3016006761374725, 0.2887754665553886], "tmeasure0_r": [0.2442406403136266, 0.3070602179942775, 0.27207134952755024], "tmeasure1_f": [0.44161896760816377, 0.3362063861709842, 0.38176980588950815], "tmeasure0_f": [0.4416045330398289, 0.34231878724405734, 0.38567427267485466]}