{"orig_r": [0.3234086540505672, 0.6622643681200755, 0.4345904231967163], "orig_f": [0.5353897221567451, 0.6825971320187962, 0.6000975915358499], "tmeasure1_r": [0.36019627755169425, 0.6578556566862613, 0.465510944453117], "tmeasure0_r": [0.3234086540505672, 0.6622643681200755, 0.4345904231967163], "tmeasure1_f": [0.5372929169946538, 0.6776573793603645, 0.5993669225347302], "tmeasure0_f": [0.5353897221567451, 0.6825971320187962, 0.6000975915358499]}