{"orig_r": [0.36321133284882473, 0.6543954468657777, 0.4671428044789208], "orig_f": [0.5643248844087261, 0.6749048852100124, 0.6146812006464336], "tmeasure1_r": [0.38954269812525505, 0.6516279210217742, 0.48759904257868203], "tmeasure0_r": [0.36321133284882473, 0.6543954468657777, 0.4671428044789208], "tmeasure1_f": [0.5669433647311755, 0.6713667293446669, 0.6147521760892917], "tmeasure0_f": [0.5643248844087261, 0.6749048852100124, 0.6146812006464336]}