{"orig_r": [0.3234122403896055, 0.5104224516186596, 0.39594627137799504], "orig_f": [0.5261608215856622, 0.5994073395716747, 0.5604008164716068], "tmeasure1_r": [0.32423192458034983, 0.5037024949840836, 0.3945153758688576], "tmeasure0_r": [0.3234122403896055, 0.5104224516186596, 0.39594627137799504], "tmeasure1_f": [0.5256521847593679, 0.5938940710853416, 0.557693287529421], "tmeasure0_f": [0.5261608215856622, 0.5994073395716747, 0.5604008164716068]}