{"orig_r": [0.2905462703606629, 0.5692530763502986, 0.38472780622038205], "orig_f": [0.555257491378535, 0.6617058697412977, 0.6038261347899784], "tmeasure1_r": [0.28917634810647574, 0.5617035136523929, 0.38179625137868506], "tmeasure0_r": [0.2905462703606629, 0.5692530763502986, 0.38472780622038205], "tmeasure1_f": [0.5546968442515692, 0.6556482380348684, 0.6009625087913135], "tmeasure0_f": [0.555257491378535, 0.6617058697412977, 0.6038261347899784]}