{"orig_r": [0.49011273045712167, 0.5942391292791609, 0.5371764885731897], "orig_f": [0.5183352777992398, 0.6083538387772173, 0.5597484725528978], "tmeasure1_r": [0.4757217682353859, 0.5950706880089202, 0.5287450024023392], "tmeasure0_r": [0.49011273045712167, 0.5942391292791609, 0.5371764885731897], "tmeasure1_f": [0.5223559610563883, 0.6085718848557471, 0.5621776012232335], "tmeasure0_f": [0.5183352777992398, 0.6083538387772173, 0.5597484725528978]}