{"orig_r": [0.25514762996245527, 0.698062619032233, 0.373703541268682], "orig_f": [0.4952718544496157, 0.700432218402847, 0.5802512036227556], "tmeasure1_r": [0.21197790469201525, 0.7041080304354416, 0.3258544624369992], "tmeasure0_r": [0.25514762996245527, 0.698062619032233, 0.373703541268682], "tmeasure1_f": [0.5033477384527653, 0.7054515165137695, 0.5875043750504462], "tmeasure0_f": [0.4952718544496157, 0.700432218402847, 0.5802512036227556]}