{"orig_r": [0.29602154466197406, 0.5009752388178838, 0.37214570273361514], "orig_f": [0.46908017669892454, 0.5459527121521869, 0.5046055108134921], "tmeasure1_r": [0.2358674267577943, 0.5057299869505297, 0.3216980762103632], "tmeasure0_r": [0.29602154466197406, 0.5009752388178838, 0.37214570273361514], "tmeasure1_f": [0.4759176506383246, 0.5483426547028474, 0.5095695822831595], "tmeasure0_f": [0.46908017669892454, 0.5459527121521869, 0.5046055108134921]}