{"orig_r": [0.3932204878250099, 0.47571243045881806, 0.43055078253655565], "orig_f": [0.675898501833263, 0.5047256186898463, 0.5779033031413598], "tmeasure1_r": [0.1771006949182195, 0.4678349982146387, 0.2569369447933731], "tmeasure0_r": [0.3932204878250099, 0.47571243045881806, 0.43055078253655565], "tmeasure1_f": [0.7000333510730748, 0.4951156576671735, 0.5800071296060954], "tmeasure0_f": [0.675898501833263, 0.5047256186898463, 0.5779033031413598]}