{"orig_r": [0.23491433069985135, 0.3508017039461917, 0.2813935170502464], "orig_f": [0.5265601096174091, 0.38038613914925534, 0.44169357864317343], "tmeasure1_r": [0.13452035410120716, 0.34281292266639773, 0.19322061960496978], "tmeasure0_r": [0.23491433069985135, 0.3508017039461917, 0.2813935170502464], "tmeasure1_f": [0.5322864974727614, 0.37137801997644354, 0.4375064012685259], "tmeasure0_f": [0.5265601096174091, 0.38038613914925534, 0.44169357864317343]}