{"orig_r": [0.35555279007701013, 0.7024026974905989, 0.47212050371720526], "orig_f": [0.6117159075810253, 0.7023870381681284, 0.653923386924942], "tmeasure1_r": [0.33876346860304307, 0.6738402924428136, 0.4508623877056268], "tmeasure0_r": [0.35555279007701013, 0.7024026974905989, 0.47212050371720526], "tmeasure1_f": [0.6107690057763449, 0.6801693001148212, 0.643603687790398], "tmeasure0_f": [0.6117159075810253, 0.7023870381681284, 0.653923386924942]}