{"orig_r": [0.3514299425957732, 0.584626231200017, 0.43898041297557266], "orig_f": [0.5601196122399845, 0.6002744259210561, 0.5795022511789559], "tmeasure1_r": [0.2943580708440171, 0.5714070491130901, 0.3885540610643562], "tmeasure0_r": [0.3514299425957732, 0.584626231200017, 0.43898041297557266], "tmeasure1_f": [0.5628178790887751, 0.5863952001707684, 0.5743646827977205], "tmeasure0_f": [0.5601196122399845, 0.6002744259210561, 0.5795022511789559]}