{"orig_r": [0.28777289672579054, 0.558411979149523, 0.3798125856126001], "orig_f": [0.7181454066076316, 0.6105055682449234, 0.6599652999044809], "tmeasure1_r": [0.3975074546609476, 0.5514601587877026, 0.46199579618948367], "tmeasure0_r": [0.28777289672579054, 0.558411979149523, 0.3798125856126001], "tmeasure1_f": [0.7269192684024853, 0.6039895424423098, 0.6597771879445706], "tmeasure0_f": [0.7181454066076316, 0.6105055682449234, 0.6599652999044809]}