{"orig_r": [0.3260659993322081, 0.6035974573681169, 0.4234061406041843], "orig_f": [0.6714539018694783, 0.6047970969143749, 0.6363848035370139], "tmeasure1_r": [0.43559561583890377, 0.5973893758387069, 0.5038218273461484], "tmeasure0_r": [0.3260659993322081, 0.6035974573681169, 0.4234061406041843], "tmeasure1_f": [0.6807597146555935, 0.5993016239837561, 0.6374388323757693], "tmeasure0_f": [0.6714539018694783, 0.6047970969143749, 0.6363848035370139]}