{"orig_r": [0.3536104090488167, 0.4164579772461259, 0.3824696047949229], "orig_f": [0.5127114612202338, 0.4551438308608002, 0.4822155966813227], "tmeasure1_r": [0.3485378628804059, 0.4092638833655865, 0.37646775022361356], "tmeasure0_r": [0.3536104090488167, 0.4164579772461259, 0.3824696047949229], "tmeasure1_f": [0.51278678970728, 0.44814188173733127, 0.4782898953862916], "tmeasure0_f": [0.5127114612202338, 0.4551438308608002, 0.4822155966813227]}