{"orig_r": [0.2870552560510919, 0.5126795628092042, 0.3680404046533487], "orig_f": [0.5225228932255547, 0.5227949062782744, 0.522658864360237], "tmeasure1_r": [0.24151533223391716, 0.5070527403191788, 0.3271873742106959], "tmeasure0_r": [0.2870552560510919, 0.5126795628092042, 0.3680404046533487], "tmeasure1_f": [0.5249994325791251, 0.5164586834546863, 0.5206940376956447], "tmeasure0_f": [0.5225228932255547, 0.5227949062782744, 0.522658864360237]}