{"orig_r": [0.5653322989836134, 0.5366919818085003, 0.5506399762876121], "orig_f": [0.7671628059487704, 0.6681186834666777, 0.7142233878092376], "tmeasure1_r": [0.509531892678455, 0.5331836316956813, 0.5210895179989542], "tmeasure0_r": [0.5653322989836134, 0.5366919818085003, 0.5506399762876121], "tmeasure1_f": [0.7828914225985644, 0.6649054845095745, 0.7190909140717037], "tmeasure0_f": [0.7671628059487704, 0.6681186834666777, 0.7142233878092376]}