{"orig_r": [0.6592908609359898, 0.5467934176819081, 0.5977955429627931], "orig_f": [0.6048363470128642, 0.5820639456791641, 0.5932316855933729], "tmeasure1_r": [0.6040796460709452, 0.5401605860780146, 0.5703348064360018], "tmeasure0_r": [0.6592908609359898, 0.5467934176819081, 0.5977955429627931], "tmeasure1_f": [0.6126551192939791, 0.5774104613421697, 0.5945108922250819], "tmeasure0_f": [0.6048363470128642, 0.5820639456791641, 0.5932316855933729]}