{"orig_r": [0.39687018141071745, 0.6954556046519893, 0.5053539804753646], "orig_f": [0.6808249268529547, 0.7540598414074164, 0.715573470044387], "tmeasure1_r": [0.3458896423236089, 0.6962656926394007, 0.4621788773893101], "tmeasure0_r": [0.39687018141071745, 0.6954556046519893, 0.5053539804753646], "tmeasure1_f": [0.6842309271078506, 0.7367793271129187, 0.7095335175337153], "tmeasure0_f": [0.6808249268529547, 0.7540598414074164, 0.715573470044387]}