{"orig_r": [0.40567613108416767, 0.6965624614262946, 0.5127361105480469], "orig_f": [0.680678678113074, 0.7534291997600958, 0.715208666875266], "tmeasure1_r": [0.342867600884865, 0.6987702791853894, 0.46001723588966], "tmeasure0_r": [0.40567613108416767, 0.6965624614262946, 0.5127361105480469], "tmeasure1_f": [0.6855260062091988, 0.7380744365296366, 0.7108303784815392], "tmeasure0_f": [0.680678678113074, 0.7534291997600958, 0.715208666875266]}