{"orig_r": [0.20939773671853865, 0.3828778292077792, 0.2707312456843448], "orig_f": [0.5891862524793182, 0.4473059698711617, 0.5085354668699112], "tmeasure1_r": [0.23978136945647338, 0.37243643659674336, 0.29173708415430666], "tmeasure0_r": [0.20939773671853865, 0.3828778292077792, 0.2707312456843448], "tmeasure1_f": [0.597520601582607, 0.4388968111689713, 0.5060700127492569], "tmeasure0_f": [0.5891862524793182, 0.4473059698711617, 0.5085354668699112]}