{"orig_r": [0.23804943204290457, 0.366157553502483, 0.288522310184174], "orig_f": [0.4976527939129992, 0.40412814517991186, 0.4460406997512292], "tmeasure1_r": [0.2512404699160469, 0.3605435245302965, 0.29612780115359516], "tmeasure0_r": [0.23804943204290457, 0.366157553502483, 0.288522310184174], "tmeasure1_f": [0.4980455323734584, 0.39722274548245695, 0.44195693880375964], "tmeasure0_f": [0.4976527939129992, 0.40412814517991186, 0.4460406997512292]}