{"orig_r": [0.34803223871145195, 0.4084098100445693, 0.3758114206773169], "orig_f": [0.6806716140684422, 0.45517905857128327, 0.5455425998345858], "tmeasure1_r": [0.36413699223468843, 0.4077568106130143, 0.38471442064194933], "tmeasure0_r": [0.34803223871145195, 0.4084098100445693, 0.3758114206773169], "tmeasure1_f": [0.682464682331698, 0.45333429905037737, 0.5447876841992056], "tmeasure0_f": [0.6806716140684422, 0.45517905857128327, 0.5455425998345858]}