{"orig_r": [0.39242939351074546, 0.3856006024574328, 0.38898502973897553], "orig_f": [0.6664371779326044, 0.48231197613137583, 0.559618487846459], "tmeasure1_r": [0.30274982924413285, 0.3828395237629311, 0.33811668731074446], "tmeasure0_r": [0.39242939351074546, 0.3856006024574328, 0.38898502973897553], "tmeasure1_f": [0.6690408993667659, 0.48028757694721314, 0.5591648324350145], "tmeasure0_f": [0.6664371779326044, 0.48231197613137583, 0.559618487846459]}