{"orig_r": [0.14566318387480193, 0.0, 0.0], "orig_f": [0.8298134510658103, 0.891767656335639, 0.8596757867187583], "tmeasure1_r": [0.017375307866035535, 0.0, 0.0], "tmeasure0_r": [0.14566318387480193, 0.0, 0.0], "tmeasure1_f": [0.8319635557606336, 0.8918310241195055, 0.8608576899176732], "tmeasure0_f": [0.8298134510658103, 0.891767656335639, 0.8596757867187583]}