{"orig_r": [0.3107233441674371, 0.8071820522149462, 0.4487147256427992], "orig_f": [0.8132727502913253, 0.7873877690165272, 0.8001209609776877], "tmeasure1_r": [0.27862025441515814, 0.8093504702235914, 0.4145358488383969], "tmeasure0_r": [0.3107233441674371, 0.8071820522149462, 0.4487147256427992], "tmeasure1_f": [0.8162767708283998, 0.788401969281366, 0.8020972640987606], "tmeasure0_f": [0.8132727502913253, 0.7873877690165272, 0.8001209609776877]}