{"orig_r": [0.2753896787526303, 0.4756046867276285, 0.3488085341556665], "orig_f": [0.5546676187189568, 0.5259082802811393, 0.5399052371204056], "tmeasure1_r": [0.3743857680948369, 0.47285194239742107, 0.4178969737943735], "tmeasure0_r": [0.2753896787526303, 0.4756046867276285, 0.3488085341556665], "tmeasure1_f": [0.5598186558499617, 0.5212494101469421, 0.5398460158601748], "tmeasure0_f": [0.5546676187189568, 0.5259082802811393, 0.5399052371204056]}