{"orig_r": [0.26460006829143334, 0.4755625149184703, 0.3400168470515285], "orig_f": [0.533510048309896, 0.5222735891862864, 0.5278320252406185], "tmeasure1_r": [0.35445363604623403, 0.47337605122651116, 0.4053729049684672], "tmeasure0_r": [0.26460006829143334, 0.4755625149184703, 0.3400168470515285], "tmeasure1_f": [0.5350788252459132, 0.515896937159219, 0.5253128320512288], "tmeasure0_f": [0.533510048309896, 0.5222735891862864, 0.5278320252406185]}