{"orig_r": [0.36157935469947666, 0.5375991169099081, 0.4323607557716005], "orig_f": [0.5937675474913018, 0.5477849080880494, 0.569850119174975], "tmeasure1_r": [0.38796239480325556, 0.5308799783666194, 0.44830642071866256], "tmeasure0_r": [0.36157935469947666, 0.5375991169099081, 0.4323607557716005], "tmeasure1_f": [0.5927843321308843, 0.5402359970030315, 0.5652915952907915], "tmeasure0_f": [0.5937675474913018, 0.5477849080880494, 0.569850119174975]}