{"orig_r": [0.542498048060781, 0.43803337757583116, 0.4847009409536797], "orig_f": [0.5025193140960523, 0.46309396341100384, 0.4820017832731581], "tmeasure1_r": [0.6344022215217288, 0.4343165282216121, 0.5156293373042549], "tmeasure0_r": [0.542498048060781, 0.43803337757583116, 0.4847009409536797], "tmeasure1_f": [0.5096656088676929, 0.4595445635452135, 0.48330912416657695], "tmeasure0_f": [0.5025193140960523, 0.46309396341100384, 0.4820017832731581]}