{"orig_r": [0.39920277232754436, 0.4697448624102188, 0.43161047654470525], "orig_f": [0.5670287179277251, 0.5047456025320382, 0.5340774572031622], "tmeasure1_r": [0.4878244828261149, 0.4634453145803597, 0.4753225037097375], "tmeasure0_r": [0.39920277232754436, 0.4697448624102188, 0.43161047654470525], "tmeasure1_f": [0.5731575842185537, 0.4986650758975238, 0.533322686431416], "tmeasure0_f": [0.5670287179277251, 0.5047456025320382, 0.5340774572031622]}