{"orig_r": [0.4036772230060998, 0.46062474951240207, 0.43027489382957834], "orig_f": [0.620284829468132, 0.5251180952832172, 0.5687479595952499], "tmeasure1_r": [0.4254975322057752, 0.45842609609990137, 0.44134847478425054], "tmeasure0_r": [0.4036772230060998, 0.46062474951240207, 0.43027489382957834], "tmeasure1_f": [0.6242074929014103, 0.5194047752834439, 0.567003977834719], "tmeasure0_f": [0.620284829468132, 0.5251180952832172, 0.5687479595952499]}