{"orig_r": [0.44071909871016524, 0.4477993512563029, 0.444231015115381], "orig_f": [0.6208192053079551, 0.5100170121165323, 0.5599897691229835], "tmeasure1_r": [0.4731302860912883, 0.444302705800826, 0.4582635858192428], "tmeasure0_r": [0.44071909871016524, 0.4477993512563029, 0.444231015115381], "tmeasure1_f": [0.6247951300363809, 0.5048542647229626, 0.5584573185987551], "tmeasure0_f": [0.6208192053079551, 0.5100170121165323, 0.5599897691229835]}