{"orig_r": [0.2103009510263821, 0.35192067588283626, 0.26327430067345264], "orig_f": [0.5775663164064512, 0.38428119762198554, 0.46150324773460477], "tmeasure1_r": [0.2786148002684941, 0.34615255565982167, 0.30873324043727934], "tmeasure0_r": [0.2103009510263821, 0.35192067588283626, 0.26327430067345264], "tmeasure1_f": [0.5824452688448201, 0.3791089192812469, 0.45927769675167834], "tmeasure0_f": [0.5775663164064512, 0.38428119762198554, 0.46150324773460477]}