{"orig_r": [0.20467816738861772, 0.41111259180535636, 0.2732933894339239], "orig_f": [0.5855062909403659, 0.42220602653015127, 0.4906247156467274], "tmeasure1_r": [0.2811841376078823, 0.4044366178229932, 0.33173196901876006], "tmeasure0_r": [0.20467816738861772, 0.41111259180535636, 0.2732933894339239], "tmeasure1_f": [0.5902861438291518, 0.41595338599361464, 0.4880180373635214], "tmeasure0_f": [0.5855062909403659, 0.42220602653015127, 0.4906247156467274]}