{"orig_r": [0.4967857076731303, 0.42223798420395, 0.45648833135259587], "orig_f": [0.6287867946883055, 0.4701305890208735, 0.5380056964019996], "tmeasure1_r": [0.47947984636308033, 0.42152353589419544, 0.4486376948388844], "tmeasure0_r": [0.4967857076731303, 0.42223798420395, 0.45648833135259587], "tmeasure1_f": [0.6289458110344422, 0.46749015797225113, 0.5363304102889789], "tmeasure0_f": [0.6287867946883055, 0.4701305890208735, 0.5380056964019996]}