{"orig_r": [0.3846940989095458, 0.4271471851014261, 0.40481065624674817], "orig_f": [0.5070339416398919, 0.436768531327795, 0.4692856320391959], "tmeasure1_r": [0.4114187998804967, 0.4250697926475595, 0.41813290825157284], "tmeasure0_r": [0.3846940989095458, 0.4271471851014261, 0.40481065624674817], "tmeasure1_f": [0.5067602684980892, 0.43425879330955774, 0.46771656734025024], "tmeasure0_f": [0.5070339416398919, 0.436768531327795, 0.4692856320391959]}