{"orig_r": [0.26949987671696785, 0.4732155390824296, 0.34341963753641463], "orig_f": [0.571804363652747, 0.5265423927387918, 0.5482407738069031], "tmeasure1_r": [0.34523949202405446, 0.4688958099031029, 0.39767677642760857], "tmeasure0_r": [0.26949987671696785, 0.4732155390824296, 0.34341963753641463], "tmeasure1_f": [0.5794618695308966, 0.5232062276010618, 0.5498990305142331], "tmeasure0_f": [0.571804363652747, 0.5265423927387918, 0.5482407738069031]}