{"orig_r": [0.3479844194607812, 0.511641302451302, 0.4142342348938772], "orig_f": [0.5860694229647722, 0.5522670085854137, 0.5686663416427163], "tmeasure1_r": [0.5324669254578929, 0.5064985808549026, 0.5191582212458954], "tmeasure0_r": [0.3479844194607812, 0.511641302451302, 0.4142342348938772], "tmeasure1_f": [0.5906798512730741, 0.5474327180423545, 0.5682346108694173], "tmeasure0_f": [0.5860694229647722, 0.5522670085854137, 0.5686663416427163]}