{"orig_r": [0.15110662823193674, 0.44592020901436774, 0.2257235187464219], "orig_f": [0.6915526649042507, 0.4723261101624743, 0.5612927861288503], "tmeasure1_r": [0.33910289742842853, 0.4409488696575353, 0.3833772209176533], "tmeasure0_r": [0.15110662823193674, 0.44592020901436774, 0.2257235187464219], "tmeasure1_f": [0.7004185443893893, 0.46750259133489785, 0.5607356087754846], "tmeasure0_f": [0.6915526649042507, 0.4723261101624743, 0.5612927861288503]}