{"orig_r": [0.23570316571079158, 0.39574974166191185, 0.2954439384151385], "orig_f": [0.6066935984525552, 0.428509088001805, 0.5022663174491276], "tmeasure1_r": [0.2857694544724837, 0.3926323585225182, 0.3307843014389211], "tmeasure0_r": [0.23570316571079158, 0.39574974166191185, 0.2954439384151385], "tmeasure1_f": [0.6137361977098466, 0.4234871476109957, 0.5011637906652859], "tmeasure0_f": [0.6066935984525552, 0.428509088001805, 0.5022663174491276]}