{"orig_r": [0.3569750919853208, 0.17644325056467935, 0.2361592790357089], "orig_f": [0.5960597036143664, 0.2039277794829773, 0.30388758415753503], "tmeasure1_r": [0.5098993886531553, 0.17580250460133812, 0.2614593615731669], "tmeasure0_r": [0.3569750919853208, 0.17644325056467935, 0.2361592790357089], "tmeasure1_f": [0.6003216276078173, 0.20242212716701438, 0.30275758639523603], "tmeasure0_f": [0.5960597036143664, 0.2039277794829773, 0.30388758415753503]}