{"orig_r": [0.3027325044594629, 0.15030679026826269, 0.20087772334415857], "orig_f": [0.5272195596269562, 0.19112818614139376, 0.28055080209650807], "tmeasure1_r": [0.4030664069922496, 0.1491947790776489, 0.21777885196957944], "tmeasure0_r": [0.3027325044594629, 0.15030679026826269, 0.20087772334415857], "tmeasure1_f": [0.5299440939254885, 0.18931628304264025, 0.27897281511676797], "tmeasure0_f": [0.5272195596269562, 0.19112818614139376, 0.28055080209650807]}