{"orig_r": [0.221612611835186, 0.6374593751463308, 0.3288875419192163], "orig_f": [0.49134579127823175, 0.5890336973676175, 0.5357732744174797], "tmeasure1_r": [0.2074929117792132, 0.6336887746278449, 0.31262194870397003], "tmeasure0_r": [0.221612611835186, 0.6374593751463308, 0.3288875419192163], "tmeasure1_f": [0.49215939672661235, 0.5844026675712511, 0.5343291833432307], "tmeasure0_f": [0.49134579127823175, 0.5890336973676175, 0.5357732744174797]}