{"orig_r": [0.3433231981755154, 0.26361280268275916, 0.2982337194335902], "orig_f": [0.8132314513328396, 0.29380493561577, 0.43165954979699456], "tmeasure1_r": [0.5490579611117847, 0.263558932857736, 0.3561558500236988], "tmeasure0_r": [0.3433231981755154, 0.26361280268275916, 0.2982337194335902], "tmeasure1_f": [0.8163377817642383, 0.29379606613990733, 0.43208632792614404], "tmeasure0_f": [0.8132314513328396, 0.29380493561577, 0.43165954979699456]}