{"orig_r": [0.5432819868771318, 0.2906952284733334, 0.37873811992412065], "orig_f": [0.767160298177325, 0.2986773544384049, 0.4299593052046014], "tmeasure1_r": [0.585104053340357, 0.28978448163139525, 0.3876015469859552], "tmeasure0_r": [0.5432819868771318, 0.2906952284733334, 0.37873811992412065], "tmeasure1_f": [0.7688341525209259, 0.29812101442798045, 0.42964432729044766], "tmeasure0_f": [0.767160298177325, 0.2986773544384049, 0.4299593052046014]}