{"orig_r": [0.4542784831395538, 0.2944884575538873, 0.3573335373909321], "orig_f": [0.7546845834909027, 0.3416785892074406, 0.4703907796339759], "tmeasure1_r": [0.0, 0.28969310808763654, 0.0], "tmeasure0_r": [0.4542784831395538, 0.2944884575538873, 0.3573335373909321], "tmeasure1_f": [0.7709608113527748, 0.3365040190104474, 0.4685140410909063], "tmeasure0_f": [0.7546845834909027, 0.3416785892074406, 0.4703907796339759]}