{"orig_r": [0.7691178197898111, 0.29850988865207106, 0.43009238694422325], "orig_f": [0.68798473378476, 0.3276223030719323, 0.4438707783248618], "tmeasure1_r": [0.0, 0.29315439877540705, 0.0], "tmeasure0_r": [0.7691178197898111, 0.29850988865207106, 0.43009238694422325], "tmeasure1_f": [0.7013009643249489, 0.32232691768906196, 0.44166084604587497], "tmeasure0_f": [0.68798473378476, 0.3276223030719323, 0.4438707783248618]}