{"orig_r": [0.32896184742883827, 0.3586147398160682, 0.34314887828804524], "orig_f": [0.4966292232264078, 0.37754194794429863, 0.4289740282600731], "tmeasure1_r": [0.33665824720806264, 0.3508974275173674, 0.34363039166243636], "tmeasure0_r": [0.32896184742883827, 0.3586147398160682, 0.34314887828804524], "tmeasure1_f": [0.5061400949048066, 0.36917431202500606, 0.42694126783574393], "tmeasure0_f": [0.4966292232264078, 0.37754194794429863, 0.4289740282600731]}