{"orig_r": [0.14673396578657785, 0.39083897280423635, 0.21336398596943065], "orig_f": [0.4216598462354155, 0.3980326315092492, 0.4095057177068507], "tmeasure1_r": [0.18571904529737368, 0.3809244316332772, 0.24969817761454655], "tmeasure0_r": [0.14673396578657785, 0.39083897280423635, 0.21336398596943065], "tmeasure1_f": [0.42527738756197, 0.3879314691881044, 0.40574688876045323], "tmeasure0_f": [0.4216598462354155, 0.3980326315092492, 0.4095057177068507]}