{"orig_r": [0.5586835321721755, 0.3699683034530025, 0.4451511118280865], "orig_f": [0.5041824179041168, 0.3904070536834869, 0.4400596665722939], "tmeasure1_r": [0.5936225659577837, 0.36342178409158427, 0.4508367286976272], "tmeasure0_r": [0.5586835321721755, 0.3699683034530025, 0.4451511118280865], "tmeasure1_f": [0.507941729684833, 0.3847525806633647, 0.43784728782829135], "tmeasure0_f": [0.5041824179041168, 0.3904070536834869, 0.4400596665722939]}