{"orig_r": [0.5125495386123055, 0.3853878778586725, 0.4399646909905162], "orig_f": [0.46019680775059313, 0.3849527982561577, 0.4192253007823725], "tmeasure1_r": [0.5102971309642318, 0.3831973718711545, 0.43770726924082776], "tmeasure0_r": [0.5125495386123055, 0.3853878778586725, 0.4399646909905162], "tmeasure1_f": [0.4664481721443143, 0.3828371919170555, 0.4205269888194347], "tmeasure0_f": [0.46019680775059313, 0.3849527982561577, 0.4192253007823725]}