{"orig_r": [0.04071937757370936, 0.5227975615643403, 0.07555404221393897], "orig_f": [0.759883616749998, 0.5472128956014161, 0.6362469952487334], "tmeasure1_r": [0.023153136120302512, 0.5193512009203802, 0.044330001543380876], "tmeasure0_r": [0.04071937757370936, 0.5227975615643403, 0.07555404221393897], "tmeasure1_f": [0.770382058956855, 0.544362966766221, 0.637944932214643], "tmeasure0_f": [0.759883616749998, 0.5472128956014161, 0.6362469952487334]}