{"orig_r": [0.04698164608602992, 0.5785081820718551, 0.0869055432860274], "orig_f": [0.8148937164461458, 0.6075307329897408, 0.6960973949197793], "tmeasure1_r": [0.03473385566944902, 0.5748698755704468, 0.06550959668887026], "tmeasure0_r": [0.04698164608602992, 0.5785081820718551, 0.0869055432860274], "tmeasure1_f": [0.8254668674437974, 0.6043867752807576, 0.6978354192458744], "tmeasure0_f": [0.8148937164461458, 0.6075307329897408, 0.6960973949197793]}