{"orig_r": [0.6371232768889977, 0.5058991856746712, 0.5639786749765087], "orig_f": [0.7655076507623882, 0.5400627425359571, 0.6333203685150034], "tmeasure1_r": [0.6339344749737401, 0.5048775829256417, 0.5620932852578839], "tmeasure0_r": [0.6371232768889977, 0.5058991856746712, 0.5639786749765087], "tmeasure1_f": [0.7715354713172475, 0.5388301159115023, 0.6345199408340917], "tmeasure0_f": [0.7655076507623882, 0.5400627425359571, 0.6333203685150034]}