{"orig_r": [0.6895699812721187, 0.4798899649504978, 0.5659325318707401], "orig_f": [0.724528876892494, 0.5135406449711672, 0.6010567583951565], "tmeasure1_r": [0.6365535747305666, 0.4785007216717706, 0.5463255840976877], "tmeasure0_r": [0.6895699812721187, 0.4798899649504978, 0.5659325318707401], "tmeasure1_f": [0.730515342863052, 0.5120249451900486, 0.6020602824493027], "tmeasure0_f": [0.724528876892494, 0.5135406449711672, 0.6010567583951565]}