{"orig_r": [0.37240161262295024, 0.20088236775220294, 0.26098380648795544], "orig_f": [0.5795544394086608, 0.2045537677152586, 0.30238184755643205], "tmeasure1_r": [0.37240161262295024, 0.19871946765333545, 0.2591515276511117], "tmeasure0_r": [0.37240161262295024, 0.20088236775220294, 0.26098380648795544], "tmeasure1_f": [0.5783686549773928, 0.20223346422765429, 0.29968019255669687], "tmeasure0_f": [0.5795544394086608, 0.2045537677152586, 0.30238184755643205]}