{"orig_r": [0.1254901558750845, 0.15792146607633462, 0.13985022390745938], "orig_f": [0.5359741051874711, 0.17575636146714516, 0.26470936114660387], "tmeasure1_r": [0.1254901558750845, 0.1564473028466019, 0.1392691592629901], "tmeasure0_r": [0.1254901558750845, 0.15792146607633462, 0.13985022390745938], "tmeasure1_f": [0.5343825239784178, 0.17380295389691333, 0.2622964296217529], "tmeasure0_f": [0.5359741051874711, 0.17575636146714516, 0.26470936114660387]}