{"orig_r": [0.30919157280004456, 0.43304008276356826, 0.3607831686280158], "orig_f": [0.6567939260481359, 0.47657223815509175, 0.5523541486055925], "tmeasure1_r": [0.42032893570131236, 0.42943326638416146, 0.42483232925871356], "tmeasure0_r": [0.30919157280004456, 0.43304008276356826, 0.3607831686280158], "tmeasure1_f": [0.6719986568198918, 0.4721566103677945, 0.5546250881765038], "tmeasure0_f": [0.6567939260481359, 0.47657223815509175, 0.5523541486055925]}