{"orig_r": [0.4077186007537292, 0.4559872629599136, 0.43050417190910195], "orig_f": [0.6632090479228095, 0.4669784898632559, 0.5480583519250689], "tmeasure1_r": [0.5221771445242684, 0.4529333251965521, 0.48509668956530017], "tmeasure0_r": [0.4077186007537292, 0.4559872629599136, 0.43050417190910195], "tmeasure1_f": [0.6791666561719402, 0.463827574830327, 0.5512122712318899], "tmeasure0_f": [0.6632090479228095, 0.4669784898632559, 0.5480583519250689]}