{"orig_r": [0.231810827338474, 0.43629610016821696, 0.30276039891393347], "orig_f": [0.35194168941462084, 0.4204011362942132, 0.3831373354272341], "tmeasure1_r": [0.21243182603729366, 0.42984997558722554, 0.28434190414587796], "tmeasure0_r": [0.231810827338474, 0.43629610016821696, 0.30276039891393347], "tmeasure1_f": [0.35298505444252365, 0.413572642091386, 0.3808844715659532], "tmeasure0_f": [0.35194168941462084, 0.4204011362942132, 0.3831373354272341]}