{"orig_r": [0.18397586475048816, 0.49448208038691455, 0.26817511385876397], "orig_f": [0.44973089854208986, 0.4923748609717741, 0.470087750569821], "tmeasure1_r": [0.07779555941384267, 0.48788040236240066, 0.13419318264701838], "tmeasure0_r": [0.18397586475048816, 0.49448208038691455, 0.26817511385876397], "tmeasure1_f": [0.4512178955426261, 0.4853726385472969, 0.46767250478800115], "tmeasure0_f": [0.44973089854208986, 0.4923748609717741, 0.470087750569821]}