{"orig_r": [0.40433053632298177, 0.33985037210829716, 0.36929698590030935], "orig_f": [0.7078264397493444, 0.3920129577786147, 0.50457755352957], "tmeasure1_r": [0.27919689247989116, 0.3376624736772273, 0.30565901574960463], "tmeasure0_r": [0.40433053632298177, 0.33985037210829716, 0.36929698590030935], "tmeasure1_f": [0.7154860016179649, 0.39015853350756347, 0.5049597049828713], "tmeasure0_f": [0.7078264397493444, 0.3920129577786147, 0.50457755352957]}