{"orig_r": [0.3290204831860602, 0.38525944693451314, 0.354925972401298], "orig_f": [0.6557233823445027, 0.39917562121203964, 0.4962537410845075], "tmeasure1_r": [0.14623497155141818, 0.3832818771694393, 0.21169945598310613], "tmeasure0_r": [0.3290204831860602, 0.38525944693451314, 0.354925972401298], "tmeasure1_f": [0.6626935080023892, 0.3973579018386399, 0.49681836080272207], "tmeasure0_f": [0.6557233823445027, 0.39917562121203964, 0.4962537410845075]}