{"orig_r": [0.27560891705687657, 0.5812713210589348, 0.3739228708682642], "orig_f": [0.7914684391759221, 0.6670074236432206, 0.7239274066411021], "tmeasure1_r": [0.313795762493693, 0.5759513184896644, 0.40625271384979705], "tmeasure0_r": [0.27560891705687657, 0.5812713210589348, 0.3739228708682642], "tmeasure1_f": [0.7981877148763821, 0.6613393299362117, 0.723347923419182], "tmeasure0_f": [0.7914684391759221, 0.6670074236432206, 0.7239274066411021]}