{"orig_r": [0.28295945583103843, 0.605315258774574, 0.38564573191779894], "orig_f": [0.8073054586318754, 0.6741010101631134, 0.7347145251993025], "tmeasure1_r": [0.3438007745258336, 0.6011202618100707, 0.4374240886727552], "tmeasure0_r": [0.28295945583103843, 0.605315258774574, 0.38564573191779894], "tmeasure1_f": [0.8160270189329789, 0.669356994060398, 0.735450749014466], "tmeasure0_f": [0.8073054586318754, 0.6741010101631134, 0.7347145251993025]}