{"orig_r": [0.15366764542471784, 0.46344898088281494, 0.23080601179997065], "orig_f": [0.7159593393258445, 0.5245657355987086, 0.605498018675791], "tmeasure1_r": [0.13750396463438627, 0.45675166377769355, 0.21137423566557634], "tmeasure0_r": [0.15366764542471784, 0.46344898088281494, 0.23080601179997065], "tmeasure1_f": [0.7245237083376945, 0.5167813394952152, 0.6032688470001205], "tmeasure0_f": [0.7159593393258445, 0.5245657355987086, 0.605498018675791]}