{"orig_r": [0.12349233826363222, 0.4628384114696606, 0.19496503533752174], "orig_f": [0.7552573412499283, 0.5345640736319631, 0.6260299857340749], "tmeasure1_r": [0.14274890442333502, 0.4567340838085871, 0.21751506333403478], "tmeasure0_r": [0.12349233826363222, 0.4628384114696606, 0.19496503533752174], "tmeasure1_f": [0.7663965521471237, 0.5277525861784117, 0.6250713313570526], "tmeasure0_f": [0.7552573412499283, 0.5345640736319631, 0.6260299857340749]}