{"orig_r": [0.3196983851024252, 0.5667013073897285, 0.40878509851137607], "orig_f": [0.7654827160026149, 0.6514567617047168, 0.7038817100570569], "tmeasure1_r": [0.21863468197449995, 0.5619726204391369, 0.3147977344515824], "tmeasure0_r": [0.3196983851024252, 0.5667013073897285, 0.40878509851137607], "tmeasure1_f": [0.7787591624564028, 0.6467259809889062, 0.7066278952251166], "tmeasure0_f": [0.7654827160026149, 0.6514567617047168, 0.7038817100570569]}