{"orig_r": [0.4361957872457785, 0.5763486604808283, 0.49657248775782065], "orig_f": [0.6549250504427628, 0.6026075532464168, 0.6276780117657242], "tmeasure1_r": [0.24643252303871002, 0.5719670534572769, 0.3444559066904274], "tmeasure0_r": [0.4361957872457785, 0.5763486604808283, 0.49657248775782065], "tmeasure1_f": [0.6675602545678357, 0.5980143552618413, 0.6308764605945142], "tmeasure0_f": [0.6549250504427628, 0.6026075532464168, 0.6276780117657242]}