{"orig_r": [0.27522738694225607, 0.46850312945535094, 0.34675165063505425], "orig_f": [0.47600031501365386, 0.4907476088268329, 0.48326148033665317], "tmeasure1_r": [0.3023531438270796, 0.4704312213602494, 0.3681139659139067], "tmeasure0_r": [0.27522738694225607, 0.46850312945535094, 0.34675165063505425], "tmeasure1_f": [0.47859595334282506, 0.4925684950298277, 0.48548170983907957], "tmeasure0_f": [0.47600031501365386, 0.4907476088268329, 0.48326148033665317]}