{"orig_r": [0.27690030540132293, 0.46108676225995904, 0.34600895024054695], "orig_f": [0.4875625413177458, 0.5059930290490279, 0.49660684211379713], "tmeasure1_r": [0.2972152287154379, 0.4615046866743566, 0.3615727443577011], "tmeasure0_r": [0.27690030540132293, 0.46108676225995904, 0.34600895024054695], "tmeasure1_f": [0.4902007287052616, 0.5071966923672979, 0.4985539022709392], "tmeasure0_f": [0.4875625413177458, 0.5059930290490279, 0.49660684211379713]}