{"orig_r": [0.27146536397020055, 0.1459382407560613, 0.18982671541610832], "orig_f": [0.4505382887316767, 0.15119567156488412, 0.22641048577981965], "tmeasure1_r": [0.0, 0.14219617732386053, 0.0], "tmeasure0_r": [0.27146536397020055, 0.1459382407560613, 0.18982671541610832], "tmeasure1_f": [0.4589808917351309, 0.14750640735595263, 0.22326146808463632], "tmeasure0_f": [0.4505382887316767, 0.15119567156488412, 0.22641048577981965]}