{"orig_r": [0.6285524032284191, 0.19797886331769116, 0.3011140542735252], "orig_f": [0.5629081488487357, 0.21913184158328336, 0.31545982509492415], "tmeasure1_r": [0.0, 0.1952564036510686, 0.0], "tmeasure0_r": [0.6285524032284191, 0.19797886331769116, 0.3011140542735252], "tmeasure1_f": [0.587311485989867, 0.2164943486002593, 0.3163689839341916], "tmeasure0_f": [0.5629081488487357, 0.21913184158328336, 0.31545982509492415]}