{"orig_r": [0.31629543118787334, 0.46558459974661215, 0.3766876653833543], "orig_f": [0.6267079392215859, 0.5039442413899454, 0.5586613857380236], "tmeasure1_r": [0.4028115819967751, 0.46426820292975607, 0.43136194049035675], "tmeasure0_r": [0.31629543118787334, 0.46558459974661215, 0.3766876653833543], "tmeasure1_f": [0.6317640035483434, 0.50435556514104, 0.560915769478319], "tmeasure0_f": [0.6267079392215859, 0.5039442413899454, 0.5586613857380236]}