{"orig_r": [0.34730621740027795, 0.45406112989088315, 0.39357294510179824], "orig_f": [0.7212437069531276, 0.5361570612450783, 0.6150782091784746], "tmeasure1_r": [0.4864908267820131, 0.4534256465589393, 0.46937663916995676], "tmeasure0_r": [0.34730621740027795, 0.45406112989088315, 0.39357294510179824], "tmeasure1_f": [0.7267738602551228, 0.5371493762212737, 0.617737081530832], "tmeasure0_f": [0.7212437069531276, 0.5361570612450783, 0.6150782091784746]}