{"orig_r": [0.3213678527453809, 0.5787584360605936, 0.41326280138266147], "orig_f": [0.5887647019404769, 0.5996342113865502, 0.5941497485081655], "tmeasure1_r": [0.3278407921686321, 0.5701158238797881, 0.4162945514030124], "tmeasure0_r": [0.3213678527453809, 0.5787584360605936, 0.41326280138266147], "tmeasure1_f": [0.59532920592605, 0.5911080202569996, 0.5932111038832585], "tmeasure0_f": [0.5887647019404769, 0.5996342113865502, 0.5941497485081655]}