{"orig_r": [0.3254300922528226, 0.5661301878384569, 0.4132884861952676], "orig_f": [0.6050217266699681, 0.6001118084879682, 0.6025567656597407], "tmeasure1_r": [0.21080819312712967, 0.5582337939605243, 0.3060437776433332], "tmeasure0_r": [0.3254300922528226, 0.5661301878384569, 0.4132884861952676], "tmeasure1_f": [0.6120526190954857, 0.5916382490553479, 0.6016723221431248], "tmeasure0_f": [0.6050217266699681, 0.6001118084879682, 0.6025567656597407]}