{"orig_r": [0.4139094655184247, 0.4286459633834922, 0.42114884199825225], "orig_f": [0.6167038959492595, 0.48002228214993553, 0.5398459842681805], "tmeasure1_r": [0.2822405786215729, 0.42860005425494585, 0.3403528771860937], "tmeasure0_r": [0.4139094655184247, 0.4286459633834922, 0.42114884199825225], "tmeasure1_f": [0.6210713529924241, 0.4802443650466392, 0.5416539738442641], "tmeasure0_f": [0.6167038959492595, 0.48002228214993553, 0.5398459842681805]}