{"orig_r": [0.4086451821487731, 0.4191861360676854, 0.4138485489934779], "orig_f": [0.6146394038181678, 0.46231596340819264, 0.5277054495891799], "tmeasure1_r": [0.28809218486191474, 0.41795850609785623, 0.34108196690431114], "tmeasure0_r": [0.4086451821487731, 0.4191861360676854, 0.4138485489934779], "tmeasure1_f": [0.6186248425384888, 0.4622386493293998, 0.5291182722111127], "tmeasure0_f": [0.6146394038181678, 0.46231596340819264, 0.5277054495891799]}