{"orig_r": [0.2995651660153504, 0.47686394484347355, 0.36797133133186816], "orig_f": [0.5576784346390676, 0.541739077498015, 0.5495932116537647], "tmeasure1_r": [0.35743120313322574, 0.47047936939100504, 0.40623712906110165], "tmeasure0_r": [0.2995651660153504, 0.47686394484347355, 0.36797133133186816], "tmeasure1_f": [0.5606087050799567, 0.5285830214497853, 0.5441250350410615], "tmeasure0_f": [0.5576784346390676, 0.541739077498015, 0.5495932116537647]}