{"orig_r": [0.37466969190968025, 0.47442928376193905, 0.4186891721060342], "orig_f": [0.5198788775212762, 0.5047071478580126, 0.512180683722006], "tmeasure1_r": [0.3515413444958973, 0.46976187804943637, 0.40214312490001536], "tmeasure0_r": [0.37466969190968025, 0.47442928376193905, 0.4186891721060342], "tmeasure1_f": [0.5196095839336244, 0.4922534003862971, 0.5055616986257215], "tmeasure0_f": [0.5198788775212762, 0.5047071478580126, 0.512180683722006]}