{"orig_r": [0.5248850159601582, 0.6094777469352889, 0.5640272184374863], "orig_f": [0.5799703784472494, 0.629691852527677, 0.6038092496635058], "tmeasure1_r": [0.3747161613884668, 0.599759345003338, 0.46125226964124744], "tmeasure0_r": [0.5248850159601582, 0.6094777469352889, 0.5640272184374863], "tmeasure1_f": [0.585012991197021, 0.6211046963472209, 0.6025188420815308], "tmeasure0_f": [0.5799703784472494, 0.629691852527677, 0.6038092496635058]}