{"orig_r": [0.49747885735271885, 0.589766005865979, 0.5397056884409817], "orig_f": [0.5535803582681308, 0.59175068089219, 0.5720294704906792], "tmeasure1_r": [0.3739116792002558, 0.5793426581170832, 0.4544914775599586], "tmeasure0_r": [0.49747885735271885, 0.589766005865979, 0.5397056884409817], "tmeasure1_f": [0.5539346443321367, 0.5820959499529909, 0.5676662488254406], "tmeasure0_f": [0.5535803582681308, 0.59175068089219, 0.5720294704906792]}