{"orig_r": [0.3664833339723502, 0.49470130146160857, 0.42104741496868997], "orig_f": [0.6988924186423064, 0.5171864421141792, 0.5944642162323849], "tmeasure1_r": [0.17795222590606652, 0.4880993909321918, 0.2608157412546939], "tmeasure0_r": [0.3664833339723502, 0.49470130146160857, 0.42104741496868997], "tmeasure1_f": [0.710022085492119, 0.5107364589500323, 0.5941128446269028], "tmeasure0_f": [0.6988924186423064, 0.5171864421141792, 0.5944642162323849]}