{"orig_r": [0.3853746644405104, 0.5640896944454947, 0.4579126634439206], "orig_f": [0.690349797009561, 0.571409013259184, 0.6252733772929102], "tmeasure1_r": [0.4321106863668456, 0.5573772642266017, 0.4868147652849781], "tmeasure0_r": [0.3853746644405104, 0.5640896944454947, 0.4579126634439206], "tmeasure1_f": [0.7030805536930241, 0.5649969057418757, 0.626520618860092], "tmeasure0_f": [0.690349797009561, 0.571409013259184, 0.6252733772929102]}