{"orig_r": [0.4700121771348779, 0.45199117059644206, 0.4608255591707094], "orig_f": [0.7245813712405588, 0.5162953788164074, 0.6029575677532554], "tmeasure1_r": [0.48640167478137225, 0.4468785947986767, 0.4658032619329451], "tmeasure0_r": [0.4700121771348779, 0.45199117059644206, 0.4608255591707094], "tmeasure1_f": [0.7297617298667582, 0.5131494440867198, 0.6025801905147351], "tmeasure0_f": [0.7245813712405588, 0.5162953788164074, 0.6029575677532554]}