{"orig_r": [0.17625083365833813, 0.37342599138575505, 0.23947395739724386], "orig_f": [0.45517137507762573, 0.37354291164035835, 0.4103369363045692], "tmeasure1_r": [0.2742079013586175, 0.36797351077615204, 0.3142452965434506], "tmeasure0_r": [0.17625083365833813, 0.37342599138575505, 0.23947395739724386], "tmeasure1_f": [0.45637709853351144, 0.3686003158737196, 0.4078190256829157], "tmeasure0_f": [0.45517137507762573, 0.37354291164035835, 0.4103369363045692]}