{"orig_r": [0.32236734399983424, 0.4460797542775676, 0.3742653096638988], "orig_f": [0.5075020670030119, 0.4611658870815426, 0.483225732694634], "tmeasure1_r": [0.32897064316520075, 0.443345305731498, 0.37768892531383247], "tmeasure0_r": [0.32236734399983424, 0.4460797542775676, 0.3742653096638988], "tmeasure1_f": [0.5106959966442981, 0.4590044394322905, 0.48347246415287104], "tmeasure0_f": [0.5075020670030119, 0.4611658870815426, 0.483225732694634]}