{"orig_r": [0.36531835773022053, 0.4033336226013512, 0.3833859286033355], "orig_f": [0.5342057223785633, 0.4430534637444893, 0.48437855384282363], "tmeasure1_r": [0.4112270226133791, 0.4010944912869097, 0.40609756264264113], "tmeasure0_r": [0.36531835773022053, 0.4033336226013512, 0.3833859286033355], "tmeasure1_f": [0.537458828990469, 0.4411760588132445, 0.4845810647125735], "tmeasure0_f": [0.5342057223785633, 0.4430534637444893, 0.48437855384282363]}