{"orig_r": [0.2524827225562881, 0.4402258963548964, 0.32091251593252534], "orig_f": [0.6664142065657785, 0.4887552884156444, 0.5639232496172831], "tmeasure1_r": [0.4361646794592973, 0.4343421727503669, 0.4352515182906112], "tmeasure0_r": [0.2524827225562881, 0.4402258963548964, 0.32091251593252534], "tmeasure1_f": [0.6709467822144728, 0.48223265214244804, 0.561148484952228], "tmeasure0_f": [0.6664142065657785, 0.4887552884156444, 0.5639232496172831]}