{"orig_r": [0.227731982232133, 0.44472793899523144, 0.301218769786436], "orig_f": [0.5984468860710089, 0.46567103483413763, 0.5237753734903877], "tmeasure1_r": [0.46306862436337504, 0.43839068826775635, 0.4503918703936687], "tmeasure0_r": [0.227731982232133, 0.44472793899523144, 0.301218769786436], "tmeasure1_f": [0.6028052847745587, 0.4590312168525656, 0.5211846512550792], "tmeasure0_f": [0.5984468860710089, 0.46567103483413763, 0.5237753734903877]}