{"orig_r": [0.18458533310677677, 0.5329171518922197, 0.27419748936612454], "orig_f": [0.5903138837994215, 0.6029652097480622, 0.5965724811353995], "tmeasure1_r": [0.059842192823739, 0.5269986615895136, 0.10747975464736101], "tmeasure0_r": [0.18458533310677677, 0.5329171518922197, 0.27419748936612454], "tmeasure1_f": [0.5930098882783604, 0.5968428935797138, 0.5949202170855733], "tmeasure0_f": [0.5903138837994215, 0.6029652097480622, 0.5965724811353995]}