{"orig_r": [0.18444803090691556, 0.5215969560097246, 0.27252521651115014], "orig_f": [0.5989964897965222, 0.5409541259823947, 0.5684976491424478], "tmeasure1_r": [0.057933164727529914, 0.5160308108539979, 0.10417133911373522], "tmeasure0_r": [0.18444803090691556, 0.5215969560097246, 0.27252521651115014], "tmeasure1_f": [0.5999581184180752, 0.5335282498645105, 0.5647965672434072], "tmeasure0_f": [0.5989964897965222, 0.5409541259823947, 0.5684976491424478]}