{"orig_r": [0.22739918153858915, 0.47386111351525245, 0.30731992139397996], "orig_f": [0.521966946844566, 0.5468958417547632, 0.5341406882295908], "tmeasure1_r": [0.23651657760075145, 0.4724183368944103, 0.315218692022446], "tmeasure0_r": [0.22739918153858915, 0.47386111351525245, 0.30731992139397996], "tmeasure1_f": [0.5219607181595775, 0.5452719625973547, 0.533361750106337], "tmeasure0_f": [0.521966946844566, 0.5468958417547632, 0.5341406882295908]}