{"orig_r": [0.210989115171867, 0.48267320573773814, 0.2936264217500868], "orig_f": [0.5163030271888797, 0.5272680816055434, 0.5217279481558413], "tmeasure1_r": [0.23753697611070607, 0.4817689458842659, 0.3181898969273072], "tmeasure0_r": [0.210989115171867, 0.48267320573773814, 0.2936264217500868], "tmeasure1_f": [0.5161007645977125, 0.5258699563299742, 0.5209395640200543], "tmeasure0_f": [0.5163030271888797, 0.5272680816055434, 0.5217279481558413]}