{"orig_r": [0.35545749800280274, 0.40708613858296033, 0.3795240386247633], "orig_f": [0.57816114964897, 0.44208638976242637, 0.501049334550058], "tmeasure1_r": [0.1915981283574332, 0.4048360668581169, 0.26009854338941035], "tmeasure0_r": [0.35545749800280274, 0.40708613858296033, 0.3795240386247633], "tmeasure1_f": [0.5810515368343302, 0.4398760199274246, 0.500702788758289], "tmeasure0_f": [0.57816114964897, 0.44208638976242637, 0.501049334550058]}