{"orig_r": [0.4451321551393242, 0.43872301443009737, 0.44190434733244205], "orig_f": [0.6268417493079169, 0.5009663266257216, 0.5568795174063044], "tmeasure1_r": [0.2609922816672518, 0.4374913617577922, 0.32694214042002084], "tmeasure0_r": [0.4451321551393242, 0.43872301443009737, 0.44190434733244205], "tmeasure1_f": [0.6324848497399295, 0.5003314079175604, 0.5586996712269744], "tmeasure0_f": [0.6268417493079169, 0.5009663266257216, 0.5568795174063044]}