{"orig_r": [0.26215021735496546, 0.44715632048323734, 0.33052600068679006], "orig_f": [0.4499743189077007, 0.45210260684289366, 0.4510359522193843], "tmeasure1_r": [0.22642803724320515, 0.43900082622493813, 0.29876099726779254], "tmeasure0_r": [0.26215021735496546, 0.44715632048323734, 0.33052600068679006], "tmeasure1_f": [0.4574467929847392, 0.44477336278022034, 0.45102106644102474], "tmeasure0_f": [0.4499743189077007, 0.45210260684289366, 0.4510359522193843]}