{"orig_r": [0.32382347493261515, 0.4435949651475962, 0.37436281323053133], "orig_f": [0.564764371211351, 0.5004196566902303, 0.5306485740482224], "tmeasure1_r": [0.2842886391122074, 0.4318611887783513, 0.3428702343050473], "tmeasure0_r": [0.32382347493261515, 0.4435949651475962, 0.37436281323053133], "tmeasure1_f": [0.5712619672659721, 0.4913717550880868, 0.5283137351386008], "tmeasure0_f": [0.564764371211351, 0.5004196566902303, 0.5306485740482224]}