{"orig_r": [0.3220716581772921, 0.47255383856634314, 0.38306396909941737], "orig_f": [0.5023628294363511, 0.4945306385250605, 0.49841596679421984], "tmeasure1_r": [0.3810801191978587, 0.46781668872551996, 0.42001722197160113], "tmeasure0_r": [0.3220716581772921, 0.47255383856634314, 0.38306396909941737], "tmeasure1_f": [0.505622601533728, 0.48543660195476285, 0.4953240264478515], "tmeasure0_f": [0.5023628294363511, 0.4945306385250605, 0.49841596679421984]}