{"orig_r": [0.2941839700471078, 0.44026155651271354, 0.35269570817783397], "orig_f": [0.3266111874265561, 0.44269864812079285, 0.3758962240018421], "tmeasure1_r": [0.4261948590457234, 0.4374641456108971, 0.4317559797812151], "tmeasure0_r": [0.2941839700471078, 0.44026155651271354, 0.35269570817783397], "tmeasure1_f": [0.32783176800530694, 0.43573734565024813, 0.37416009069979], "tmeasure0_f": [0.3266111874265561, 0.44269864812079285, 0.3758962240018421]}