{"orig_r": [0.29833131568938565, 0.4455612380227586, 0.357376531587], "orig_f": [0.6839234229616242, 0.4766876937460447, 0.5618038195520639], "tmeasure1_r": [0.37512275330747824, 0.4432638069939327, 0.4063564769682399], "tmeasure0_r": [0.29833131568938565, 0.4455612380227586, 0.357376531587], "tmeasure1_f": [0.6868660041390987, 0.475078336320624, 0.561670894481041], "tmeasure0_f": [0.6839234229616242, 0.4766876937460447, 0.5618038195520639]}