{"orig_r": [0.4439388254224201, 0.471354066501268, 0.4572358694949867], "orig_f": [0.7212256517333302, 0.5137988071714686, 0.6000931834024754], "tmeasure1_r": [0.5237663962462791, 0.4690260020141595, 0.4948870665230709], "tmeasure0_r": [0.4439388254224201, 0.471354066501268, 0.4572358694949867], "tmeasure1_f": [0.7237624694405801, 0.5117769262935083, 0.5995841706962739], "tmeasure0_f": [0.7212256517333302, 0.5137988071714686, 0.6000931834024754]}