{"orig_r": [0.3091164476404954, 0.6069526709192482, 0.40961767997472914], "orig_f": [0.5270128731459988, 0.6065451833712282, 0.5639889689699007], "tmeasure1_r": [0.3195164832097393, 0.6032778359338864, 0.4177685287765113], "tmeasure0_r": [0.3091164476404954, 0.6069526709192482, 0.40961767997472914], "tmeasure1_f": [0.5309287577721268, 0.6029486147167609, 0.5646514636927933], "tmeasure0_f": [0.5270128731459988, 0.6065451833712282, 0.5639889689699007]}