{"orig_r": [0.3101566409733784, 0.6032723746169548, 0.4096846719551668], "orig_f": [0.5288976831025183, 0.607846730067469, 0.5656306263562013], "tmeasure1_r": [0.3203364464269507, 0.5994951124157726, 0.4175550014900712], "tmeasure0_r": [0.3101566409733784, 0.6032723746169548, 0.4096846719551668], "tmeasure1_f": [0.532718565638215, 0.6041566719561793, 0.5661931319504718], "tmeasure0_f": [0.5288976831025183, 0.607846730067469, 0.5656306263562013]}