{"orig_r": [0.465074518777434, 0.30406097297023765, 0.36771417312133087], "orig_f": [0.5173247862235725, 0.32874875829762706, 0.4020215079620031], "tmeasure1_r": [0.48053623130980544, 0.30136148463163753, 0.37041958080783105], "tmeasure0_r": [0.465074518777434, 0.30406097297023765, 0.36771417312133087], "tmeasure1_f": [0.5178319880209132, 0.3263377246729749, 0.4003652587685441], "tmeasure0_f": [0.5173247862235725, 0.32874875829762706, 0.4020215079620031]}