{"orig_r": [0.46415117766467373, 0.2898356629818577, 0.3568432684763982], "orig_f": [0.4790542156090712, 0.3182594699214835, 0.38244305469795514], "tmeasure1_r": [0.4785350457905164, 0.2869023811611546, 0.3587304181169334], "tmeasure0_r": [0.46415117766467373, 0.2898356629818577, 0.3568432684763982], "tmeasure1_f": [0.4797586610044114, 0.31641248964469537, 0.38132914570755194], "tmeasure0_f": [0.4790542156090712, 0.3182594699214835, 0.38244305469795514]}