{"orig_r": [0.5568090715914161, 0.6409271458462028, 0.5959142653293729], "orig_f": [0.5960710721364991, 0.6482150521507068, 0.6210504699340419], "tmeasure1_r": [0.5950655793294641, 0.6431965924587979, 0.6181956642695203], "tmeasure0_r": [0.5568090715914161, 0.6409271458462028, 0.5959142653293729], "tmeasure1_f": [0.6029714506505599, 0.6474444803907475, 0.6244170885311768], "tmeasure0_f": [0.5960710721364991, 0.6482150521507068, 0.6210504699340419]}