{"orig_r": [0.6526005626569185, 0.6121909259846561, 0.6317502075858199], "orig_f": [0.6999730924834964, 0.6766942122760863, 0.6881368342154325], "tmeasure1_r": [0.7200531768939986, 0.61014856958146, 0.6605605759705937], "tmeasure0_r": [0.6526005626569185, 0.6121909259846561, 0.6317502075858199], "tmeasure1_f": [0.7049152343898233, 0.6738109433071064, 0.6890122298673964], "tmeasure0_f": [0.6999730924834964, 0.6766942122760863, 0.6881368342154325]}