{"orig_r": [0.6631751074966024, 0.5728251887359669, 0.6146979208251847], "orig_f": [0.5218086512861203, 0.6010857002671178, 0.5586486709633915], "tmeasure1_r": [0.6451825176325546, 0.5728009526699048, 0.6068410118145898], "tmeasure0_r": [0.6631751074966024, 0.5728251887359669, 0.6146979208251847], "tmeasure1_f": [0.5314686490541295, 0.5998684511440173, 0.563600849444195], "tmeasure0_f": [0.5218086512861203, 0.6010857002671178, 0.5586486709633915]}