{"orig_r": [0.5193284112288548, 0.5431626820742925, 0.5309782161909636], "orig_f": [0.5304206885664835, 0.5433517849581798, 0.5368083742458236], "tmeasure1_r": [0.47731257849488984, 0.5316891867057624, 0.5030356643903605], "tmeasure0_r": [0.5193284112288548, 0.5431626820742925, 0.5309782161909636], "tmeasure1_f": [0.5339446749648352, 0.5339117332910772, 0.533928203619857], "tmeasure0_f": [0.5304206885664835, 0.5433517849581798, 0.5368083742458236]}