{"orig_r": [0.4218228758947344, 0.438628979842054, 0.4300618018176425], "orig_f": [0.485650675674249, 0.46650285467190494, 0.47588423369708466], "tmeasure1_r": [0.4063893298042997, 0.43529327762454023, 0.42034501319337236], "tmeasure0_r": [0.4218228758947344, 0.438628979842054, 0.4300618018176425], "tmeasure1_f": [0.4912599364517344, 0.4628316596332218, 0.4766222711367878], "tmeasure0_f": [0.485650675674249, 0.46650285467190494, 0.47588423369708466]}