{"orig_r": [0.4105016269329987, 0.2727332116134241, 0.32772751261970484], "orig_f": [0.4595607858726626, 0.4885074475452079, 0.47359221327179335], "tmeasure1_r": [0.405354218234731, 0.26653482681764856, 0.3216037444056693], "tmeasure0_r": [0.4105016269329987, 0.2727332116134241, 0.32772751261970484], "tmeasure1_f": [0.4657026769228952, 0.4859459666972297, 0.475609016096323], "tmeasure0_f": [0.4595607858726626, 0.4885074475452079, 0.47359221327179335]}