{"orig_r": [0.4109016841222263, 0.44594842928209877, 0.4277083185427772], "orig_f": [0.5928315727672762, 0.48963190465106515, 0.5363123249268709], "tmeasure1_r": [0.6856391006168828, 0.4457161166502895, 0.5402377479439966], "tmeasure0_r": [0.4109016841222263, 0.44594842928209877, 0.4277083185427772], "tmeasure1_f": [0.5983389604026063, 0.4911219188025551, 0.539454667783287], "tmeasure0_f": [0.5928315727672762, 0.48963190465106515, 0.5363123249268709]}