{"orig_r": [0.2787724332207785, 0.45683346894613897, 0.3462521911247698], "orig_f": [0.5247199867943877, 0.4869813833020947, 0.5051468201353111], "tmeasure1_r": [0.4628843890428714, 0.45664783650525165, 0.4597449636579817], "tmeasure0_r": [0.2787724332207785, 0.45683346894613897, 0.3462521911247698], "tmeasure1_f": [0.5284877919551911, 0.4875628972343239, 0.5072011499823557], "tmeasure0_f": [0.5247199867943877, 0.4869813833020947, 0.5051468201353111]}