{"orig_r": [0.20422534057724717, 0.40270442966844255, 0.2710114195509355], "orig_f": [0.79606780051474, 0.647744229603141, 0.7142873357471426], "tmeasure1_r": [0.06096064166380355, 0.39438716372190014, 0.10559881602631048], "tmeasure0_r": [0.20422534057724717, 0.40270442966844255, 0.2710114195509355], "tmeasure1_f": [0.8117068212980467, 0.6375426618826033, 0.7141596164421289], "tmeasure0_f": [0.79606780051474, 0.647744229603141, 0.7142873357471426]}