{"orig_r": [0.2947956135635051, 0.4988496628827771, 0.3705904811881775], "orig_f": [0.5881448353146597, 0.5341692754522634, 0.5598591295022355], "tmeasure1_r": [0.020395556743617392, 0.48802018308884765, 0.03915474111599706], "tmeasure0_r": [0.2947956135635051, 0.4988496628827771, 0.3705904811881775], "tmeasure1_f": [0.5932216247205297, 0.5240724142950307, 0.5565072008318107], "tmeasure0_f": [0.5881448353146597, 0.5341692754522634, 0.5598591295022355]}