{"orig_r": [0.10930549914129237, 0.4902371539520341, 0.17875497776133167], "orig_f": [0.6461454489416215, 0.5799407340458668, 0.6112556705378419], "tmeasure1_r": [0.09056236341322627, 0.48197314449808176, 0.15247482982037977], "tmeasure0_r": [0.10930549914129237, 0.4902371539520341, 0.17875497776133167], "tmeasure1_f": [0.6490976363033898, 0.5612584557763574, 0.6019906693305934], "tmeasure0_f": [0.6461454489416215, 0.5799407340458668, 0.6112556705378419]}