{"orig_r": [0.28443279919365516, 0.5009459157285094, 0.36284520155199246], "orig_f": [0.6353225498646164, 0.5552871802442826, 0.5926147894451743], "tmeasure1_r": [0.16897335596001548, 0.4968581461044715, 0.25218328698185555], "tmeasure0_r": [0.28443279919365516, 0.5009459157285094, 0.36284520155199246], "tmeasure1_f": [0.6504818673870261, 0.5421801028623987, 0.5914137191718561], "tmeasure0_f": [0.6353225498646164, 0.5552871802442826, 0.5926147894451743]}