{"orig_r": [0.33782290770751083, 0.42622097589767316, 0.3769082182145693], "orig_f": [0.5010372804581825, 0.5006987768636392, 0.5008679714678596], "tmeasure1_r": [0.4115429587592728, 0.41993707605687547, 0.4156976464537184], "tmeasure0_r": [0.33782290770751083, 0.42622097589767316, 0.3769082182145693], "tmeasure1_f": [0.5037373742194765, 0.49266400500535995, 0.4981391584321585], "tmeasure0_f": [0.5010372804581825, 0.5006987768636392, 0.5008679714678596]}