{"orig_r": [0.20882287830434515, 0.46093583059177745, 0.2874287279262767], "orig_f": [0.5693162130054589, 0.519342880480756, 0.5431825697056827], "tmeasure1_r": [0.17030241006051, 0.4524147049575124, 0.24745526577938703], "tmeasure0_r": [0.20882287830434515, 0.46093583059177745, 0.2874287279262767], "tmeasure1_f": [0.575025262561855, 0.5114738395500483, 0.5413909285504315], "tmeasure0_f": [0.5693162130054589, 0.519342880480756, 0.5431825697056827]}