{"orig_r": [0.3512956872498477, 0.2611644860305704, 0.2995981179117621], "orig_f": [0.43924601807645364, 0.271224914202593, 0.3353675939547803], "tmeasure1_r": [0.3916811408859265, 0.2584512888536108, 0.31141500116269055], "tmeasure0_r": [0.3512956872498477, 0.2611644860305704, 0.2995981179117621], "tmeasure1_f": [0.4421767952055339, 0.26818537701236367, 0.33387293176962635], "tmeasure0_f": [0.43924601807645364, 0.271224914202593, 0.3353675939547803]}