{"orig_r": [0.4432000383747961, 0.19082900009853926, 0.2667872133123236], "orig_f": [0.43582576722921673, 0.24280086729827133, 0.3118618365100496], "tmeasure1_r": [0.40638211242151884, 0.18754431606120592, 0.2566467888229987], "tmeasure0_r": [0.4432000383747961, 0.19082900009853926, 0.2667872133123236], "tmeasure1_f": [0.4385010977739382, 0.2400382929552152, 0.3102459677559341], "tmeasure0_f": [0.43582576722921673, 0.24280086729827133, 0.3118618365100496]}