{"orig_r": [0.47829063566870916, 0.6890479242778329, 0.5646436792495599], "orig_f": [0.6693876742894067, 0.7080242934745934, 0.6881641023037224], "tmeasure1_r": [0.5292113575724231, 0.6832965795471544, 0.5964634117707733], "tmeasure0_r": [0.47829063566870916, 0.6890479242778329, 0.5646436792495599], "tmeasure1_f": [0.669868769224939, 0.7005846935107177, 0.684882513913393], "tmeasure0_f": [0.6693876742894067, 0.7080242934745934, 0.6881641023037224]}