{"orig_r": [0.4761278071692454, 0.6921593933200054, 0.5641700671119894], "orig_f": [0.6735920787693415, 0.7104401988005292, 0.6915256213411454], "tmeasure1_r": [0.5274105960362626, 0.6864534571450981, 0.596512972000757], "tmeasure0_r": [0.4761278071692454, 0.6921593933200054, 0.5641700671119894], "tmeasure1_f": [0.6740775552808956, 0.7028895440799144, 0.6881821152093345], "tmeasure0_f": [0.6735920787693415, 0.7104401988005292, 0.6915256213411454]}