{"orig_r": [0.31818372519371113, 0.5449457185677036, 0.40177718421146735], "orig_f": [0.7248285131788307, 0.7054137941633402, 0.7149893818333641], "tmeasure1_r": [0.19902935088824178, 0.5314215320805203, 0.28959779512661393], "tmeasure0_r": [0.31818372519371113, 0.5449457185677036, 0.40177718421146735], "tmeasure1_f": [0.7392629847382701, 0.6896638172591107, 0.7136025880406064], "tmeasure0_f": [0.7248285131788307, 0.7054137941633402, 0.7149893818333641]}