{"orig_r": [0.2690900422748241, 0.6579652919156689, 0.3819662142854859], "orig_f": [0.7402042268974629, 0.7161189128828711, 0.7279624031203288], "tmeasure1_r": [0.1174933454678771, 0.6458331025048781, 0.19881688110957446], "tmeasure0_r": [0.2690900422748241, 0.6579652919156689, 0.3819662142854859], "tmeasure1_f": [0.7555504908732693, 0.7016989808556301, 0.7276297157297916], "tmeasure0_f": [0.7402042268974629, 0.7161189128828711, 0.7279624031203288]}