{"orig_r": [0.4540979117268687, 0.4368392610580875, 0.4453014247608807], "orig_f": [0.6168813797263435, 0.44796769521348306, 0.5190274122400669], "tmeasure1_r": [0.5317983826795883, 0.43217404574873813, 0.4768382409857726], "tmeasure0_r": [0.4540979117268687, 0.4368392610580875, 0.4453014247608807], "tmeasure1_f": [0.6133532392291209, 0.4438650387822601, 0.5150233683620212], "tmeasure0_f": [0.6168813797263435, 0.44796769521348306, 0.5190274122400669]}