{"orig_r": [0.6462804392916511, 0.42878746423465786, 0.5155338557487614], "orig_f": [0.5086194431695967, 0.4033297381517882, 0.4498964438681958], "tmeasure1_r": [0.7583856248937978, 0.42598918819650194, 0.5455436456732122], "tmeasure0_r": [0.6462804392916511, 0.42878746423465786, 0.5155338557487614], "tmeasure1_f": [0.5075371223860171, 0.40116251245327733, 0.44812358093593624], "tmeasure0_f": [0.5086194431695967, 0.4033297381517882, 0.4498964438681958]}