{"orig_r": [0.3836906981822636, 0.5650143375810575, 0.45702454924788477], "orig_f": [0.6278628044307092, 0.6275699789833261, 0.6277163575567454], "tmeasure1_r": [0.28775408255608553, 0.5614295455979772, 0.3804916591823791], "tmeasure0_r": [0.3836906981822636, 0.5650143375810575, 0.45702454924788477], "tmeasure1_f": [0.6387782524573355, 0.6248324665778275, 0.6317284034816493], "tmeasure0_f": [0.6278628044307092, 0.6275699789833261, 0.6277163575567454]}