{"orig_r": [0.37971165515199284, 0.5341164895960395, 0.4438695776094853], "orig_f": [0.5198830562221322, 0.5616001272890861, 0.5399369957873413], "tmeasure1_r": [0.23118645635403862, 0.5232311097698963, 0.3206816796257405], "tmeasure0_r": [0.37971165515199284, 0.5341164895960395, 0.4438695776094853], "tmeasure1_f": [0.5239609348701918, 0.5532181858167017, 0.5381922323983965], "tmeasure0_f": [0.5198830562221322, 0.5616001272890861, 0.5399369957873413]}