{"orig_r": [0.18353235285162672, 0.4458536013226689, 0.2600266495793448], "orig_f": [0.35032187174435536, 0.4464116663529375, 0.39257232951120097], "tmeasure1_r": [0.2250651939785542, 0.4385747959154928, 0.2974743023927306], "tmeasure0_r": [0.18353235285162672, 0.4458536013226689, 0.2600266495793448], "tmeasure1_f": [0.3514235832973194, 0.43925814818732967, 0.3904622208450083], "tmeasure0_f": [0.35032187174435536, 0.4464116663529375, 0.39257232951120097]}