{"orig_r": [0.3845199027666278, 0.522704259835322, 0.443088267382856], "orig_f": [0.6184491231300132, 0.5071090342916267, 0.5572722040545439], "tmeasure1_r": [0.25340271865542335, 0.5156481875494671, 0.3398127524212666], "tmeasure0_r": [0.3845199027666278, 0.522704259835322, 0.443088267382856], "tmeasure1_f": [0.6219685218249, 0.5003606471180175, 0.5545762877400046], "tmeasure0_f": [0.6184491231300132, 0.5071090342916267, 0.5572722040545439]}