{"orig_r": [0.5967077293632151, 0.7104980242768727, 0.6486502398000181], "orig_f": [0.7593275369182295, 0.747639419788317, 0.7534381515193189], "tmeasure1_r": [0.6204004853726282, 0.7060301562702372, 0.6604513464725926], "tmeasure0_r": [0.5967077293632151, 0.7104980242768727, 0.6486502398000181], "tmeasure1_f": [0.761595715807986, 0.742988760805488, 0.7521771836920423], "tmeasure0_f": [0.7593275369182295, 0.747639419788317, 0.7534381515193189]}