{"orig_r": [0.5851442848796535, 0.7117447502299812, 0.6422652387603272], "orig_f": [0.7600365346121943, 0.7491062914443813, 0.7545318308848205], "tmeasure1_r": [0.6110402250881493, 0.7077151340428932, 0.655834172440907], "tmeasure0_r": [0.5851442848796535, 0.7117447502299812, 0.6422652387603272], "tmeasure1_f": [0.7628774298929784, 0.7449785975508321, 0.7538217807018485], "tmeasure0_f": [0.7600365346121943, 0.7491062914443813, 0.7545318308848205]}