{"orig_r": [0.16471362359906072, 0.4887887597380188, 0.24639594236770287], "orig_f": [0.6837002078693332, 0.5462387719714932, 0.6072879517836426], "tmeasure1_r": [0.20235020636068954, 0.4781267926658318, 0.2843565772271898], "tmeasure0_r": [0.16471362359906072, 0.4887887597380188, 0.24639594236770287], "tmeasure1_f": [0.7083080171023609, 0.5370651675978872, 0.6109133689233366], "tmeasure0_f": [0.6837002078693332, 0.5462387719714932, 0.6072879517836426]}