{"orig_r": [0.16344726828517905, 0.49950447215747995, 0.2463004061678964], "orig_f": [0.6776690912651888, 0.5599764972779501, 0.6132268681002695], "tmeasure1_r": [0.20127436650749234, 0.4887732210009317, 0.2851325682566439], "tmeasure0_r": [0.16344726828517905, 0.49950447215747995, 0.2463004061678964], "tmeasure1_f": [0.7063221781528413, 0.5506632509113235, 0.6188546944446023], "tmeasure0_f": [0.6776690912651888, 0.5599764972779501, 0.6132268681002695]}