{"orig_r": [0.3498734131116745, 0.5208931017719857, 0.41858901156216544], "orig_f": [0.5206315260528104, 0.543969466660911, 0.5320446918462718], "tmeasure1_r": [0.42299743594058103, 0.5159636117074661, 0.46487825099366065], "tmeasure0_r": [0.3498734131116745, 0.5208931017719857, 0.41858901156216544], "tmeasure1_f": [0.5275416314922364, 0.5391521095780043, 0.5332836831383121], "tmeasure0_f": [0.5206315260528104, 0.543969466660911, 0.5320446918462718]}