{"orig_r": [0.37863543358618024, 0.5521078115303276, 0.4492056895431665], "orig_f": [0.6158650942850393, 0.5490167933305903, 0.5805228543482716], "tmeasure1_r": [0.3774200603030849, 0.5427323420136959, 0.44522640539870917], "tmeasure0_r": [0.37863543358618024, 0.5521078115303276, 0.4492056895431665], "tmeasure1_f": [0.6212126037333469, 0.5419720584719114, 0.5788932480518669], "tmeasure0_f": [0.6158650942850393, 0.5490167933305903, 0.5805228543482716]}