{"orig_r": [0.5195504692983738, 0.5912107815611225, 0.5530690574174407], "orig_f": [0.7255777985075771, 0.6402082820642385, 0.6802249964240469], "tmeasure1_r": [0.5428643876743839, 0.576970984560248, 0.5593982972946475], "tmeasure0_r": [0.5195504692983738, 0.5912107815611225, 0.5530690574174407], "tmeasure1_f": [0.7315113442111733, 0.6271102348520471, 0.6752995211242102], "tmeasure0_f": [0.7255777985075771, 0.6402082820642385, 0.6802249964240469]}