{"orig_r": [0.2782395258056934, 0.5002525361749108, 0.3575888188102566], "orig_f": [0.405409558096622, 0.5326075705720685, 0.46038434315372206], "tmeasure1_r": [0.29043582216469443, 0.48527938478587485, 0.3633872736720602], "tmeasure0_r": [0.2782395258056934, 0.5002525361749108, 0.3575888188102566], "tmeasure1_f": [0.40573413513885453, 0.5179740385412787, 0.45503494402270106], "tmeasure0_f": [0.405409558096622, 0.5326075705720685, 0.46038434315372206]}