{"orig_r": [0.209403073657183, 0.2992719780205198, 0.24639884283795616], "orig_f": [0.6863871883139688, 0.32637923209649966, 0.4423972180120142], "tmeasure1_r": [0.2104974690110181, 0.2945742871709415, 0.24553795030609082], "tmeasure0_r": [0.209403073657183, 0.2992719780205198, 0.24639884283795616], "tmeasure1_f": [0.6917485250698774, 0.32107317875302205, 0.43858044708871385], "tmeasure0_f": [0.6863871883139688, 0.32637923209649966, 0.4423972180120142]}