{"orig_r": [0.23572818559987568, 0.2972121232823173, 0.2629235334312622], "orig_f": [0.687834008760961, 0.3342587882996022, 0.44988980057565836], "tmeasure1_r": [0.2475898264917251, 0.292243203462844, 0.2680697179453461], "tmeasure0_r": [0.23572818559987568, 0.2972121232823173, 0.2629235334312622], "tmeasure1_f": [0.6923950255281056, 0.3287500063833711, 0.44582280077510467], "tmeasure0_f": [0.687834008760961, 0.3342587882996022, 0.44988980057565836]}