{"orig_r": [0.21945566316496015, 0.5120270382978334, 0.3072314164732356], "orig_f": [0.7382139164209256, 0.6089546521509409, 0.6673831459171359], "tmeasure1_r": [0.2283683033429488, 0.5026007847164808, 0.3140436178204178], "tmeasure0_r": [0.21945566316496015, 0.5120270382978334, 0.3072314164732356], "tmeasure1_f": [0.7433816720901659, 0.5979608924875139, 0.6627884327846564], "tmeasure0_f": [0.7382139164209256, 0.6089546521509409, 0.6673831459171359]}