{"orig_r": [0.38601653433537475, 0.46111949332832347, 0.420238882343337], "orig_f": [0.5971143956995671, 0.5043550178334065, 0.54682887784541], "tmeasure1_r": [0.390990423351862, 0.4564610891391575, 0.42119675723173006], "tmeasure0_r": [0.38601653433537475, 0.46111949332832347, 0.420238882343337], "tmeasure1_f": [0.6019487571759112, 0.49664375955873935, 0.544249281278808], "tmeasure0_f": [0.5971143956995671, 0.5043550178334065, 0.54682887784541]}