{"orig_r": [0.181836193877153, 0.39144553837779167, 0.24832107078952445], "orig_f": [0.5656480122784747, 0.4183759690378612, 0.48099139810550906], "tmeasure1_r": [0.425399026131888, 0.38558572453325074, 0.40451510727488765], "tmeasure0_r": [0.181836193877153, 0.39144553837779167, 0.24832107078952445], "tmeasure1_f": [0.5771670977159886, 0.4131072034678094, 0.4815471539270617], "tmeasure0_f": [0.5656480122784747, 0.4183759690378612, 0.48099139810550906]}