{"orig_r": [0.16406209705986471, 0.38581459339815466, 0.23022452985405384], "orig_f": [0.5396750201773652, 0.40466736259408415, 0.4625205244567281], "tmeasure1_r": [0.4234717049847476, 0.3790016822552452, 0.4000045138661206], "tmeasure0_r": [0.16406209705986471, 0.38581459339815466, 0.23022452985405384], "tmeasure1_f": [0.5448455158010079, 0.3977499477564611, 0.4598203234021406], "tmeasure0_f": [0.5396750201773652, 0.40466736259408415, 0.4625205244567281]}