{"orig_r": [0.3190870156721313, 0.5404882676452315, 0.4012744239530263], "orig_f": [0.5944855801133896, 0.5786549013711835, 0.586463428986408], "tmeasure1_r": [0.4180557984087643, 0.5372566471120722, 0.470219471361329], "tmeasure0_r": [0.3190870156721313, 0.5404882676452315, 0.4012744239530263], "tmeasure1_f": [0.5966485190948365, 0.5756276816620723, 0.5859496313102905], "tmeasure0_f": [0.5944855801133896, 0.5786549013711835, 0.586463428986408]}