{"orig_r": [0.20620264778050162, 0.4543080519608577, 0.2836578522013748], "orig_f": [0.5287247545774689, 0.5211921401997529, 0.5249314260692829], "tmeasure1_r": [0.2405239558122011, 0.4479899197687187, 0.3129996692538664], "tmeasure0_r": [0.20620264778050162, 0.4543080519608577, 0.2836578522013748], "tmeasure1_f": [0.5290733439976835, 0.5156731478707526, 0.5222873086960277], "tmeasure0_f": [0.5287247545774689, 0.5211921401997529, 0.5249314260692829]}