{"orig_r": [0.28842659784429925, 0.4878485336442089, 0.36252222212122315], "orig_f": [0.6985456945819781, 0.5661383871883788, 0.6254107861536878], "tmeasure1_r": [0.35140841067902495, 0.4868376819958237, 0.40818288944932446], "tmeasure0_r": [0.28842659784429925, 0.4878485336442089, 0.36252222212122315], "tmeasure1_f": [0.7014416116056523, 0.5613507266208813, 0.6236255106044504], "tmeasure0_f": [0.6985456945819781, 0.5661383871883788, 0.6254107861536878]}