{"orig_r": [0.28223804844213907, 0.45528356504587514, 0.3484598757143156], "orig_f": [0.704541745709935, 0.5542145193398376, 0.6204017025298256], "tmeasure1_r": [0.3426633818102371, 0.4541618938221247, 0.39061173179509673], "tmeasure0_r": [0.28223804844213907, 0.45528356504587514, 0.3484598757143156], "tmeasure1_f": [0.7073913356220035, 0.5492023527564849, 0.6183398650433763], "tmeasure0_f": [0.704541745709935, 0.5542145193398376, 0.6204017025298256]}