{"orig_r": [0.34761856385631923, 0.5585501234046935, 0.4285347628300534], "orig_f": [0.5323095178508054, 0.5857743252880955, 0.5577636249319274], "tmeasure1_r": [0.29194581511993645, 0.5567608183685463, 0.3830392847934631], "tmeasure0_r": [0.34761856385631923, 0.5585501234046935, 0.4285347628300534], "tmeasure1_f": [0.5387803434957664, 0.5837298152174946, 0.5603551075423984], "tmeasure0_f": [0.5323095178508054, 0.5857743252880955, 0.5577636249319274]}