{"orig_r": [0.43229667742854583, 0.5303560781049984, 0.47633202959410437], "orig_f": [0.5566313549092371, 0.5647439323486739, 0.5606582984518953], "tmeasure1_r": [0.3996828230968224, 0.5296291368980707, 0.4555707399502694], "tmeasure0_r": [0.43229667742854583, 0.5303560781049984, 0.47633202959410437], "tmeasure1_f": [0.5657053968082776, 0.5650785284337716, 0.5653917888637088], "tmeasure0_f": [0.5566313549092371, 0.5647439323486739, 0.5606582984518953]}