{"orig_r": [0.419473988060215, 0.3228242811503847, 0.36485707773731735], "orig_f": [0.6469747012706605, 0.35771681530990934, 0.460706049379807], "tmeasure1_r": [0.6256232577848745, 0.32141563439562904, 0.42466069335462775], "tmeasure0_r": [0.419473988060215, 0.3228242811503847, 0.36485707773731735], "tmeasure1_f": [0.6514647961651794, 0.3561484443107846, 0.4605302200433038], "tmeasure0_f": [0.6469747012706605, 0.35771681530990934, 0.460706049379807]}