{"orig_r": [0.2810202553166073, 0.3607215730460049, 0.31592164972085307], "orig_f": [0.572292815795418, 0.3863112008896745, 0.4612605853561501], "tmeasure1_r": [0.2379895011785689, 0.3593658261019592, 0.2863464667971915], "tmeasure0_r": [0.2810202553166073, 0.3607215730460049, 0.31592164972085307], "tmeasure1_f": [0.5765421797462061, 0.3850088534837413, 0.46169955818875524], "tmeasure0_f": [0.572292815795418, 0.3863112008896745, 0.4612605853561501]}