{"orig_r": [0.3163182899499814, 0.37525789493976175, 0.3432765274775895], "orig_f": [0.5508984646422753, 0.39442452833433356, 0.45971137630419306], "tmeasure1_r": [0.31127899087542177, 0.37330986771245317, 0.3394841077170511], "tmeasure0_r": [0.3163182899499814, 0.37525789493976175, 0.3432765274775895], "tmeasure1_f": [0.5554102456344799, 0.392813437857351, 0.4601711849369884], "tmeasure0_f": [0.5508984646422753, 0.39442452833433356, 0.45971137630419306]}