{"orig_r": [0.3965178798256569, 0.48101030263307565, 0.4346964329737277], "orig_f": [0.7467644277822004, 0.565225411578665, 0.6434352132652512], "tmeasure1_r": [0.6263032272596228, 0.4808525605889529, 0.5440237297013593], "tmeasure0_r": [0.3965178798256569, 0.48101030263307565, 0.4346964329737277], "tmeasure1_f": [0.7649907264944671, 0.5648737872705766, 0.649875539092918], "tmeasure0_f": [0.7467644277822004, 0.565225411578665, 0.6434352132652512]}