{"orig_r": [0.3056447488303823, 0.5775515362218904, 0.39974261036365955], "orig_f": [0.7141076812420385, 0.6007295004951139, 0.6525303004977111], "tmeasure1_r": [0.562071619458932, 0.5768581018749602, 0.5693688757882728], "tmeasure0_r": [0.3056447488303823, 0.5775515362218904, 0.39974261036365955], "tmeasure1_f": [0.7330147478671077, 0.600365439636483, 0.6600918860016837], "tmeasure0_f": [0.7141076812420385, 0.6007295004951139, 0.6525303004977111]}