{"orig_r": [0.25815824203674265, 0.5917040014618891, 0.3594777059271805], "orig_f": [0.7237467431304752, 0.6147626580166805, 0.6648178505978095], "tmeasure1_r": [0.23558583321960072, 0.5805789950201041, 0.3351680483134932], "tmeasure0_r": [0.25815824203674265, 0.5917040014618891, 0.3594777059271805], "tmeasure1_f": [0.7466890870761067, 0.6028954250743558, 0.6671318920721918], "tmeasure0_f": [0.7237467431304752, 0.6147626580166805, 0.6648178505978095]}