{"orig_r": [0.42167461451739857, 0.3873308188527696, 0.4037737374644253], "orig_f": [0.5978285231808208, 0.46329093693042533, 0.5220308307212422], "tmeasure1_r": [0.3657909590162855, 0.3856258937455801, 0.37544663784486965], "tmeasure0_r": [0.42167461451739857, 0.3873308188527696, 0.4037737374644253], "tmeasure1_f": [0.599332254624266, 0.46066427796342124, 0.5209280442883665], "tmeasure0_f": [0.5978285231808208, 0.46329093693042533, 0.5220308307212422]}