{"orig_r": [0.3456058738338385, 0.4498495407256185, 0.3908971911451048], "orig_f": [0.6279962298805659, 0.4914681415891951, 0.5514068118473562], "tmeasure1_r": [0.33110798145078923, 0.446847219391987, 0.3803681257468198], "tmeasure0_r": [0.3456058738338385, 0.4498495407256185, 0.3908971911451048], "tmeasure1_f": [0.6304451130350378, 0.488383931989229, 0.5503955489478154], "tmeasure0_f": [0.6279962298805659, 0.4914681415891951, 0.5514068118473562]}