{"orig_r": [0.24426663150651273, 0.6211893791635287, 0.3506494502439755], "orig_f": [0.6202958651805178, 0.6485720995638438, 0.6341189198703618], "tmeasure1_r": [0.32407167669333614, 0.6108315489329588, 0.42347314420117016], "tmeasure0_r": [0.24426663150651273, 0.6211893791635287, 0.3506494502439755], "tmeasure1_f": [0.6229844365884789, 0.6374975129225974, 0.6301574236246545], "tmeasure0_f": [0.6202958651805178, 0.6485720995638438, 0.6341189198703618]}