{"orig_r": [0.28128915090433027, 0.6341313282524702, 0.3897100118412779], "orig_f": [0.6426235661291362, 0.6496911232502282, 0.6461380187607615], "tmeasure1_r": [0.3906094324433624, 0.6223750331860732, 0.479978848103407], "tmeasure0_r": [0.28128915090433027, 0.6341313282524702, 0.3897100118412779], "tmeasure1_f": [0.6439660007173146, 0.6366840416692, 0.6403043180636655], "tmeasure0_f": [0.6426235661291362, 0.6496911232502282, 0.6461380187607615]}