{"orig_r": [0.19753682519667873, 0.37911756298255717, 0.25973852381263424], "orig_f": [0.5317468149643003, 0.42203454891934983, 0.4705806502215018], "tmeasure1_r": [0.14749955354319236, 0.3760474395466134, 0.21188863722371404], "tmeasure0_r": [0.19753682519667873, 0.37911756298255717, 0.25973852381263424], "tmeasure1_f": [0.5324466829840917, 0.41886139935841604, 0.46887305355231335], "tmeasure0_f": [0.5317468149643003, 0.42203454891934983, 0.4705806502215018]}