{"orig_r": [0.2769776059373073, 0.48382247266003164, 0.35228174640336474], "orig_f": [0.7459569639608744, 0.532550380233366, 0.6214429140341899], "tmeasure1_r": [0.17973041517887617, 0.47980201177954596, 0.26150348718557914], "tmeasure0_r": [0.2769776059373073, 0.48382247266003164, 0.35228174640336474], "tmeasure1_f": [0.7476945637475549, 0.5280837581810576, 0.6189874030755778], "tmeasure0_f": [0.7459569639608744, 0.532550380233366, 0.6214429140341899]}