{"orig_r": [0.4595308764304416, 0.4141219482152222, 0.4356463264217239], "orig_f": [0.6313555793168766, 0.522476886544195, 0.5717791917696072], "tmeasure1_r": [0.172080884530614, 0.4107058330169663, 0.24254026696026112], "tmeasure0_r": [0.4595308764304416, 0.4141219482152222, 0.4356463264217239], "tmeasure1_f": [0.6386348074588865, 0.518616697717326, 0.5724022365237464], "tmeasure0_f": [0.6313555793168766, 0.522476886544195, 0.5717791917696072]}