{"orig_r": [0.42522262691915125, 0.4735835669349863, 0.4481020486392358], "orig_f": [0.6204448592652891, 0.5270383380451595, 0.5699398967100907], "tmeasure1_r": [0.12238915147169094, 0.4675176828817406, 0.19399365857024667], "tmeasure0_r": [0.42522262691915125, 0.4735835669349863, 0.4481020486392358], "tmeasure1_f": [0.626138250582351, 0.5213256532423891, 0.5689450124171356], "tmeasure0_f": [0.6204448592652891, 0.5270383380451595, 0.5699398967100907]}