{"orig_r": [0.2958249067050502, 0.5823792586906604, 0.3923513384646544], "orig_f": [0.7178414797069351, 0.6424757784745774, 0.6780708848942892], "tmeasure1_r": [0.1536884011705772, 0.5799919985534143, 0.24298875363969227], "tmeasure0_r": [0.2958249067050502, 0.5823792586906604, 0.3923513384646544], "tmeasure1_f": [0.7289327076926763, 0.6400697589097131, 0.6816171538860561], "tmeasure0_f": [0.7178414797069351, 0.6424757784745774, 0.6780708848942892]}