{"orig_r": [0.32598531291520566, 0.6123355129019685, 0.4254672352787241], "orig_f": [0.7225012268212923, 0.6673148313020388, 0.6938123667139013], "tmeasure1_r": [0.1412614579345026, 0.6105025774295466, 0.22943498253067265], "tmeasure0_r": [0.32598531291520566, 0.6123355129019685, 0.4254672352787241], "tmeasure1_f": [0.7359213454196007, 0.6654180661109641, 0.6988961481416364], "tmeasure0_f": [0.7225012268212923, 0.6673148313020388, 0.6938123667139013]}