{"orig_r": [0.12075187141972937, 0.6646634720854763, 0.20437430661965256], "orig_f": [0.6229948884258378, 0.7094724026782684, 0.6634274376544158], "tmeasure1_r": [0.1056269482282911, 0.6618834381425912, 0.18218053825806346], "tmeasure0_r": [0.12075187141972937, 0.6646634720854763, 0.20437430661965256], "tmeasure1_f": [0.6236754313639599, 0.706096841537942, 0.6623318311035237], "tmeasure0_f": [0.6229948884258378, 0.7094724026782684, 0.6634274376544158]}