{"orig_r": [0.06642894212327355, 0.7601544385280085, 0.1221806689651552], "orig_f": [0.40525618020067, 0.6905896573668855, 0.5107757259941057], "tmeasure1_r": [0.04971923783270542, 0.7552747565710828, 0.0932968084533567], "tmeasure0_r": [0.06642894212327355, 0.7601544385280085, 0.1221806689651552], "tmeasure1_f": [0.40607865761320816, 0.6874440399087838, 0.510563436027345], "tmeasure0_f": [0.40525618020067, 0.6905896573668855, 0.5107757259941057]}