{"orig_r": [0.15988260098024637, 0.34600094157192973, 0.2187046062065907], "orig_f": [0.3495136980741916, 0.37656797115924706, 0.36253680475122674], "tmeasure1_r": [0.2141638624615072, 0.3451602324776474, 0.2643220602308081], "tmeasure0_r": [0.15988260098024637, 0.34600094157192973, 0.2187046062065907], "tmeasure1_f": [0.35259769416135195, 0.37598919856322155, 0.36391795067080057], "tmeasure0_f": [0.3495136980741916, 0.37656797115924706, 0.36253680475122674]}