{"orig_r": [0.35342842737269137, 0.5498195729886052, 0.4302735615077127], "orig_f": [0.5857215185358913, 0.6732036322149214, 0.6264230300103835], "tmeasure1_r": [0.31917231332777657, 0.546626977700143, 0.4030222681120202], "tmeasure0_r": [0.35342842737269137, 0.5498195729886052, 0.4302735615077127], "tmeasure1_f": [0.5923409141775029, 0.671301840742274, 0.6293543716943376], "tmeasure0_f": [0.5857215185358913, 0.6732036322149214, 0.6264230300103835]}