{"orig_r": [0.3277765305266114, 0.5854488640225265, 0.42026075620638964], "orig_f": [0.4920505447865528, 0.6049224307663483, 0.5426795705011117], "tmeasure1_r": [0.23123821003021058, 0.5836925851683501, 0.33124782962545696], "tmeasure0_r": [0.3277765305266114, 0.5854488640225265, 0.42026075620638964], "tmeasure1_f": [0.4969457133483322, 0.60307402420483, 0.5448903159264173], "tmeasure0_f": [0.4920505447865528, 0.6049224307663483, 0.5426795705011117]}