{"orig_r": [0.26920167244372295, 0.5360238795823726, 0.3584052306593248], "orig_f": [0.6976976671007642, 0.58791556072698, 0.6381193134805104], "tmeasure1_r": [0.2668646246236604, 0.5250824212785055, 0.35387700219613344], "tmeasure0_r": [0.26920167244372295, 0.5360238795823726, 0.3584052306593248], "tmeasure1_f": [0.7079195859101886, 0.5782367413162196, 0.6365402180205983], "tmeasure0_f": [0.6976976671007642, 0.58791556072698, 0.6381193134805104]}