{"orig_r": [0.24647233296695967, 0.48952604313036746, 0.3278665546470473], "orig_f": [0.6400560865215699, 0.5492114878291756, 0.5911641133653861], "tmeasure1_r": [0.2974751691715613, 0.48117294616810236, 0.36765517245153867], "tmeasure0_r": [0.24647233296695967, 0.48952604313036746, 0.3278665546470473], "tmeasure1_f": [0.6507584186004652, 0.541670037572935, 0.5912242956452198], "tmeasure0_f": [0.6400560865215699, 0.5492114878291756, 0.5911641133653861]}