{"orig_r": [0.4485168196378946, 0.3669952986538682, 0.4036814670984512], "orig_f": [0.4744945193894487, 0.39067962299371406, 0.42852723137801674], "tmeasure1_r": [0.4549101514967681, 0.36715655276250814, 0.4063496117160471], "tmeasure0_r": [0.4485168196378946, 0.3669952986538682, 0.4036814670984512], "tmeasure1_f": [0.47542354048369384, 0.3907889911754337, 0.4289715952523023], "tmeasure0_f": [0.4744945193894487, 0.39067962299371406, 0.42852723137801674]}