{"orig_r": [0.4452704822457987, 0.37095866131646854, 0.4047317920964166], "orig_f": [0.47904523284011474, 0.40245782112077266, 0.43742446440958144], "tmeasure1_r": [0.4516175395585129, 0.3710855187615949, 0.4074100059652344], "tmeasure0_r": [0.4452704822457987, 0.37095866131646854, 0.4047317920964166], "tmeasure1_f": [0.47993507623356996, 0.4025396089666719, 0.4378434444782149], "tmeasure0_f": [0.47904523284011474, 0.40245782112077266, 0.43742446440958144]}