{"orig_r": [0.24313301159653286, 0.3944311225786268, 0.300830054764643], "orig_f": [0.5437780509534698, 0.4214749113660619, 0.4748782231710039], "tmeasure1_r": [0.0, 0.38959581743441485, 0.0], "tmeasure0_r": [0.24313301159653286, 0.3944311225786268, 0.300830054764643], "tmeasure1_f": [0.5468880232709884, 0.4167027573575907, 0.473001095162417], "tmeasure0_f": [0.5437780509534698, 0.4214749113660619, 0.4748782231710039]}