{"orig_r": [0.2954476212028288, 0.4384028972431751, 0.35300129893811505], "orig_f": [0.5330165265701037, 0.4607706081630225, 0.49426751569812194], "tmeasure1_r": [0.0, 0.43274116532520285, 0.0], "tmeasure0_r": [0.2954476212028288, 0.4384028972431751, 0.35300129893811505], "tmeasure1_f": [0.5383585383672779, 0.4550744233228954, 0.49322543309138367], "tmeasure0_f": [0.5330165265701037, 0.4607706081630225, 0.49426751569812194]}