{"orig_r": [0.5289312389944516, 0.47813556687292913, 0.5022523556927107], "orig_f": [0.5449148546525842, 0.5045524756502812, 0.5239574991900514], "tmeasure1_r": [0.6762752657497518, 0.4737275331198282, 0.5571642324149141], "tmeasure0_r": [0.5289312389944516, 0.47813556687292913, 0.5022523556927107], "tmeasure1_f": [0.5552376420618848, 0.5006736496814832, 0.5265458544963247], "tmeasure0_f": [0.5449148546525842, 0.5045524756502812, 0.5239574991900514]}