{"orig_r": [0.509923167648868, 0.40942861379094203, 0.4541833493668622], "orig_f": [0.614745542442124, 0.4568597750275271, 0.5241715501794117], "tmeasure1_r": [0.6499484361994327, 0.40571930130413214, 0.4995826168603673], "tmeasure0_r": [0.509923167648868, 0.40942861379094203, 0.4541833493668622], "tmeasure1_f": [0.6209641733395475, 0.45360225796221526, 0.5242500471548037], "tmeasure0_f": [0.614745542442124, 0.4568597750275271, 0.5241715501794117]}