{"orig_r": [0.2690655208151595, 0.6958204856229248, 0.3880692643665224], "orig_f": [0.575019547108659, 0.7118542056021558, 0.636161988773937], "tmeasure1_r": [0.07865077968001973, 0.6857532166487104, 0.1411165441743921], "tmeasure0_r": [0.2690655208151595, 0.6958204856229248, 0.3880692643665224], "tmeasure1_f": [0.5775065260918921, 0.70299059844443, 0.6341000703612077], "tmeasure0_f": [0.575019547108659, 0.7118542056021558, 0.636161988773937]}