{"orig_r": [0.24325524268819532, 0.6167039313944703, 0.3488920614357103], "orig_f": [0.6022160346201835, 0.6412421723617696, 0.621116682655892], "tmeasure1_r": [0.07105864367594937, 0.6103060368944525, 0.1272960587644747], "tmeasure0_r": [0.24325524268819532, 0.6167039313944703, 0.3488920614357103], "tmeasure1_f": [0.6066709541090906, 0.6352976345666165, 0.6206543798611552], "tmeasure0_f": [0.6022160346201835, 0.6412421723617696, 0.621116682655892]}