{"orig_r": [0.3780097771856773, 0.33519243684537725, 0.35531583013489687], "orig_f": [0.514730030639766, 0.36561626361496796, 0.4275446419235432], "tmeasure1_r": [0.30316801848531905, 0.33161528941382773, 0.31675423389361906], "tmeasure0_r": [0.3780097771856773, 0.33519243684537725, 0.35531583013489687], "tmeasure1_f": [0.5211342752766265, 0.36288008219934226, 0.42784203005304167], "tmeasure0_f": [0.514730030639766, 0.36561626361496796, 0.4275446419235432]}