{"orig_r": [0.20207763525746233, 0.4328798030738723, 0.2755313086362729], "orig_f": [0.6747664622203452, 0.5181878652332339, 0.5862014740083136], "tmeasure1_r": [0.30316801848531905, 0.4276831250284687, 0.35481875264259943], "tmeasure0_r": [0.20207763525746233, 0.4328798030738723, 0.2755313086362729], "tmeasure1_f": [0.6857942062460588, 0.5157608300406893, 0.588746712998924], "tmeasure0_f": [0.6747664622203452, 0.5181878652332339, 0.5862014740083136]}