{"orig_r": [0.1668312090478164, 0.3211273159535387, 0.219584475457869], "orig_f": [0.6833784646873682, 0.32041515471170856, 0.4362745732943325], "tmeasure1_r": [0.046093506845318113, 0.31810931529046477, 0.08051982582624738], "tmeasure0_r": [0.1668312090478164, 0.3211273159535387, 0.219584475457869], "tmeasure1_f": [0.6933181769841595, 0.317428927005513, 0.43547835877994034], "tmeasure0_f": [0.6833784646873682, 0.32041515471170856, 0.4362745732943325]}