{"orig_r": [0.3559398489923513, 0.4155689179533834, 0.3834500507047281], "orig_f": [0.46787838928093595, 0.4085042360024605, 0.43618003926872606], "tmeasure1_r": [0.35254120333623956, 0.41192212625165064, 0.3799254102819158], "tmeasure0_r": [0.3559398489923513, 0.4155689179533834, 0.3834500507047281], "tmeasure1_f": [0.4684852130231258, 0.40469551225740835, 0.4342603032344823], "tmeasure0_f": [0.46787838928093595, 0.4085042360024605, 0.43618003926872606]}