{"orig_r": [0.08707000621715354, 0.41547817415554017, 0.143969030710593], "orig_f": [0.7663872725662387, 0.5086815546694998, 0.6114918049295796], "tmeasure1_r": [0.02877183529967313, 0.4081808485671739, 0.053754617289566015], "tmeasure0_r": [0.08707000621715354, 0.41547817415554017, 0.143969030710593], "tmeasure1_f": [0.7815424807714709, 0.5003529669089317, 0.6101076335468298], "tmeasure0_f": [0.7663872725662387, 0.5086815546694998, 0.6114918049295796]}