{"orig_r": [0.19490182395157843, 0.4036565392011662, 0.26287627266921215], "orig_f": [0.7937232159021695, 0.5301842018573532, 0.6357234714054332], "tmeasure1_r": [0.0, 0.39736395883602604, 0.0], "tmeasure0_r": [0.19490182395157843, 0.4036565392011662, 0.26287627266921215], "tmeasure1_f": [0.8187977121770612, 0.5233880188004225, 0.6385836214524023], "tmeasure0_f": [0.7937232159021695, 0.5301842018573532, 0.6357234714054332]}