{"orig_r": [0.1465621086185393, 0.28582583677958107, 0.19376690669534077], "orig_f": [0.33980809746935714, 0.29073863280701623, 0.3133640598903477], "tmeasure1_r": [0.20061205869894003, 0.28631171316755955, 0.23592022212426408], "tmeasure0_r": [0.1465621086185393, 0.28582583677958107, 0.19376690669534077], "tmeasure1_f": [0.34082334430269795, 0.2885259805295291, 0.3125017719801444], "tmeasure0_f": [0.33980809746935714, 0.29073863280701623, 0.3133640598903477]}