{"orig_r": [0.2663076671285975, 0.34791828252810386, 0.3016912789934477], "orig_f": [0.5028350755028821, 0.3462768764058909, 0.41012297353969046], "tmeasure1_r": [0.247241619231757, 0.34636030013120234, 0.28852562179696817], "tmeasure0_r": [0.2663076671285975, 0.34791828252810386, 0.3016912789934477], "tmeasure1_f": [0.5045174627437852, 0.3427996226202524, 0.4082259140557564], "tmeasure0_f": [0.5028350755028821, 0.3462768764058909, 0.41012297353969046]}