{"orig_r": [0.22455783033504947, 0.44337380401243887, 0.29812350347411004], "orig_f": [0.5130226684332824, 0.45607446102420357, 0.48287530710134546], "tmeasure1_r": [0.12675502868773134, 0.4391768443729162, 0.1967299463322884], "tmeasure0_r": [0.22455783033504947, 0.44337380401243887, 0.29812350347411004], "tmeasure1_f": [0.5160524857788968, 0.44882131282346055, 0.4800946082038812], "tmeasure0_f": [0.5130226684332824, 0.45607446102420357, 0.48287530710134546]}