{"orig_r": [0.08623004147213072, 0.3247312997461234, 0.13627361328634557], "orig_f": [0.46765158286364883, 0.4632033736300165, 0.46541685007901334], "tmeasure1_r": [0.051311836805375335, 0.31394920761723166, 0.08820710969546383], "tmeasure0_r": [0.08623004147213072, 0.3247312997461234, 0.13627361328634557], "tmeasure1_f": [0.46886866011668427, 0.45511987903837076, 0.46189197989906877], "tmeasure0_f": [0.46765158286364883, 0.4632033736300165, 0.46541685007901334]}