{"orig_r": [0.4519779215545172, 0.4700871213976137, 0.46085469068122953], "orig_f": [0.6607489813438057, 0.528161464387652, 0.587062130427306], "tmeasure1_r": [0.5940029716466236, 0.4575623173791313, 0.5169310533034582], "tmeasure0_r": [0.4519779215545172, 0.4700871213976137, 0.46085469068122953], "tmeasure1_f": [0.6631599004437514, 0.5143413532050612, 0.5793464075364838], "tmeasure0_f": [0.6607489813438057, 0.528161464387652, 0.587062130427306]}