{"orig_r": [0.43359182166718874, 0.5308583814730984, 0.4773203467027217], "orig_f": [0.6525432507803707, 0.549649921273518, 0.5966933680154336], "tmeasure1_r": [0.5668475940002738, 0.5162805839607991, 0.5403837012127907], "tmeasure0_r": [0.43359182166718874, 0.5308583814730984, 0.4773203467027217], "tmeasure1_f": [0.6538987104409903, 0.5339599756181465, 0.5878742035252938], "tmeasure0_f": [0.6525432507803707, 0.549649921273518, 0.5966933680154336]}