{"orig_r": [0.26133800201378476, 0.37023834896269425, 0.30639953581921353], "orig_f": [0.6583542612056716, 0.4611913629752637, 0.5424116578869246], "tmeasure1_r": [0.13840196318527417, 0.3656105456184212, 0.200793497744466], "tmeasure0_r": [0.26133800201378476, 0.37023834896269425, 0.30639953581921353], "tmeasure1_f": [0.6680106022381191, 0.4549472833109229, 0.5412662622918166], "tmeasure0_f": [0.6583542612056716, 0.4611913629752637, 0.5424116578869246]}