{"orig_r": [0.27769208518305416, 0.6408536687165572, 0.3874820406225739], "orig_f": [0.7166677876169505, 0.6882517996212322, 0.7021724218787058], "tmeasure1_r": [0.43159971167448535, 0.6303932177219705, 0.5123904754525601], "tmeasure0_r": [0.27769208518305416, 0.6408536687165572, 0.3874820406225739], "tmeasure1_f": [0.7249552380210236, 0.6778778269182509, 0.7006266014751623], "tmeasure0_f": [0.7166677876169505, 0.6882517996212322, 0.7021724218787058]}