{"orig_r": [0.27982824317897764, 0.5858245619996082, 0.37874366493071154], "orig_f": [0.687791024908093, 0.6640214434303937, 0.675697258066101], "tmeasure1_r": [0.4346862435176492, 0.5769909897375984, 0.495830167227431], "tmeasure0_r": [0.27982824317897764, 0.5858245619996082, 0.37874366493071154], "tmeasure1_f": [0.6966248445035904, 0.6546706854443425, 0.6749964820297993], "tmeasure0_f": [0.687791024908093, 0.6640214434303937, 0.675697258066101]}