{"orig_r": [0.5046505169540553, 0.46844673163602896, 0.4858751489187358], "orig_f": [0.6176099963228073, 0.4818940408010288, 0.5413760508704439], "tmeasure1_r": [0.6024598855197887, 0.4638073333147797, 0.5241187349592777], "tmeasure0_r": [0.5046505169540553, 0.46844673163602896, 0.4858751489187358], "tmeasure1_f": [0.6292082809252121, 0.4769071195452821, 0.5425725177001296], "tmeasure0_f": [0.6176099963228073, 0.4818940408010288, 0.5413760508704439]}