{"orig_r": [0.4653787078514139, 0.34638384077675627, 0.3971596485048847], "orig_f": [0.4906254378660337, 0.44353391516499285, 0.4658927208301116], "tmeasure1_r": [0.5962708517769388, 0.3416001845599822, 0.43435872337050785], "tmeasure0_r": [0.4653787078514139, 0.34638384077675627, 0.3971596485048847], "tmeasure1_f": [0.49178265734550963, 0.4391554045387075, 0.46398148421296026], "tmeasure0_f": [0.4906254378660337, 0.44353391516499285, 0.4658927208301116]}