{"orig_r": [0.4799724358810193, 0.3988937388212491, 0.4356931805791294], "orig_f": [0.6335918474208255, 0.43113367462268914, 0.51311399179244], "tmeasure1_r": [0.6720912810148661, 0.3913649730740317, 0.49467570496921776], "tmeasure0_r": [0.4799724358810193, 0.3988937388212491, 0.4356931805791294], "tmeasure1_f": [0.6337171772180872, 0.4236646155084993, 0.5078270612829737], "tmeasure0_f": [0.6335918474208255, 0.43113367462268914, 0.51311399179244]}