{"orig_r": [0.3965576719525881, 0.39746472511852077, 0.39701068044850246], "orig_f": [0.6044907851067634, 0.416666187991385, 0.4933049036372708], "tmeasure1_r": [0.5842579727314022, 0.39040189755789884, 0.4680513236888817], "tmeasure0_r": [0.3965576719525881, 0.39746472511852077, 0.39701068044850246], "tmeasure1_f": [0.6078346430197894, 0.4094700369824901, 0.48931274700514327], "tmeasure0_f": [0.6044907851067634, 0.416666187991385, 0.4933049036372708]}