{"orig_r": [0.13659370968558038, 0.4339542697863716, 0.2077841852980627], "orig_f": [0.7720231973467998, 0.48760176527793775, 0.5977015143895091], "tmeasure1_r": [0.1228888439548503, 0.4262368809025348, 0.19077510003246487], "tmeasure0_r": [0.13659370968558038, 0.4339542697863716, 0.2077841852980627], "tmeasure1_f": [0.7807759999147413, 0.48131576374120616, 0.5955189749771833], "tmeasure0_f": [0.7720231973467998, 0.48760176527793775, 0.5977015143895091]}