{"orig_r": [0.1154273846545871, 0.5110284919350171, 0.18831871329600244], "orig_f": [0.7726142673880582, 0.5155885136332707, 0.6184601486710682], "tmeasure1_r": [0.10792764288196609, 0.5025287134874914, 0.17769243930809994], "tmeasure0_r": [0.1154273846545871, 0.5110284919350171, 0.18831871329600244], "tmeasure1_f": [0.7740056955704995, 0.5064780317787526, 0.6122949833803991], "tmeasure0_f": [0.7726142673880582, 0.5155885136332707, 0.6184601486710682]}