{"orig_r": [0.5084180010366145, 0.5549107086564739, 0.5306479373257337], "orig_f": [0.5137979316654258, 0.5609506508416072, 0.5363399196051626], "tmeasure1_r": [0.7254167010311017, 0.558819372738823, 0.6313121304161265], "tmeasure0_r": [0.5084180010366145, 0.5549107086564739, 0.5306479373257337], "tmeasure1_f": [0.52005367056677, 0.5628517669010933, 0.5406069952817875], "tmeasure0_f": [0.5137979316654258, 0.5609506508416072, 0.5363399196051626]}