{"orig_r": [0.6275442383716706, 0.6565337084763031, 0.6417117388589005], "orig_f": [0.6290162051375605, 0.6956257984639912, 0.6606462708504326], "tmeasure1_r": [0.8532000165943733, 0.6589551713379407, 0.7436016721130937], "tmeasure0_r": [0.6275442383716706, 0.6565337084763031, 0.6417117388589005], "tmeasure1_f": [0.6350470273783344, 0.6971363298128985, 0.6646447751134491], "tmeasure0_f": [0.6290162051375605, 0.6956257984639912, 0.6606462708504326]}