{"orig_r": [0.2055790834134779, 0.3343728924066424, 0.25461550588777204], "orig_f": [0.5374547551355057, 0.3932900235276139, 0.4542074221375305], "tmeasure1_r": [0.19841269841269835, 0.33342312843311717, 0.24878121888842797], "tmeasure0_r": [0.2055790834134779, 0.3343728924066424, 0.25461550588777204], "tmeasure1_f": [0.5429132662613914, 0.3923804429401808, 0.4555329428562075], "tmeasure0_f": [0.5374547551355057, 0.3932900235276139, 0.4542074221375305]}