{"orig_r": [0.11643653007887367, 0.25167561395053334, 0.15921362915714768], "orig_f": [0.3941377030052944, 0.4005311249414819, 0.3973086951817251], "tmeasure1_r": [0.0, 0.2482162249558829, 0.0], "tmeasure0_r": [0.11643653007887367, 0.25167561395053334, 0.15921362915714768], "tmeasure1_f": [0.3953991749131402, 0.3973261379883322, 0.39636031441205477], "tmeasure0_f": [0.3941377030052944, 0.4005311249414819, 0.3973086951817251]}