{"orig_r": [0.3883293800494005, 0.3527714356603553, 0.3696973745142226], "orig_f": [0.5453357067192421, 0.3422047146961302, 0.42052495960436614], "tmeasure1_r": [0.19909351353458807, 0.34724849486121523, 0.2530829474911296], "tmeasure0_r": [0.3883293800494005, 0.3527714356603553, 0.3696973745142226], "tmeasure1_f": [0.5737745880598066, 0.3394400756963529, 0.42654174825135865], "tmeasure0_f": [0.5453357067192421, 0.3422047146961302, 0.42052495960436614]}