{"orig_r": [0.4093214205463483, 0.32005579124966055, 0.359226169969884], "orig_f": [0.5927892510387892, 0.35530384420388006, 0.4443029925092142], "tmeasure1_r": [0.2008149702417298, 0.31405666500250495, 0.24498253746986204], "tmeasure0_r": [0.4093214205463483, 0.32005579124966055, 0.359226169969884], "tmeasure1_f": [0.6153191582740543, 0.35100922743708557, 0.44701719532758566], "tmeasure0_f": [0.5927892510387892, 0.35530384420388006, 0.4443029925092142]}