{"orig_r": [0.11069418310863859, 0.34802631088064967, 0.16796497513427516], "orig_f": [0.3803823366714518, 0.3566165361520438, 0.36811625178612933], "tmeasure1_r": [0.14111254385585342, 0.3397731744854664, 0.19940811364080455], "tmeasure0_r": [0.11069418310863859, 0.34802631088064967, 0.16796497513427516], "tmeasure1_f": [0.3835155962037283, 0.3481537594175648, 0.36498015281839136], "tmeasure0_f": [0.3803823366714518, 0.3566165361520438, 0.36811625178612933]}