{"orig_r": [0.1953149455780169, 0.33165641398580126, 0.2458481026439625], "orig_f": [0.4340901415078232, 0.3383312134316277, 0.38027494547082125], "tmeasure1_r": [0.22934733061035945, 0.32460714429776427, 0.26878664371866134], "tmeasure0_r": [0.1953149455780169, 0.33165641398580126, 0.2458481026439625], "tmeasure1_f": [0.43670047394736505, 0.3313055371779892, 0.3767712309829807], "tmeasure0_f": [0.4340901415078232, 0.3383312134316277, 0.38027494547082125]}