{"orig_r": [0.2458081238164301, 0.5565041796805094, 0.34099750859370764], "orig_f": [0.5026928033404403, 0.5696447142435792, 0.5340786713428263], "tmeasure1_r": [0.41721653246886975, 0.5474487363059962, 0.4735417991281649], "tmeasure0_r": [0.2458081238164301, 0.5565041796805094, 0.34099750859370764], "tmeasure1_f": [0.5049389284216096, 0.5606493644285183, 0.5313378369381332], "tmeasure0_f": [0.5026928033404403, 0.5696447142435792, 0.5340786713428263]}