{"orig_r": [0.46139076301515625, 0.3546636967760574, 0.40104812051673083], "orig_f": [0.5035962261638468, 0.4549213052600801, 0.47802287390648535], "tmeasure1_r": [0.22264329302824276, 0.3576452266950585, 0.2744404147274493], "tmeasure0_r": [0.46139076301515625, 0.3546636967760574, 0.40104812051673083], "tmeasure1_f": [0.5062912516856237, 0.4558519643366467, 0.47974949625796465], "tmeasure0_f": [0.5035962261638468, 0.4549213052600801, 0.47802287390648535]}