{"orig_r": [0.14775659637191632, 0.0, 0.0], "orig_f": [0.29218933337579256, 0.296246135818318, 0.29420375035671015], "tmeasure1_r": [0.16990674281544046, 0.0, 0.0], "tmeasure0_r": [0.14775659637191632, 0.0, 0.0], "tmeasure1_f": [0.2927852116641894, 0.29650204232780686, 0.29463190535253103], "tmeasure0_f": [0.29218933337579256, 0.296246135818318, 0.29420375035671015]}