{"orig_r": [0.25340526153904613, 0.5256231341782778, 0.3419533062457216], "orig_f": [0.4405007546154456, 0.4647375780914768, 0.4522947083676555], "tmeasure1_r": [0.0, 0.5143500088406107, 0.0], "tmeasure0_r": [0.25340526153904613, 0.5256231341782778, 0.3419533062457216], "tmeasure1_f": [0.4458006582177563, 0.45328788988872487, 0.4495130987934662], "tmeasure0_f": [0.4405007546154456, 0.4647375780914768, 0.4522947083676555]}