{"orig_r": [0.4819453873234328, 0.5546461310969839, 0.5157463470013947], "orig_f": [0.6887467414859382, 0.5832460965877098, 0.6316212426440079], "tmeasure1_r": [1.0, 0.5419470955440845, 0.702938637921109], "tmeasure0_r": [0.4819453873234328, 0.5546461310969839, 0.5157463470013947], "tmeasure1_f": [0.7016533757480944, 0.570160589135045, 0.629109465898789], "tmeasure0_f": [0.6887467414859382, 0.5832460965877098, 0.6316212426440079]}