{"orig_r": [0.2208018032365589, 0.4038742213340983, 0.28551169836435203], "orig_f": [0.8488091216571886, 0.5926661704914915, 0.6979799852981797], "tmeasure1_r": [0.04755617534189595, 0.39637246444631885, 0.08492337159819792], "tmeasure0_r": [0.2208018032365589, 0.4038742213340983, 0.28551169836435203], "tmeasure1_f": [0.8666055881131093, 0.5854341623135184, 0.6987970079801866], "tmeasure0_f": [0.8488091216571886, 0.5926661704914915, 0.6979799852981797]}