{"orig_r": [0.5070833471342511, 0.4767268530149384, 0.4914367593646305], "orig_f": [0.827045128329983, 0.5798121671138368, 0.6817050026480073], "tmeasure1_r": [0.7089550338890844, 0.4698082130594752, 0.5651226376003314], "tmeasure0_r": [0.5070833471342511, 0.4767268530149384, 0.4914367593646305], "tmeasure1_f": [0.8393042297709644, 0.5718701349665491, 0.6802462334218985], "tmeasure0_f": [0.827045128329983, 0.5798121671138368, 0.6817050026480073]}