{"orig_r": [0.3221828945227603, 0.6916131335219403, 0.43958728399798014], "orig_f": [0.6713573914350733, 0.7057661030414287, 0.6881318804038102], "tmeasure1_r": [0.20618414389898848, 0.6717528528287576, 0.31552329469753926], "tmeasure0_r": [0.3221828945227603, 0.6916131335219403, 0.43958728399798014], "tmeasure1_f": [0.6778476432769084, 0.6874795469290278, 0.6826296202548039], "tmeasure0_f": [0.6713573914350733, 0.7057661030414287, 0.6881318804038102]}