{"orig_r": [0.3313539362991713, 0.5619082204776209, 0.4168776193675637], "orig_f": [0.5683006831076908, 0.6353297611315314, 0.5999488281104574], "tmeasure1_r": [0.20892178392288682, 0.5480045306964905, 0.3025131560091338], "tmeasure0_r": [0.3313539362991713, 0.5619082204776209, 0.4168776193675637], "tmeasure1_f": [0.5736468547277206, 0.6188995548818707, 0.5954146189859377], "tmeasure0_f": [0.5683006831076908, 0.6353297611315314, 0.5999488281104574]}