{"orig_r": [0.18339659752448118, 0.5196521170808049, 0.27111188226129895], "orig_f": [0.5963445492610199, 0.5705325380114874, 0.5831530551593552], "tmeasure1_r": [0.08108694678539759, 0.5142718598026287, 0.14008606059941625], "tmeasure0_r": [0.18339659752448118, 0.5196521170808049, 0.27111188226129895], "tmeasure1_f": [0.6050450779135309, 0.5655616238735498, 0.5846374811609704], "tmeasure0_f": [0.5963445492610199, 0.5705325380114874, 0.5831530551593552]}