{"orig_r": [0.20044515336059537, 0.5893789699052902, 0.2991505438493823], "orig_f": [0.6797821954723879, 0.6475312288118039, 0.6632648963013487], "tmeasure1_r": [0.019057540323270672, 0.5833024154408559, 0.03690919091334233], "tmeasure0_r": [0.20044515336059537, 0.5893789699052902, 0.2991505438493823], "tmeasure1_f": [0.6927270438625165, 0.6383190547002232, 0.6644110557569229], "tmeasure0_f": [0.6797821954723879, 0.6475312288118039, 0.6632648963013487]}