{"orig_r": [0.337635502941018, 0.6135565585689416, 0.43557654782428123], "orig_f": [0.5917127591856988, 0.6248683637497299, 0.6078387649975562], "tmeasure1_r": [0.3831095222128416, 0.6134886039736356, 0.4716712178673809], "tmeasure0_r": [0.337635502941018, 0.6135565585689416, 0.43557654782428123], "tmeasure1_f": [0.5940133063299511, 0.6248524275708579, 0.6090427290654596], "tmeasure0_f": [0.5917127591856988, 0.6248683637497299, 0.6078387649975562]}