{"orig_r": [0.33429825147655845, 0.6095657864044707, 0.4317926488913083], "orig_f": [0.5872871644718909, 0.620360369238957, 0.6033708876654987], "tmeasure1_r": [0.3744341521125454, 0.6102974415683727, 0.4641187640094247], "tmeasure0_r": [0.33429825147655845, 0.6095657864044707, 0.4317926488913083], "tmeasure1_f": [0.590203036962906, 0.6210803598513922, 0.605248145143203], "tmeasure0_f": [0.5872871644718909, 0.620360369238957, 0.6033708876654987]}