{"orig_r": [0.2869751769544073, 0.474135649766774, 0.35754362496293274], "orig_f": [0.5853330553065653, 0.5336427211112575, 0.5582939880791982], "tmeasure1_r": [0.22616731875084753, 0.46919257820660454, 0.3052118129190247], "tmeasure0_r": [0.2869751769544073, 0.474135649766774, 0.35754362496293274], "tmeasure1_f": [0.59850816366444, 0.5289086103852491, 0.5615600697706747], "tmeasure0_f": [0.5853330553065653, 0.5336427211112575, 0.5582939880791982]}