{"orig_r": [0.2745173226100969, 0.44179739700535986, 0.3386250072513641], "orig_f": [0.5828979280627477, 0.49420678017730946, 0.5349008429656071], "tmeasure1_r": [0.19690276975622295, 0.43797306383994444, 0.2716692139948693], "tmeasure0_r": [0.2745173226100969, 0.44179739700535986, 0.3386250072513641], "tmeasure1_f": [0.5938284191986754, 0.49086867911514137, 0.5374620660573648], "tmeasure0_f": [0.5828979280627477, 0.49420678017730946, 0.5349008429656071]}