{"orig_r": [0.3942881135704633, 0.5515531613091043, 0.459846406119425], "orig_f": [0.7301523680563109, 0.6483569001129109, 0.686827918961772], "tmeasure1_r": [0.30408872480554555, 0.541580389749832, 0.38948682709147786], "tmeasure0_r": [0.3942881135704633, 0.5515531613091043, 0.459846406119425], "tmeasure1_f": [0.7408994192801945, 0.637964731140874, 0.6855899454332449], "tmeasure0_f": [0.7301523680563109, 0.6483569001129109, 0.686827918961772]}