{"orig_r": [0.5839864601919369, 0.6662824382606448, 0.6224259806661805], "orig_f": [0.6816654827459532, 0.6855402872078338, 0.6835973941758935], "tmeasure1_r": [0.6519943402658384, 0.6540736760176075, 0.6530323529303883], "tmeasure0_r": [0.5839864601919369, 0.6662824382606448, 0.6224259806661805], "tmeasure1_f": [0.6891786666442725, 0.6721552456083156, 0.680560517558519], "tmeasure0_f": [0.6816654827459532, 0.6855402872078338, 0.6835973941758935]}