{"orig_r": [0.3670300904280809, 0.544871354671606, 0.4386092020172831], "orig_f": [0.600604129309187, 0.5803781790070902, 0.590317955515474], "tmeasure1_r": [0.1683719915837883, 0.5399596901676615, 0.2566992010965726], "tmeasure0_r": [0.3670300904280809, 0.544871354671606, 0.4386092020172831], "tmeasure1_f": [0.6037396036690925, 0.576453320267679, 0.5897810299543644], "tmeasure0_f": [0.600604129309187, 0.5803781790070902, 0.590317955515474]}