{"orig_r": [0.3667055352955836, 0.5659713494158093, 0.4450519361026315], "orig_f": [0.5120714970031731, 0.553988387851989, 0.5322058678313073], "tmeasure1_r": [0.5891561604046598, 0.5623356646960862, 0.5754335616615638], "tmeasure0_r": [0.3667055352955836, 0.5659713494158093, 0.4450519361026315], "tmeasure1_f": [0.5141321304397524, 0.5500508782029279, 0.5314853320603677], "tmeasure0_f": [0.5120714970031731, 0.553988387851989, 0.5322058678313073]}