{"orig_r": [0.1466443795912807, 0.5605347290194891, 0.23247085943448584], "orig_f": [0.7845652402103533, 0.6027504699890611, 0.6817439805477244], "tmeasure1_r": [0.05589965968823892, 0.5474955105401708, 0.10144202085160542], "tmeasure0_r": [0.1466443795912807, 0.5605347290194891, 0.23247085943448584], "tmeasure1_f": [0.7915311745444592, 0.5894925200058083, 0.6757330936270722], "tmeasure0_f": [0.7845652402103533, 0.6027504699890611, 0.6817439805477244]}