{"orig_r": [0.1571141638203586, 0.4685980060262894, 0.23532668032572143], "orig_f": [0.7952686005493068, 0.5877723612499062, 0.6759552552437503], "tmeasure1_r": [0.05039859460902994, 0.45523754244618636, 0.09075036640449201], "tmeasure0_r": [0.1571141638203586, 0.4685980060262894, 0.23532668032572143], "tmeasure1_f": [0.804263436242917, 0.5748209529091138, 0.6704556710925786], "tmeasure0_f": [0.7952686005493068, 0.5877723612499062, 0.6759552552437503]}