{"orig_r": [0.21702973436501186, 0.36666950785220714, 0.2726684570863286], "orig_f": [0.504489837914719, 0.39344816418348993, 0.4421031298663387], "tmeasure1_r": [0.24197082449192361, 0.36350873308528786, 0.2905416268936383], "tmeasure0_r": [0.21702973436501186, 0.36666950785220714, 0.2726684570863286], "tmeasure1_f": [0.5099233334425831, 0.39046572840364413, 0.4422701124653979], "tmeasure0_f": [0.504489837914719, 0.39344816418348993, 0.4421031298663387]}