{"orig_r": [0.19279492426506847, 0.33133458113080677, 0.2437551208923595], "orig_f": [0.3362266644250133, 0.3417689053063786, 0.33897513248022443], "tmeasure1_r": [0.12275057480292922, 0.3283406988260332, 0.17869558498816107], "tmeasure0_r": [0.19279492426506847, 0.33133458113080677, 0.2437551208923595], "tmeasure1_f": [0.3411425922634691, 0.33894848211985534, 0.3400419978720743], "tmeasure0_f": [0.3362266644250133, 0.3417689053063786, 0.33897513248022443]}