{"orig_r": [0.22732961314948777, 0.3881388613349974, 0.2867261634138887], "orig_f": [0.6440743159317839, 0.4653199506444116, 0.5402959757952324], "tmeasure1_r": [0.2022333913745411, 0.3815382239535972, 0.26434916307393125], "tmeasure0_r": [0.22732961314948777, 0.3881388613349974, 0.2867261634138887], "tmeasure1_f": [0.6475536805021412, 0.4598196204171974, 0.5377732826338794], "tmeasure0_f": [0.6440743159317839, 0.4653199506444116, 0.5402959757952324]}