{"orig_r": [0.2479109424652524, 0.421054479815632, 0.3120759592159646], "orig_f": [0.6676626831809404, 0.46941972316754005, 0.5512600145042477], "tmeasure1_r": [0.20480018127757388, 0.41474099478620957, 0.2741997923531473], "tmeasure0_r": [0.2479109424652524, 0.421054479815632, 0.3120759592159646], "tmeasure1_f": [0.6707023378071029, 0.4633986468288155, 0.5481038460865314], "tmeasure0_f": [0.6676626831809404, 0.46941972316754005, 0.5512600145042477]}