{"orig_r": [0.0, 0.5022881021586675, 0.0], "orig_f": [0.7738641740358501, 0.6002158969196913, 0.6760677039583851], "tmeasure1_r": [0.0, 0.5022881021586675, 0.0], "tmeasure0_r": [0.0, 0.5022881021586675, 0.0], "tmeasure1_f": [0.7738641740358501, 0.6002158969196913, 0.6760677039583851], "tmeasure0_f": [0.7738641740358501, 0.6002158969196913, 0.6760677039583851]}