{"orig_r": [0.1369932940826288, 0.13116582082591968, 0.13401623787520783], "orig_f": [0.5287636778260648, 0.21187640856984652, 0.30252899106539227], "tmeasure1_r": [0.2232838874148459, 0.13007144197483123, 0.1643832980018064], "tmeasure0_r": [0.1369932940826288, 0.13116582082591968, 0.13401623787520783], "tmeasure1_f": [0.5307585538146536, 0.2094461082166896, 0.3003637215527033], "tmeasure0_f": [0.5287636778260648, 0.21187640856984652, 0.30252899106539227]}