{"orig_r": [0.3716543319721902, 0.5593684741896379, 0.44658780692665], "orig_f": [0.6577738054022656, 0.6223982476504126, 0.6395972523481845], "tmeasure1_r": [0.46657550141962134, 0.5524487299027339, 0.505893844798009], "tmeasure0_r": [0.3716543319721902, 0.5593684741896379, 0.44658780692665], "tmeasure1_f": [0.6576652478316044, 0.6139813105678902, 0.6350729581446335], "tmeasure0_f": [0.6577738054022656, 0.6223982476504126, 0.6395972523481845]}