{"orig_r": [0.5472210950118772, 0.5670587397549686, 0.5569633315130363], "orig_f": [0.6896955241997937, 0.6699076115750264, 0.6796575694382515], "tmeasure1_r": [0.5155949060843973, 0.5612436517022352, 0.5374517206825641], "tmeasure0_r": [0.5472210950118772, 0.5670587397549686, 0.5569633315130363], "tmeasure1_f": [0.6919865200784282, 0.6636791890989988, 0.6775373152895505], "tmeasure0_f": [0.6896955241997937, 0.6699076115750264, 0.6796575694382515]}