{"orig_r": [0.32725145517216864, 0.373178512548821, 0.3487092697302575], "orig_f": [0.6076978067644931, 0.4792355130424992, 0.5358753198426145], "tmeasure1_r": [0.5087228887746137, 0.3692749743048995, 0.42792503166615764], "tmeasure0_r": [0.32725145517216864, 0.373178512548821, 0.3487092697302575], "tmeasure1_f": [0.6116939164258662, 0.47407278482865994, 0.5341615985970101], "tmeasure0_f": [0.6076978067644931, 0.4792355130424992, 0.5358753198426145]}