{"orig_r": [0.4040008095637449, 0.42435731958855205, 0.41392893876352793], "orig_f": [0.6247089949634407, 0.45602027082998897, 0.5271995014662818], "tmeasure1_r": [0.5568911261225816, 0.4193559624778873, 0.47843546355733035], "tmeasure0_r": [0.4040008095637449, 0.42435731958855205, 0.41392893876352793], "tmeasure1_f": [0.6313302561222695, 0.4509415421929073, 0.5261026662101228], "tmeasure0_f": [0.6247089949634407, 0.45602027082998897, 0.5271995014662818]}