{"orig_r": [0.3793466800466827, 0.6686316126135954, 0.48406190127346516], "orig_f": [0.7435455314500371, 0.7077002774944882, 0.7251802219772577], "tmeasure1_r": [0.45360723447751583, 0.6652576704134184, 0.5394139913980075], "tmeasure0_r": [0.3793466800466827, 0.6686316126135954, 0.48406190127346516], "tmeasure1_f": [0.7544295059230837, 0.7051049878551224, 0.7289337934513777], "tmeasure0_f": [0.7435455314500371, 0.7077002774944882, 0.7251802219772577]}