{"orig_r": [0.3199443075525907, 0.643223376109549, 0.42733090231710547], "orig_f": [0.642996628921876, 0.6626876206446626, 0.6526936451048342], "tmeasure1_r": [0.35844469026791753, 0.6386810108818204, 0.45918346475587635], "tmeasure0_r": [0.3199443075525907, 0.643223376109549, 0.42733090231710547], "tmeasure1_f": [0.6520155303110327, 0.6590820898370837, 0.6555297663877728], "tmeasure0_f": [0.642996628921876, 0.6626876206446626, 0.6526936451048342]}