{"orig_r": [0.2255959465453969, 0.44486144100936575, 0.2993745455832116], "orig_f": [0.3300125866607082, 0.4529042514870475, 0.38181348582686864], "tmeasure1_r": [0.0050573836918958535, 0.42789961911476143, 0.009996616483627258], "tmeasure0_r": [0.2255959465453969, 0.44486144100936575, 0.2993745455832116], "tmeasure1_f": [0.33214883931503253, 0.4354221349060275, 0.37683800346379076], "tmeasure0_f": [0.3300125866607082, 0.4529042514870475, 0.38181348582686864]}