{"orig_r": [0.26414621737020993, 0.38945153822736506, 0.3147873437163617], "orig_f": [0.41287636705993924, 0.4084274150828146, 0.41063984122202457], "tmeasure1_r": [0.2582503791208929, 0.376988817941391, 0.306522348142052], "tmeasure0_r": [0.26414621737020993, 0.38945153822736506, 0.3147873437163617], "tmeasure1_f": [0.41181982084637536, 0.39521441226308296, 0.4033462814259914], "tmeasure0_f": [0.41287636705993924, 0.4084274150828146, 0.41063984122202457]}