{"orig_r": [0.38236383530198215, 0.30243739403665476, 0.3377363152057285], "orig_f": [0.5024238406734254, 0.31064879432612424, 0.3839198458474421], "tmeasure1_r": [0.5325372981501191, 0.3006670818524533, 0.38433891913024226], "tmeasure0_r": [0.38236383530198215, 0.30243739403665476, 0.3377363152057285], "tmeasure1_f": [0.5151739656216128, 0.3095901237232272, 0.38675973849073725], "tmeasure0_f": [0.5024238406734254, 0.31064879432612424, 0.3839198458474421]}