{"orig_r": [0.2787201545299326, 0.2613061567516749, 0.26973238476697214], "orig_f": [0.46618885386164044, 0.2707769402815412, 0.3425754422938341], "tmeasure1_r": [0.4170976328069357, 0.2607886609888356, 0.320922060696228], "tmeasure0_r": [0.2787201545299326, 0.2613061567516749, 0.26973238476697214], "tmeasure1_f": [0.47254184336883975, 0.2702816334773596, 0.3438754570719545], "tmeasure0_f": [0.46618885386164044, 0.2707769402815412, 0.3425754422938341]}