{"orig_r": [0.3127330075948924, 0.5676608563901223, 0.4032883330404423], "orig_f": [0.5249531702039738, 0.578742189037418, 0.5505369653357988], "tmeasure1_r": [0.34416370661444656, 0.5637339914892917, 0.42739788956562097], "tmeasure0_r": [0.3127330075948924, 0.5676608563901223, 0.4032883330404423], "tmeasure1_f": [0.5257012225079432, 0.5749961406505227, 0.549244840943279], "tmeasure0_f": [0.5249531702039738, 0.578742189037418, 0.5505369653357988]}