{"orig_r": [0.2898991275670583, 0.5957434925166062, 0.3900117605406149], "orig_f": [0.6667940126354641, 0.6238187306026121, 0.6445908685080237], "tmeasure1_r": [0.2985636133163315, 0.590085228257736, 0.39650752844319725], "tmeasure0_r": [0.2898991275670583, 0.5957434925166062, 0.3900117605406149], "tmeasure1_f": [0.6665941889017303, 0.6185943310808031, 0.6416978987512595], "tmeasure0_f": [0.6667940126354641, 0.6238187306026121, 0.6445908685080237]}