{"orig_r": [0.22250661790703927, 0.5630672424262169, 0.31896730299389436], "orig_f": [0.7261204059441861, 0.6126120604019513, 0.6645541647308576], "tmeasure1_r": [0.2788022776527541, 0.5627618875676351, 0.3728754205900175], "tmeasure0_r": [0.22250661790703927, 0.5630672424262169, 0.31896730299389436], "tmeasure1_f": [0.7397371290496181, 0.6088545422637531, 0.6679446724810015], "tmeasure0_f": [0.7261204059441861, 0.6126120604019513, 0.6645541647308576]}