{"orig_r": [0.2093301129512286, 0.5427447994295124, 0.30213168475098606], "orig_f": [0.7528608081573009, 0.6468097597331067, 0.6958176153845146], "tmeasure1_r": [0.30126408196545235, 0.5425376086850524, 0.38740641651530533], "tmeasure0_r": [0.2093301129512286, 0.5427447994295124, 0.30213168475098606], "tmeasure1_f": [0.7656396085478551, 0.6420923201641457, 0.6984445015918033], "tmeasure0_f": [0.7528608081573009, 0.6468097597331067, 0.6958176153845146]}