{"orig_r": [0.03846080242514391, 0.0, 0.0], "orig_f": [0.04957706986744086, 0.48215424948367325, 0.08990929833776208], "tmeasure1_r": [0.050414835611337284, 0.0, 0.0], "tmeasure0_r": [0.03846080242514391, 0.0, 0.0], "tmeasure1_f": [0.049493442445601485, 0.48215424948367325, 0.08977175659363881], "tmeasure0_f": [0.04957706986744086, 0.48215424948367325, 0.08990929833776208]}