{"orig_r": [0.18114699342983864, 0.5136934697710235, 0.2678428575241533], "orig_f": [0.31168800347977166, 0.5408909534987891, 0.3954806062625986], "tmeasure1_r": [0.20965804781469066, 0.5163194715569073, 0.2982200676104542], "tmeasure0_r": [0.18114699342983864, 0.5136934697710235, 0.2678428575241533], "tmeasure1_f": [0.31534813768162656, 0.5432096286680652, 0.3990416288458137], "tmeasure0_f": [0.31168800347977166, 0.5408909534987891, 0.3954806062625986]}