{"orig_r": [0.32614010432587426, 0.6151631689383453, 0.4262800009167111], "orig_f": [0.6188759129945692, 0.6287641333861543, 0.6237808384500209], "tmeasure1_r": [0.5360399081147961, 0.6154274868080085, 0.5729970209047928], "tmeasure0_r": [0.32614010432587426, 0.6151631689383453, 0.4262800009167111], "tmeasure1_f": [0.6191877540177562, 0.6289819678880993, 0.624046434037239], "tmeasure0_f": [0.6188759129945692, 0.6287641333861543, 0.6237808384500209]}