{"orig_r": [0.3123899630325511, 0.7245607176321969, 0.43655980948073553], "orig_f": [0.7664920092739946, 0.7503881766631182, 0.7583546104673136], "tmeasure1_r": [0.5529411764705873, 0.7241667479096513, 0.6270756071682202], "tmeasure0_r": [0.3123899630325511, 0.7245607176321969, 0.43655980948073553], "tmeasure1_f": [0.7661685642065458, 0.749956227670019, 0.7579757144667498], "tmeasure0_f": [0.7664920092739946, 0.7503881766631182, 0.7583546104673136]}