{"orig_r": [0.40866026963891233, 0.6180291025289534, 0.4919967938323655], "orig_f": [0.8271598282889628, 0.6293312279627695, 0.7148104455899881], "tmeasure1_r": [0.35162122589084793, 0.6104865871762017, 0.4462286643084486], "tmeasure0_r": [0.40866026963891233, 0.6180291025289534, 0.4919967938323655], "tmeasure1_f": [0.8337027058111259, 0.6223329181346392, 0.7126757467075662], "tmeasure0_f": [0.8271598282889628, 0.6293312279627695, 0.7148104455899881]}