{"orig_r": [0.45629733303434566, 0.4967792960715061, 0.47567857815750114], "orig_f": [0.8362614346866301, 0.5862828221070718, 0.6893082047970163], "tmeasure1_r": [0.3325667906321588, 0.49090196621646015, 0.39651216894835223], "tmeasure0_r": [0.45629733303434566, 0.4967792960715061, 0.47567857815750114], "tmeasure1_f": [0.8425050397670614, 0.5802881985454413, 0.6872337014642211], "tmeasure0_f": [0.8362614346866301, 0.5862828221070718, 0.6893082047970163]}