{"orig_r": [0.24815068315938607, 0.43960086582776065, 0.31722867170061475], "orig_f": [0.4458667743575612, 0.4489841642681663, 0.44742003929126173], "tmeasure1_r": [0.0824494240144462, 0.43751717846508753, 0.13875137052592523], "tmeasure0_r": [0.24815068315938607, 0.43960086582776065, 0.31722867170061475], "tmeasure1_f": [0.4506432685079945, 0.44632822629331714, 0.4484753682584967], "tmeasure0_f": [0.4458667743575612, 0.4489841642681663, 0.44742003929126173]}