{"orig_r": [0.24834790054800085, 0.5355931557026535, 0.33934550233354105], "orig_f": [0.6528803928580639, 0.5777901806383523, 0.6130444462533461], "tmeasure1_r": [0.10764488586886638, 0.5335346417131291, 0.1791456936589471], "tmeasure0_r": [0.24834790054800085, 0.5355931557026535, 0.33934550233354105], "tmeasure1_f": [0.6626236420350942, 0.5756172921958835, 0.6160636690792308], "tmeasure0_f": [0.6528803928580639, 0.5777901806383523, 0.6130444462533461]}