{"orig_r": [0.2954641504783315, 0.7141365034028659, 0.41799048860030363], "orig_f": [0.6661406083157375, 0.7265964468653332, 0.695056396057473], "tmeasure1_r": [0.25838789551591484, 0.7119356164431024, 0.3791633272992943], "tmeasure0_r": [0.2954641504783315, 0.7141365034028659, 0.41799048860030363], "tmeasure1_f": [0.6758918536182112, 0.7243765384408283, 0.6992947981413435], "tmeasure0_f": [0.6661406083157375, 0.7265964468653332, 0.695056396057473]}