{"orig_r": [0.42846269348690774, 0.6347481591966972, 0.5115935475805499], "orig_f": [0.6372827208058642, 0.6894249750607571, 0.6623292007230577], "tmeasure1_r": [0.26424180411324916, 0.626776154954938, 0.3717556089075052], "tmeasure0_r": [0.42846269348690774, 0.6347481591966972, 0.5115935475805499], "tmeasure1_f": [0.6356723162673075, 0.6693837161132947, 0.6520926101803756], "tmeasure0_f": [0.6372827208058642, 0.6894249750607571, 0.6623292007230577]}