{"orig_r": [0.4294130183322372, 0.6337871611963579, 0.511957133021211], "orig_f": [0.6363831608364162, 0.6844711801030561, 0.6595518061220882], "tmeasure1_r": [0.2557367606399389, 0.6254753599838734, 0.36303867974294646], "tmeasure0_r": [0.4294130183322372, 0.6337871611963579, 0.511957133021211], "tmeasure1_f": [0.6405264694125778, 0.666523422859566, 0.653266409108327], "tmeasure0_f": [0.6363831608364162, 0.6844711801030561, 0.6595518061220882]}