{"orig_r": [0.39057397952767686, 0.49720746019006873, 0.43748672294619134], "orig_f": [0.5518150736060645, 0.5132680016998724, 0.5318439973450847], "tmeasure1_r": [0.3937920771294849, 0.4978504735073864, 0.4397492513616347], "tmeasure0_r": [0.39057397952767686, 0.49720746019006873, 0.43748672294619134], "tmeasure1_f": [0.5549570023295375, 0.5131770453232556, 0.5332499143955707], "tmeasure0_f": [0.5518150736060645, 0.5132680016998724, 0.5318439973450847]}