{"orig_r": [0.40732258745617994, 0.5478391226369796, 0.4672449629926096], "orig_f": [0.5344949570142775, 0.554708745253557, 0.5444142841828814], "tmeasure1_r": [0.39532977119410606, 0.5465020937443559, 0.4587836868126615], "tmeasure0_r": [0.40732258745617994, 0.5478391226369796, 0.4672449629926096], "tmeasure1_f": [0.5376437945372716, 0.5535674265913603, 0.5454894267985682], "tmeasure0_f": [0.5344949570142775, 0.554708745253557, 0.5444142841828814]}