{"orig_r": [0.6944064024115718, 0.3703576765582958, 0.4830717843771903], "orig_f": [0.6468832862174535, 0.43042810613144145, 0.5169104304514548], "tmeasure1_r": [0.0, 0.3604495838845553, 0.0], "tmeasure0_r": [0.6944064024115718, 0.3703576765582958, 0.4830717843771903], "tmeasure1_f": [0.6665625334040199, 0.4200684675591341, 0.5153578384772315], "tmeasure0_f": [0.6468832862174535, 0.43042810613144145, 0.5169104304514548]}