{"orig_r": [0.6627737836666528, 0.40345084249903473, 0.5015765624701142], "orig_f": [0.6272166875268087, 0.446298394466165, 0.5215125624614805], "tmeasure1_r": [0.0, 0.393266308326919, 0.0], "tmeasure0_r": [0.6627737836666528, 0.40345084249903473, 0.5015765624701142], "tmeasure1_f": [0.6493408899935489, 0.43469921724053506, 0.5207703565925649], "tmeasure0_f": [0.6272166875268087, 0.446298394466165, 0.5215125624614805]}