{"orig_r": [0.2972076917315863, 0.7519215485968991, 0.42602352356846507], "orig_f": [0.650048334126471, 0.7702783147156239, 0.7050746188601639], "tmeasure1_r": [0.32358093533015, 0.7440438995979373, 0.45101689859960903], "tmeasure0_r": [0.2972076917315863, 0.7519215485968991, 0.42602352356846507], "tmeasure1_f": [0.6521364489756742, 0.7619572183048389, 0.7027824055987805], "tmeasure0_f": [0.650048334126471, 0.7702783147156239, 0.7050746188601639]}