{"orig_r": [0.26921216245686885, 0.5645831661407853, 0.36458025088516693], "orig_f": [0.6616496313991059, 0.664267885194658, 0.6629561731990715], "tmeasure1_r": [0.2550963475111675, 0.5636611091437984, 0.3512343955049204], "tmeasure0_r": [0.26921216245686885, 0.5645831661407853, 0.36458025088516693], "tmeasure1_f": [0.6651205001423207, 0.6590235610021562, 0.6620579940833209], "tmeasure0_f": [0.6616496313991059, 0.664267885194658, 0.6629561731990715]}