{"orig_r": [0.5144986261060235, 0.7123734884609139, 0.5974790310021322], "orig_f": [0.6691092719547536, 0.7326198413401086, 0.69942576494888], "tmeasure1_r": [0.4936221251579733, 0.7041229557969367, 0.5803750319490264], "tmeasure0_r": [0.5144986261060235, 0.7123734884609139, 0.5974790310021322], "tmeasure1_f": [0.671017392076769, 0.7236957952130241, 0.6963617603765676], "tmeasure0_f": [0.6691092719547536, 0.7326198413401086, 0.69942576494888]}