{"orig_r": [0.42501416648478424, 0.6424455485666853, 0.5115855061991997], "orig_f": [0.7655073382687723, 0.6865437831970335, 0.7238785140699474], "tmeasure1_r": [0.5612758948940139, 0.6359133016562759, 0.5962680059101922], "tmeasure0_r": [0.42501416648478424, 0.6424455485666853, 0.5115855061991997], "tmeasure1_f": [0.7745590800228618, 0.6795210361533152, 0.7239342354851696], "tmeasure0_f": [0.7655073382687723, 0.6865437831970335, 0.7238785140699474]}