{"orig_r": [0.38464416258798995, 0.48828971630013995, 0.4303138956316396], "orig_f": [0.7172313412896567, 0.6321829884241212, 0.6720270309032667], "tmeasure1_r": [0.4682161447302493, 0.4827625441979967, 0.4753780918461943], "tmeasure0_r": [0.38464416258798995, 0.48828971630013995, 0.4303138956316396], "tmeasure1_f": [0.7253170228315988, 0.6253911960843573, 0.6716578371205174], "tmeasure0_f": [0.7172313412896567, 0.6321829884241212, 0.6720270309032667]}