{"orig_r": [0.3610026222029326, 0.3657033789444448, 0.36333779696046137], "orig_f": [0.5620010677828882, 0.39580818696680214, 0.46448626928476383], "tmeasure1_r": [0.3819336171571658, 0.3615652981365585, 0.3714704603200393], "tmeasure0_r": [0.3610026222029326, 0.3657033789444448, 0.36333779696046137], "tmeasure1_f": [0.5619641024794508, 0.3908629396566588, 0.4610510226162479], "tmeasure0_f": [0.5620010677828882, 0.39580818696680214, 0.46448626928476383]}