{"orig_r": [0.40490466316546364, 0.37139063229342784, 0.387424217952232], "orig_f": [0.5568805533791472, 0.387731671999801, 0.4571616209588033], "tmeasure1_r": [0.3986712195255808, 0.36598360501295885, 0.3816287439889967], "tmeasure0_r": [0.40490466316546364, 0.37139063229342784, 0.387424217952232], "tmeasure1_f": [0.5550249074392757, 0.3820243218649316, 0.4525546945704824], "tmeasure0_f": [0.5568805533791472, 0.387731671999801, 0.4571616209588033]}