{"orig_r": [0.3128104269361445, 0.4182161634050535, 0.3579141397996791], "orig_f": [0.6745059316070042, 0.5269966603073393, 0.5916963903474012], "tmeasure1_r": [0.26013134117179065, 0.4098885354248483, 0.3182737055282807], "tmeasure0_r": [0.3128104269361445, 0.4182161634050535, 0.3579141397996791], "tmeasure1_f": [0.6868074301721584, 0.5195712353667216, 0.5915976386969537], "tmeasure0_f": [0.6745059316070042, 0.5269966603073393, 0.5916963903474012]}