{"orig_r": [0.21859440751240958, 0.4272782948836759, 0.2892230786856548], "orig_f": [0.6463852005571169, 0.5114716492406255, 0.5710683572523365], "tmeasure1_r": [0.2655800747303382, 0.4189929388760324, 0.3250965895718597], "tmeasure0_r": [0.21859440751240958, 0.4272782948836759, 0.2892230786856548], "tmeasure1_f": [0.6581963155598647, 0.5026717308141289, 0.5700160017176812], "tmeasure0_f": [0.6463852005571169, 0.5114716492406255, 0.5710683572523365]}