{"orig_r": [0.41583002701844013, 0.572977141303188, 0.48191620728937584], "orig_f": [0.4452747208881364, 0.5761169526354816, 0.5023152663829816], "tmeasure1_r": [0.5046037388996083, 0.5726126989885222, 0.5364613808112183], "tmeasure0_r": [0.41583002701844013, 0.572977141303188, 0.48191620728937584], "tmeasure1_f": [0.44899328649215253, 0.5742165437266366, 0.503942330325069], "tmeasure0_f": [0.4452747208881364, 0.5761169526354816, 0.5023152663829816]}