{"orig_r": [0.46778304788107067, 0.5613160665279762, 0.5102990309652573], "orig_f": [0.49229356099427896, 0.5611593276508369, 0.5244755160331614], "tmeasure1_r": [0.6089616817988219, 0.566222058401719, 0.5868146829483216], "tmeasure0_r": [0.46778304788107067, 0.5613160665279762, 0.5102990309652573], "tmeasure1_f": [0.49910933305785854, 0.5629776303005415, 0.529123130741184], "tmeasure0_f": [0.49229356099427896, 0.5611593276508369, 0.5244755160331614]}