{"orig_r": [0.2693914411534073, 0.5661443813305224, 0.36506980714275], "orig_f": [0.8068212861875959, 0.6008307054316936, 0.6887540463460057], "tmeasure1_r": [0.19181591700929804, 0.5516821861257116, 0.2846582230222094], "tmeasure0_r": [0.2693914411534073, 0.5661443813305224, 0.36506980714275], "tmeasure1_f": [0.8113912277637296, 0.5851549971247864, 0.6799483226372457], "tmeasure0_f": [0.8068212861875959, 0.6008307054316936, 0.6887540463460057]}