{"orig_r": [0.3149592741357009, 0.539370813431662, 0.3976913428675752], "orig_f": [0.715943548926256, 0.5705537505817059, 0.6350332444551305], "tmeasure1_r": [0.2805842573883923, 0.5269730313816847, 0.36619157236295563], "tmeasure0_r": [0.3149592741357009, 0.539370813431662, 0.3976913428675752], "tmeasure1_f": [0.7183258612296146, 0.5575692898910573, 0.6278203032661236], "tmeasure0_f": [0.715943548926256, 0.5705537505817059, 0.6350332444551305]}