{"orig_r": [0.20872225722344562, 0.462688651700495, 0.28767307319857705], "orig_f": [0.6181551887704807, 0.5297383316146257, 0.5705415921649926], "tmeasure1_r": [0.2425459880934036, 0.4547810553759526, 0.31636610533137505], "tmeasure0_r": [0.20872225722344562, 0.462688651700495, 0.28767307319857705], "tmeasure1_f": [0.6269418922710916, 0.52315141099831, 0.57036335160495], "tmeasure0_f": [0.6181551887704807, 0.5297383316146257, 0.5705415921649926]}