{"orig_r": [0.3846405400683391, 0.46907413619294436, 0.42268203673735094], "orig_f": [0.58122353080805, 0.5059357968228959, 0.5409727584868074], "tmeasure1_r": [0.49692283708109414, 0.46194574183644027, 0.47879635157100436], "tmeasure0_r": [0.3846405400683391, 0.46907413619294436, 0.42268203673735094], "tmeasure1_f": [0.5893360867137658, 0.5000329410744195, 0.54102411433359], "tmeasure0_f": [0.58122353080805, 0.5059357968228959, 0.5409727584868074]}