{"orig_r": [0.26455349524913496, 0.4678530557517946, 0.3379875862469411], "orig_f": [0.5706609035543231, 0.4746284491281287, 0.5182333464642627], "tmeasure1_r": [0.2505858599429052, 0.461253796569225, 0.3247463897461562], "tmeasure0_r": [0.26455349524913496, 0.4678530557517946, 0.3379875862469411], "tmeasure1_f": [0.5835014852075909, 0.4695528453057023, 0.5203621022778157], "tmeasure0_f": [0.5706609035543231, 0.4746284491281287, 0.5182333464642627]}