{"orig_r": [0.18924940328454942, 0.39673118050776185, 0.2562581124772549], "orig_f": [0.5824618053057594, 0.44811181610406287, 0.5065295908306999], "tmeasure1_r": [0.1584937369969832, 0.3942182231922206, 0.2260892612660575], "tmeasure0_r": [0.18924940328454942, 0.39673118050776185, 0.2562581124772549], "tmeasure1_f": [0.5912431595372551, 0.4457941918394738, 0.5083187527172849], "tmeasure0_f": [0.5824618053057594, 0.44811181610406287, 0.5065295908306999]}