{"orig_r": [0.20617526790193175, 0.5846142662582491, 0.30484218052554757], "orig_f": [0.5560414096964356, 0.619160906218643, 0.5859061005247622], "tmeasure1_r": [0.26341822219728495, 0.5778903845748227, 0.3618811373240594], "tmeasure0_r": [0.20617526790193175, 0.5846142662582491, 0.30484218052554757], "tmeasure1_f": [0.5596690023249243, 0.6132238137622376, 0.585223739702217], "tmeasure0_f": [0.5560414096964356, 0.619160906218643, 0.5859061005247622]}