{"orig_r": [0.41715224293670383, 0.6126345410836684, 0.496339391569614], "orig_f": [0.625038990895046, 0.6280737783845214, 0.626552709816842], "tmeasure1_r": [0.46814864306365916, 0.6027259140651757, 0.5269810864970786], "tmeasure0_r": [0.41715224293670383, 0.6126345410836684, 0.496339391569614], "tmeasure1_f": [0.6268779060744822, 0.6189922735238145, 0.622910134068711], "tmeasure0_f": [0.625038990895046, 0.6280737783845214, 0.626552709816842]}