{"orig_r": [0.2221595000657347, 0.4863924662425185, 0.3050071477443842], "orig_f": [0.4991774939574287, 0.47544635269562363, 0.48702300824019734], "tmeasure1_r": [0.27122599827103144, 0.4828505789983828, 0.3473430530856877], "tmeasure0_r": [0.2221595000657347, 0.4863924662425185, 0.3050071477443842], "tmeasure1_f": [0.4990549272813683, 0.47013900242700163, 0.4841656111877237], "tmeasure0_f": [0.4991774939574287, 0.47544635269562363, 0.48702300824019734]}