{"orig_r": [0.2944458273287597, 0.48745082021444514, 0.3671274470637604], "orig_f": [0.5024327213423118, 0.4925959417719396, 0.4974657087204663], "tmeasure1_r": [0.3607599190711361, 0.48589616932438084, 0.4140804398032055], "tmeasure0_r": [0.2944458273287597, 0.48745082021444514, 0.3671274470637604], "tmeasure1_f": [0.5037981005325359, 0.4900020770943787, 0.49680432999443563], "tmeasure0_f": [0.5024327213423118, 0.4925959417719396, 0.4974657087204663]}