{"orig_r": [0.1652226421936041, 0.5503542814239433, 0.2541473474570176], "orig_f": [0.2931174325188802, 0.5391259278784019, 0.3797620150640549], "tmeasure1_r": [0.21732401315590058, 0.5510024051746699, 0.3117061995897488], "tmeasure0_r": [0.1652226421936041, 0.5503542814239433, 0.2541473474570176], "tmeasure1_f": [0.2961529474334973, 0.5402743139745516, 0.38258875072250126], "tmeasure0_f": [0.2931174325188802, 0.5391259278784019, 0.3797620150640549]}