{"orig_r": [0.0, 0.0, 0.0], "orig_f": [0.018476285968071944, 0.11557937161870224, 0.03185956580243407], "tmeasure1_r": [0.0, 0.0, 0.0], "tmeasure0_r": [0.0, 0.0, 0.0], "tmeasure1_f": [0.018476285968071944, 0.11557937161870224, 0.03185956580243407], "tmeasure0_f": [0.018476285968071944, 0.11557937161870224, 0.03185956580243407]}