{"orig_r": [0.0, 0.0, 0.0], "orig_f": [0.012617223363645668, 0.19124809573727666, 0.023672686972270738], "tmeasure1_r": [0.0, 0.0, 0.0], "tmeasure0_r": [0.0, 0.0, 0.0], "tmeasure1_f": [0.012557809844073084, 0.19121174995970353, 0.02356780667592042], "tmeasure0_f": [0.012617223363645668, 0.19124809573727666, 0.023672686972270738]}