{"orig_r": [0.00609123986341949, 0.0, 0.0], "orig_f": [0.006653230132034572, 0.07876308143882639, 0.012269996142035722], "tmeasure1_r": [0.006018122099067819, 0.0, 0.0], "tmeasure0_r": [0.00609123986341949, 0.0, 0.0], "tmeasure1_f": [0.006648032712073034, 0.07876308143882639, 0.012261157042955544], "tmeasure0_f": [0.006653230132034572, 0.07876308143882639, 0.012269996142035722]}