{"orig_r": [0.38359635849954277, 0.5973975351780688, 0.4671986656549351], "orig_f": [0.3225667871785461, 0.559289968015471, 0.40915572063458466], "tmeasure1_r": [0.48567502793845724, 0.5958727767943468, 0.5351599369920718], "tmeasure0_r": [0.38359635849954277, 0.5973975351780688, 0.4671986656549351], "tmeasure1_f": [0.32719420620145684, 0.5554957868402783, 0.41182069459546905], "tmeasure0_f": [0.3225667871785461, 0.559289968015471, 0.40915572063458466]}