{"orig_r": [0.4789274979867412, 0.602887349089583, 0.5338054482200352], "orig_f": [0.5913273093531265, 0.7179501718822486, 0.6485157645698827], "tmeasure1_r": [0.5682773896513686, 0.5897683831583623, 0.5788234716611819], "tmeasure0_r": [0.4789274979867412, 0.602887349089583, 0.5338054482200352], "tmeasure1_f": [0.5991007458902002, 0.7055122778711461, 0.6479667521464475], "tmeasure0_f": [0.5913273093531265, 0.7179501718822486, 0.6485157645698827]}