{"orig_r": [0.1461603139013453, 0.0, 0.0], "orig_f": [0.2579393677846039, 0.6397196315107246, 0.36764267375653725], "tmeasure1_r": [0.21948653198653198, 0.0, 0.0], "tmeasure0_r": [0.1461603139013453, 0.0, 0.0], "tmeasure1_f": [0.25823232977568, 0.6396455483377131, 0.3679278980009122], "tmeasure0_f": [0.2579393677846039, 0.6397196315107246, 0.36764267375653725]}