{"orig_r": [0.015654675983437012, 0.0, 0.0], "orig_f": [0.018373730349626863, 0.1818182326424725, 0.033374758199961864], "tmeasure1_r": [0.01664891020731514, 0.0, 0.0], "tmeasure0_r": [0.015654675983437012, 0.0, 0.0], "tmeasure1_f": [0.018639133108789323, 0.1818182326424725, 0.033812020098408745], "tmeasure0_f": [0.018373730349626863, 0.1818182326424725, 0.033374758199961864]}