{"orig_r": [0.31420558986361236, 0.5096931346099169, 0.3887575675320465], "orig_f": [0.45721841331674895, 0.5359837591609681, 0.49347786526840764], "tmeasure1_r": [0.24137299344262528, 0.5059788097663237, 0.32683301065827086], "tmeasure0_r": [0.31420558986361236, 0.5096931346099169, 0.3887575675320465], "tmeasure1_f": [0.4612573955056016, 0.5320272949982264, 0.49412122581753726], "tmeasure0_f": [0.45721841331674895, 0.5359837591609681, 0.49347786526840764]}