{"orig_r": [0.4062389738450818, 0.3438271968085855, 0.37243649447574995], "orig_f": [0.6133832703052042, 0.373343010639566, 0.4641659216625356], "tmeasure1_r": [0.45659690455591967, 0.3394282397994528, 0.3893894174330388], "tmeasure0_r": [0.4062389738450818, 0.3438271968085855, 0.37243649447574995], "tmeasure1_f": [0.6160070066566212, 0.36900101368578336, 0.4615337239890142], "tmeasure0_f": [0.6133832703052042, 0.373343010639566, 0.4641659216625356]}