{"orig_r": [0.20782737958083647, 0.4277977255045047, 0.2797500588662434], "orig_f": [0.6692655733040198, 0.5072754538498842, 0.5771188417715741], "tmeasure1_r": [0.19148023026795197, 0.4224720163257391, 0.2635222508481322], "tmeasure0_r": [0.20782737958083647, 0.4277977255045047, 0.2797500588662434], "tmeasure1_f": [0.6722466302466135, 0.5022316531715109, 0.5749336385601559], "tmeasure0_f": [0.6692655733040198, 0.5072754538498842, 0.5771188417715741]}