{"orig_r": [0.5496336968023139, 0.4804412256047638, 0.5127135535118361], "orig_f": [0.5682080981143653, 0.526214850446802, 0.546405829236322], "tmeasure1_r": [0.598615473024048, 0.4774826393384409, 0.5312312933638322], "tmeasure0_r": [0.5496336968023139, 0.4804412256047638, 0.5127135535118361], "tmeasure1_f": [0.5788960348746209, 0.5193911695898792, 0.5475316245190609], "tmeasure0_f": [0.5682080981143653, 0.526214850446802, 0.546405829236322]}