{"orig_r": [0.4429266423867499, 0.6105732071658834, 0.5134108765105865], "orig_f": [0.6031988411726318, 0.7133111018768287, 0.6536501031675249], "tmeasure1_r": [0.5514160283949928, 0.6022895300314244, 0.5757311268341208], "tmeasure0_r": [0.4429266423867499, 0.6105732071658834, 0.5134108765105865], "tmeasure1_f": [0.6147710964133537, 0.7062827531614372, 0.6573573403970715], "tmeasure0_f": [0.6031988411726318, 0.7133111018768287, 0.6536501031675249]}