{"orig_r": [0.4102188313681759, 0.3622773232468858, 0.38476043999878007], "orig_f": [0.5644437016310431, 0.4077642457872491, 0.47347887022758334], "tmeasure1_r": [0.4180903875673176, 0.35371155603224336, 0.383215934541069], "tmeasure0_r": [0.4102188313681759, 0.3622773232468858, 0.38476043999878007], "tmeasure1_f": [0.5674209984657126, 0.39773220727983755, 0.4676596520287478], "tmeasure0_f": [0.5644437016310431, 0.4077642457872491, 0.47347887022758334]}