{"orig_r": [0.4440413160884313, 0.4219089868069965, 0.43269231766511457], "orig_f": [0.6559449141626718, 0.4782576650606668, 0.5531828066740543], "tmeasure1_r": [0.5005100335671082, 0.41272261714362685, 0.45239690192788057], "tmeasure0_r": [0.4440413160884313, 0.4219089868069965, 0.43269231766511457], "tmeasure1_f": [0.6585718528922069, 0.4667552258579713, 0.5463155730364248], "tmeasure0_f": [0.6559449141626718, 0.4782576650606668, 0.5531828066740543]}