{"orig_r": [0.2275852934962624, 0.3682501411602599, 0.2813136365557389], "orig_f": [0.41578843166369467, 0.3686289464635044, 0.3907910655468585], "tmeasure1_r": [0.24175593478805762, 0.36422445925887514, 0.2906147640611108], "tmeasure0_r": [0.2275852934962624, 0.3682501411602599, 0.2813136365557389], "tmeasure1_f": [0.4183649946452528, 0.3645851270608764, 0.3896280248304566], "tmeasure0_f": [0.41578843166369467, 0.3686289464635044, 0.3907910655468585]}