{"orig_r": [0.446183680925062, 0.5496256760671907, 0.4925320405088196], "orig_f": [0.540623727924026, 0.5697821003043194, 0.5548200763001708], "tmeasure1_r": [0.6070874470948232, 0.5441626819554833, 0.5739054008448081], "tmeasure0_r": [0.446183680925062, 0.5496256760671907, 0.4925320405088196], "tmeasure1_f": [0.5394600812860747, 0.5643458886416295, 0.5516224540441931], "tmeasure0_f": [0.540623727924026, 0.5697821003043194, 0.5548200763001708]}