{"orig_r": [0.49127415187969925, 0.5576227705070416, 0.5223499998956961], "orig_f": [0.6224104301766702, 0.5853950303411364, 0.6033355280604644], "tmeasure1_r": [0.6898754643197773, 0.5535406626676962, 0.6142338246857904], "tmeasure0_r": [0.49127415187969925, 0.5576227705070416, 0.5223499998956961], "tmeasure1_f": [0.6240998319847011, 0.5817344720493263, 0.6021729271610573], "tmeasure0_f": [0.6224104301766702, 0.5853950303411364, 0.6033355280604644]}