{"orig_r": [0.5549878262455401, 0.0, 0.0], "orig_f": [0.42058592168248427, 0.5694188863045238, 0.4838149576399728], "tmeasure1_r": [0.5660987216180594, 0.0, 0.0], "tmeasure0_r": [0.5549878262455401, 0.0, 0.0], "tmeasure1_f": [0.42852384711593833, 0.5681061114361933, 0.48854043439830896], "tmeasure0_f": [0.42058592168248427, 0.5694188863045238, 0.4838149576399728]}