{"orig_r": [0.28203211352874324, 0.5142722260325013, 0.36428605404057995], "orig_f": [0.46465607935415887, 0.5620936891949665, 0.5087515144417624], "tmeasure1_r": [0.29007220323637595, 0.5060471745918147, 0.36876434103597283], "tmeasure0_r": [0.28203211352874324, 0.5142722260325013, 0.36428605404057995], "tmeasure1_f": [0.46735799407218465, 0.554352574488576, 0.5071516634827191], "tmeasure0_f": [0.46465607935415887, 0.5620936891949665, 0.5087515144417624]}