{"orig_r": [0.3434386724447165, 0.3269722307487381, 0.3350032295707761], "orig_f": [0.40007368463733606, 0.3339427523058076, 0.36402919784551474], "tmeasure1_r": [0.4657978861443075, 0.32600858388668247, 0.38356369892600783], "tmeasure0_r": [0.3434386724447165, 0.3269722307487381, 0.3350032295707761], "tmeasure1_f": [0.40155381597139217, 0.33306031576704664, 0.3641139884646637], "tmeasure0_f": [0.40007368463733606, 0.3339427523058076, 0.36402919784551474]}