{"orig_r": [0.3209258754778476, 0.36055257140279, 0.3395871143478629], "orig_f": [0.4510581374975666, 0.3997545216393483, 0.42385953723299924], "tmeasure1_r": [0.37361963791096514, 0.3607139228927906, 0.3670533731650167], "tmeasure0_r": [0.3209258754778476, 0.36055257140279, 0.3395871143478629], "tmeasure1_f": [0.4518496868818448, 0.3988069968058631, 0.42367460360582615], "tmeasure0_f": [0.4510581374975666, 0.3997545216393483, 0.42385953723299924]}