{"orig_r": [0.22627265789604567, 0.4036549622115182, 0.28998912972551333], "orig_f": [0.7363136264896182, 0.44373764454247083, 0.5537557261851263], "tmeasure1_r": [0.23585904756027576, 0.39966748658734214, 0.2966522644211239], "tmeasure0_r": [0.22627265789604567, 0.4036549622115182, 0.28998912972551333], "tmeasure1_f": [0.7562964453727149, 0.43986229382402875, 0.5562243176787672], "tmeasure0_f": [0.7363136264896182, 0.44373764454247083, 0.5537557261851263]}