{"orig_r": [0.5698924650993648, 0.3663698619645656, 0.44601052020935045], "orig_f": [0.7442584377225896, 0.4261912327737683, 0.5420077925106415], "tmeasure1_r": [0.7976459683985269, 0.36185946069444475, 0.4978600922560158], "tmeasure0_r": [0.5698924650993648, 0.3663698619645656, 0.44601052020935045], "tmeasure1_f": [0.7559402343951941, 0.4234178624393886, 0.5428013748133665], "tmeasure0_f": [0.7442584377225896, 0.4261912327737683, 0.5420077925106415]}