{"orig_r": [0.43281371607206004, 0.4296595152709594, 0.4312308479663033], "orig_f": [0.6652097756979172, 0.5109527060902105, 0.5779656132097915], "tmeasure1_r": [0.48353979304309713, 0.4259894963172368, 0.4529439025160724], "tmeasure0_r": [0.43281371607206004, 0.4296595152709594, 0.4312308479663033], "tmeasure1_f": [0.6678579605752801, 0.5084818088236559, 0.5773733621266847], "tmeasure0_f": [0.6652097756979172, 0.5109527060902105, 0.5779656132097915]}