{"orig_r": [0.37459098659189727, 0.46990686380447316, 0.4168699201216544], "orig_f": [0.6223433776941756, 0.5153062504712841, 0.5637894559546721], "tmeasure1_r": [0.45674641362763063, 0.46695709052935996, 0.46179531734466445], "tmeasure0_r": [0.37459098659189727, 0.46990686380447316, 0.4168699201216544], "tmeasure1_f": [0.6244513445973972, 0.5119794889562859, 0.5626497818354708], "tmeasure0_f": [0.6223433776941756, 0.5153062504712841, 0.5637894559546721]}