{"orig_r": [0.22389158374458218, 0.46205932877280725, 0.3016285655871325], "orig_f": [0.5940791625633486, 0.5253123771239441, 0.5575835192985912], "tmeasure1_r": [0.39265033129384624, 0.4534682542864128, 0.4208735354860318], "tmeasure0_r": [0.22389158374458218, 0.46205932877280725, 0.3016285655871325], "tmeasure1_f": [0.6008238538956043, 0.5172379656446113, 0.5559064847192727], "tmeasure0_f": [0.5940791625633486, 0.5253123771239441, 0.5575835192985912]}