{"orig_r": [0.1334805518008359, 0.657778037453975, 0.22192637550896235], "orig_f": [0.5979482501881956, 0.6619075072909087, 0.6283043648789988], "tmeasure1_r": [0.20699843721476482, 0.6459367213601459, 0.3135241653880915], "tmeasure0_r": [0.1334805518008359, 0.657778037453975, 0.22192637550896235], "tmeasure1_f": [0.6033742312918583, 0.6517671727767295, 0.6266377885083888], "tmeasure0_f": [0.5979482501881956, 0.6619075072909087, 0.6283043648789988]}