{"orig_r": [0.05998055145216348, 0.27869568179191284, 0.09871564072326583], "orig_f": [0.27325883022114933, 0.26377035997743997, 0.2684307718461001], "tmeasure1_r": [0.0, 0.2739820659066544, 0.0], "tmeasure0_r": [0.05998055145216348, 0.27869568179191284, 0.09871564072326583], "tmeasure1_f": [0.275852999843485, 0.2593283097529051, 0.26733553996356485], "tmeasure0_f": [0.27325883022114933, 0.26377035997743997, 0.2684307718461001]}