{"orig_r": [0.34882360681225644, 0.22365856321810335, 0.2725583111594497], "orig_f": [0.4846196736203391, 0.2561571889857945, 0.33515845212839235], "tmeasure1_r": [0.0, 0.21912879946948666, 0.0], "tmeasure0_r": [0.34882360681225644, 0.22365856321810335, 0.2725583111594497], "tmeasure1_f": [0.48128273335243205, 0.2501580967902483, 0.3292044076072906], "tmeasure0_f": [0.4846196736203391, 0.2561571889857945, 0.33515845212839235]}