{"orig_r": [0.5577402519596653, 0.4527716207925166, 0.4998040392602779], "orig_f": [0.5927026453851043, 0.4795454051817214, 0.5301531303008212], "tmeasure1_r": [0.7142281769911762, 0.4476080813268924, 0.5503259201007029], "tmeasure0_r": [0.5577402519596653, 0.4527716207925166, 0.4998040392602779], "tmeasure1_f": [0.5964222503585528, 0.4747570775555393, 0.5286802633144795], "tmeasure0_f": [0.5927026453851043, 0.4795454051817214, 0.5301531303008212]}