{"orig_r": [0.299653810389533, 0.3706322859662342, 0.33138499320510195], "orig_f": [0.43881545682989137, 0.392030674557819, 0.41410584474911216], "tmeasure1_r": [0.35502259299914524, 0.3666237882946874, 0.36072994017426513], "tmeasure0_r": [0.299653810389533, 0.3706322859662342, 0.33138499320510195], "tmeasure1_f": [0.4408644508587913, 0.3880085830101343, 0.41275125112662586], "tmeasure0_f": [0.43881545682989137, 0.392030674557819, 0.41410584474911216]}