{"orig_r": [0.27254871489152, 0.41081936811100195, 0.3276954063738053], "orig_f": [0.43641259662319193, 0.43177979123554183, 0.43408383325559224], "tmeasure1_r": [0.289607432705055, 0.3955488600664224, 0.3343876166118939], "tmeasure0_r": [0.27254871489152, 0.41081936811100195, 0.3276954063738053], "tmeasure1_f": [0.4326661504335811, 0.4212346755413518, 0.42687389437181666], "tmeasure0_f": [0.43641259662319193, 0.43177979123554183, 0.43408383325559224]}