{"orig_r": [0.4163567919058738, 0.41428428867007255, 0.4153179547731444], "orig_f": [0.46177703521994146, 0.41605112673160294, 0.4377231538685604], "tmeasure1_r": [0.42046089056875013, 0.4041325536584422, 0.41213505784854354], "tmeasure0_r": [0.4163567919058738, 0.41428428867007255, 0.4153179547731444], "tmeasure1_f": [0.46244570303350735, 0.40855583765476394, 0.4338336564213266], "tmeasure0_f": [0.46177703521994146, 0.41605112673160294, 0.4377231538685604]}