{"orig_r": [0.23852069398754847, 0.62963706625514, 0.3459773715815837], "orig_f": [0.3404149380622681, 0.5493170966939107, 0.4203417167031569], "tmeasure1_r": [0.5215762275814143, 0.6246339851287591, 0.5684720550731693], "tmeasure0_r": [0.23852069398754847, 0.62963706625514, 0.3459773715815837], "tmeasure1_f": [0.34153386482100406, 0.5406283334024673, 0.41861436481981024], "tmeasure0_f": [0.3404149380622681, 0.5493170966939107, 0.4203417167031569]}