{"orig_r": [0.19614054345838852, 0.5194077829448146, 0.2847520455687746], "orig_f": [0.25748629350139596, 0.633525425673055, 0.3661548107281651], "tmeasure1_r": [0.5117401877095755, 0.5167329410171421, 0.5142244456288513], "tmeasure0_r": [0.19614054345838852, 0.5194077829448146, 0.2847520455687746], "tmeasure1_f": [0.25597867395181045, 0.6192051617498648, 0.3622171931038175], "tmeasure0_f": [0.25748629350139596, 0.633525425673055, 0.3661548107281651]}