{"orig_r": [0.3341158087411318, 0.45864882379781724, 0.38660105761932484], "orig_f": [0.5560171503293635, 0.4893169429479425, 0.5205390582312452], "tmeasure1_r": [0.11363636363636363, 0.4448552442806948, 0.18102951445648882], "tmeasure0_r": [0.3341158087411318, 0.45864882379781724, 0.38660105761932484], "tmeasure1_f": [0.5642199426943137, 0.47629048351917075, 0.5165399260725848], "tmeasure0_f": [0.5560171503293635, 0.4893169429479425, 0.5205390582312452]}