{"orig_r": [0.29420118120226785, 0.48732536647594016, 0.3669016717934518], "orig_f": [0.5924232725314692, 0.5299981226214795, 0.5594747633907429], "tmeasure1_r": [0.06428190203548757, 0.4741220633527089, 0.11321412912450377], "tmeasure0_r": [0.29420118120226785, 0.48732536647594016, 0.3669016717934518], "tmeasure1_f": [0.6042035020894481, 0.5185055804529356, 0.5580838214173064], "tmeasure0_f": [0.5924232725314692, 0.5299981226214795, 0.5594747633907429]}