{"orig_r": [0.6350189278271782, 0.17021288694672587, 0.2684653114497917], "orig_f": [0.593678624720238, 0.15978449887247242, 0.2517990292342413], "tmeasure1_r": [0.6327696089675675, 0.17021288694672587, 0.2682637354177556], "tmeasure0_r": [0.6350189278271782, 0.17021288694672587, 0.2684653114497917], "tmeasure1_f": [0.5936887828425185, 0.15978449887247242, 0.25179994289056307], "tmeasure0_f": [0.593678624720238, 0.15978449887247242, 0.2517990292342413]}