{"orig_r": [0.4823373729432663, 0.18454500410273195, 0.266952480774811], "orig_f": [0.5001236372560147, 0.18201808209115347, 0.2668992166288017], "tmeasure1_r": [0.4800791822545634, 0.18454500410273195, 0.26660544854495005], "tmeasure0_r": [0.4823373729432663, 0.18454500410273195, 0.266952480774811], "tmeasure1_f": [0.5001319466281254, 0.18201808209115347, 0.2669003998685715], "tmeasure0_f": [0.5001236372560147, 0.18201808209115347, 0.2668992166288017]}