{"orig_r": [0.3035622034476084, 0.35688064536305847, 0.3280691895424603], "orig_f": [0.5513164825961755, 0.37165425605345437, 0.4439991618565729], "tmeasure1_r": [0.4062161819253886, 0.35299220411156473, 0.3777385709663326], "tmeasure0_r": [0.3035622034476084, 0.35688064536305847, 0.3280691895424603], "tmeasure1_f": [0.5575408199370145, 0.36755165048595484, 0.4430368965979081], "tmeasure0_f": [0.5513164825961755, 0.37165425605345437, 0.4439991618565729]}