{"orig_r": [0.09866729905807792, 0.7667579468606779, 0.17483644255777245], "orig_f": [0.8447654175751801, 0.7664050688464384, 0.8036796893589236], "tmeasure1_r": [0.12153099043273499, 0.7585890669246055, 0.209498874304964], "tmeasure0_r": [0.09866729905807792, 0.7667579468606779, 0.17483644255777245], "tmeasure1_f": [0.8461680025074007, 0.758482904540681, 0.7999297061463206], "tmeasure0_f": [0.8447654175751801, 0.7664050688464384, 0.8036796893589236]}