{"orig_r": [0.48369245964494006, 0.569647419589594, 0.523162878276128], "orig_f": [0.6797565121253542, 0.5965255228999443, 0.635427119887622], "tmeasure1_r": [0.43808786193070254, 0.5606181763046859, 0.49183645399953646], "tmeasure0_r": [0.48369245964494006, 0.569647419589594, 0.523162878276128], "tmeasure1_f": [0.6844212555357271, 0.5870631269770946, 0.6320148135053343], "tmeasure0_f": [0.6797565121253542, 0.5965255228999443, 0.635427119887622]}