{"orig_r": [0.5828323522511932, 0.6374779195232269, 0.6089316199947558], "orig_f": [0.7578528086860151, 0.6751184542404992, 0.7140972467194009], "tmeasure1_r": [0.6699509468454512, 0.6259939624799072, 0.6472269690866301], "tmeasure0_r": [0.5828323522511932, 0.6374779195232269, 0.6089316199947558], "tmeasure1_f": [0.7592047789950687, 0.6637639113634217, 0.7082836566201784], "tmeasure0_f": [0.7578528086860151, 0.6751184542404992, 0.7140972467194009]}