{"orig_r": [0.5670381121760426, 0.49371397781401183, 0.5278417918313161], "orig_f": [0.7442513264388793, 0.6218719676921044, 0.6775801844802284], "tmeasure1_r": [0.6408905589294687, 0.4847931088928167, 0.5520188937706484], "tmeasure0_r": [0.5670381121760426, 0.49371397781401183, 0.5278417918313161], "tmeasure1_f": [0.7444526095123347, 0.6117541672088878, 0.6716114297256852], "tmeasure0_f": [0.7442513264388793, 0.6218719676921044, 0.6775801844802284]}