{"orig_r": [0.2900282437368275, 0.4263037537953533, 0.34520342365727913], "orig_f": [0.7033571565212703, 0.502894934836121, 0.5864690373257709], "tmeasure1_r": [0.21705491627189957, 0.42140848136781345, 0.2865278823428347], "tmeasure0_r": [0.2900282437368275, 0.4263037537953533, 0.34520342365727913], "tmeasure1_f": [0.7048890657005922, 0.4937475269674604, 0.5807218553229264], "tmeasure0_f": [0.7033571565212703, 0.502894934836121, 0.5864690373257709]}