{"orig_r": [0.20413968078619749, 0.44270055643180894, 0.2794283505384434], "orig_f": [0.6355634624513045, 0.4788159244437109, 0.5461657141095999], "tmeasure1_r": [0.13875729908778237, 0.4366165044773947, 0.2105891040677841], "tmeasure0_r": [0.20413968078619749, 0.44270055643180894, 0.2794283505384434], "tmeasure1_f": [0.6356371110302649, 0.4706182187121178, 0.5408198214241231], "tmeasure0_f": [0.6355634624513045, 0.4788159244437109, 0.5461657141095999]}