{"orig_r": [0.11793351569777942, 0.6280969634326358, 0.19858084935900147], "orig_f": [0.8336660298077574, 0.7109028150148885, 0.767405777164529], "tmeasure1_r": [0.32789490077418537, 0.6194212269906987, 0.42880102176820173], "tmeasure0_r": [0.11793351569777942, 0.6280969634326358, 0.19858084935900147], "tmeasure1_f": [0.8387196896434562, 0.7023810803822048, 0.7645195605733025], "tmeasure0_f": [0.8336660298077574, 0.7109028150148885, 0.767405777164529]}