{"orig_r": [0.18787938108538496, 0.6569554624101078, 0.2921953009598673], "orig_f": [0.8346609925405198, 0.7101424651527602, 0.7673833352168224], "tmeasure1_r": [0.230427925899557, 0.6488565195511257, 0.34008258142207115], "tmeasure0_r": [0.18787938108538496, 0.6569554624101078, 0.2921953009598673], "tmeasure1_f": [0.8424433838525998, 0.7035120846561256, 0.7667350234229053], "tmeasure0_f": [0.8346609925405198, 0.7101424651527602, 0.7673833352168224]}