{"orig_r": [0.1412960453970668, 0.0, 0.0], "orig_f": [0.21663224416719362, 0.5704047919442906, 0.31400827278250054], "tmeasure1_r": [0.16618248676480046, 0.0, 0.0], "tmeasure0_r": [0.1412960453970668, 0.0, 0.0], "tmeasure1_f": [0.2174466656980532, 0.5523951921610117, 0.31205497975153523], "tmeasure0_f": [0.21663224416719362, 0.5704047919442906, 0.31400827278250054]}