{"orig_r": [0.39194007430965194, 0.3441933485853422, 0.3665182490720035], "orig_f": [0.4578900883846882, 0.48168084213910445, 0.4694842639657431], "tmeasure1_r": [0.5170418486453088, 0.3453625060207962, 0.4141140234267587], "tmeasure0_r": [0.39194007430965194, 0.3441933485853422, 0.3665182490720035], "tmeasure1_f": [0.46166220959957294, 0.47474734988682527, 0.46811335559304895], "tmeasure0_f": [0.4578900883846882, 0.48168084213910445, 0.4694842639657431]}