{"orig_r": [0.43025319488276453, 0.45866836032239877, 0.44400661962754223], "orig_f": [0.6384649108107295, 0.495947614860234, 0.5582539729121014], "tmeasure1_r": [0.43066331662051344, 0.4562433992042181, 0.44308446870828494], "tmeasure0_r": [0.43025319488276453, 0.45866836032239877, 0.44400661962754223], "tmeasure1_f": [0.6498474304477153, 0.49299528347405014, 0.5606575853103543], "tmeasure0_f": [0.6384649108107295, 0.495947614860234, 0.5582539729121014]}