{"orig_r": [0.5249386214180743, 0.4025941025923507, 0.45569754626468584], "orig_f": [0.5613478933726763, 0.4512017211732873, 0.5002839012097674], "tmeasure1_r": [0.5257305247817078, 0.4006753181036013, 0.45476234173484714], "tmeasure0_r": [0.5249386214180743, 0.4025941025923507, 0.45569754626468584], "tmeasure1_f": [0.5640400958013814, 0.44809458498526045, 0.4994262472000895], "tmeasure0_f": [0.5613478933726763, 0.4512017211732873, 0.5002839012097674]}