{"orig_r": [0.5198351921047842, 0.6560848479707598, 0.5800666394970321], "orig_f": [0.7820609728580691, 0.749490740876495, 0.7654295348979288], "tmeasure1_r": [0.6211517916190922, 0.6597254419395966, 0.6398577935512999], "tmeasure0_r": [0.5198351921047842, 0.6560848479707598, 0.5800666394970321], "tmeasure1_f": [0.7917215524406986, 0.7442049472858783, 0.767228244716284], "tmeasure0_f": [0.7820609728580691, 0.749490740876495, 0.7654295348979288]}