{"orig_r": [0.6257941014776971, 0.38323243696404957, 0.4753583566144652], "orig_f": [0.5795009506764474, 0.3977456125524432, 0.47172119969388004], "tmeasure1_r": [0.4778342497181324, 0.3791830989454473, 0.42283081403879164], "tmeasure0_r": [0.6257941014776971, 0.38323243696404957, 0.4753583566144652], "tmeasure1_f": [0.5820661920810445, 0.3934730110960189, 0.4695399969769398], "tmeasure0_f": [0.5795009506764474, 0.3977456125524432, 0.47172119969388004]}