{"orig_r": [0.4536470971992527, 0.4427735695553405, 0.4481443857659754], "orig_f": [0.7456132466830173, 0.49008289940159333, 0.5914274361451769], "tmeasure1_r": [0.02120863616191033, 0.4369014007886574, 0.040453524701775746], "tmeasure0_r": [0.4536470971992527, 0.4427735695553405, 0.4481443857659754], "tmeasure1_f": [0.7511555595819285, 0.48466659424118574, 0.5891786381748486], "tmeasure0_f": [0.7456132466830173, 0.49008289940159333, 0.5914274361451769]}