{"orig_r": [0.1443998078023224, 0.4259531024334169, 0.2156824135385438], "orig_f": [0.6632054839100864, 0.6557239267933918, 0.6594434859838046], "tmeasure1_r": [0.13372345126041468, 0.40510213032276743, 0.20107306271739772], "tmeasure0_r": [0.1443998078023224, 0.4259531024334169, 0.2156824135385438], "tmeasure1_f": [0.6649459087753146, 0.6448016616248866, 0.6547188734054815], "tmeasure0_f": [0.6632054839100864, 0.6557239267933918, 0.6594434859838046]}