{"orig_r": [0.15753811174687804, 0.37199297054797803, 0.22133949119386664], "orig_f": [0.6964799209488641, 0.7127801517778543, 0.7045357679134753], "tmeasure1_r": [0.20042981526448098, 0.37199297054797803, 0.2605014482810756], "tmeasure0_r": [0.15753811174687804, 0.37199297054797803, 0.22133949119386664], "tmeasure1_f": [0.7013266228123163, 0.7044023287457009, 0.7028611109884569], "tmeasure0_f": [0.6964799209488641, 0.7127801517778543, 0.7045357679134753]}