{"orig_r": [0.14389067252224047, 0.5785763793860791, 0.2304651654783295], "orig_f": [0.27593650257398994, 0.5876474125858154, 0.37553587770466534], "tmeasure1_r": [0.12132274349455058, 0.5702799137913164, 0.20007998226183846], "tmeasure0_r": [0.14389067252224047, 0.5785763793860791, 0.2304651654783295], "tmeasure1_f": [0.2774348970239604, 0.5805536234899048, 0.37544985952339666], "tmeasure0_f": [0.27593650257398994, 0.5876474125858154, 0.37553587770466534]}