{"orig_r": [0.3763253094679446, 0.2959576726590942, 0.3313377423312491], "orig_f": [0.5961577454268641, 0.6498562440998144, 0.6218498934851969], "tmeasure1_r": [0.38481404958677684, 0.2840698526938891, 0.3268551388602146], "tmeasure0_r": [0.3763253094679446, 0.2959576726590942, 0.3313377423312491], "tmeasure1_f": [0.6016464972906321, 0.648380991988244, 0.6241401186538603], "tmeasure0_f": [0.5961577454268641, 0.6498562440998144, 0.6218498934851969]}