{"orig_r": [0.175380821693988, 0.5547703336767367, 0.2665094104309762], "orig_f": [0.585283641388219, 0.6131312201746388, 0.5988838835403447], "tmeasure1_r": [0.4690953954407735, 0.5519415323516585, 0.5071574285535], "tmeasure0_r": [0.175380821693988, 0.5547703336767367, 0.2665094104309762], "tmeasure1_f": [0.5909515556693126, 0.6112770200163082, 0.6009424717217847], "tmeasure0_f": [0.585283641388219, 0.6131312201746388, 0.5988838835403447]}