{"orig_r": [0.38515017369744786, 0.37829678695493457, 0.38169271924371717], "orig_f": [0.47104121290806145, 0.38006583566991, 0.4206913161346458], "tmeasure1_r": [0.4215928165015193, 0.3779743004182311, 0.398593805339063], "tmeasure0_r": [0.38515017369744786, 0.37829678695493457, 0.38169271924371717], "tmeasure1_f": [0.47107307751998007, 0.3782517371052108, 0.41959025995034244], "tmeasure0_f": [0.47104121290806145, 0.38006583566991, 0.4206913161346458]}