{"orig_r": [0.35780061982224237, 0.37356364647776036, 0.36551226361932304], "orig_f": [0.4492747197673193, 0.3516095001243243, 0.39448713237790006], "tmeasure1_r": [0.3166377352924754, 0.37157842783990236, 0.3419151080069423], "tmeasure0_r": [0.35780061982224237, 0.37356364647776036, 0.36551226361932304], "tmeasure1_f": [0.4517765112168904, 0.35110545707735596, 0.39512955759765384], "tmeasure0_f": [0.4492747197673193, 0.3516095001243243, 0.39448713237790006]}