{"orig_r": [0.10906760936466814, 0.5790762882305558, 0.18356180042512837], "orig_f": [0.7883120008002704, 0.5913788165269893, 0.6757905644257215], "tmeasure1_r": [0.035337523052347594, 0.5740830762081103, 0.06657692229007335], "tmeasure0_r": [0.10906760936466814, 0.5790762882305558, 0.18356180042512837], "tmeasure1_f": [0.7923234565422087, 0.5863225644964848, 0.6739324146462807], "tmeasure0_f": [0.7883120008002704, 0.5913788165269893, 0.6757905644257215]}