{"orig_r": [0.016050197076464583, 0.0, 0.0], "orig_f": [0.6993966570052046, 0.7220295119039395, 0.7105328970723246], "tmeasure1_r": [0.008188696791333829, 0.0, 0.0], "tmeasure0_r": [0.016050197076464583, 0.0, 0.0], "tmeasure1_f": [0.7024115426289893, 0.7150292914507567, 0.7086642568173432], "tmeasure0_f": [0.6993966570052046, 0.7220295119039395, 0.7105328970723246]}