{"orig_r": [0.2613444270110417, 0.3396699982927967, 0.2954034290667649], "orig_f": [0.6603596917339927, 0.4439923780823061, 0.5309804326648202], "tmeasure1_r": [0.25589085862615235, 0.33013522637720105, 0.28830998722494666], "tmeasure0_r": [0.2613444270110417, 0.3396699982927967, 0.2954034290667649], "tmeasure1_f": [0.6592010651960419, 0.4340167345864144, 0.5234168229042835], "tmeasure0_f": [0.6603596917339927, 0.4439923780823061, 0.5309804326648202]}