{"orig_r": [0.38729242183522067, 0.41424300852938856, 0.40031462596400924], "orig_f": [0.49806881258372854, 0.45965872565275223, 0.4780935423475026], "tmeasure1_r": [0.4573751409417907, 0.40443958772477256, 0.42928162465792974], "tmeasure0_r": [0.38729242183522067, 0.41424300852938856, 0.40031462596400924], "tmeasure1_f": [0.4981242052183204, 0.44945306626136416, 0.4725386691995578], "tmeasure0_f": [0.49806881258372854, 0.45965872565275223, 0.4780935423475026]}