{"orig_r": [0.3853853758210136, 0.4606665560806254, 0.41967672940422707], "orig_f": [0.4710402702512358, 0.494432598151345, 0.48245304922875787], "tmeasure1_r": [0.4650412583434431, 0.458216402480152, 0.4616036052446903], "tmeasure0_r": [0.3853853758210136, 0.4606665560806254, 0.41967672940422707], "tmeasure1_f": [0.4722115263530279, 0.48213076647647884, 0.4771195971303059], "tmeasure0_f": [0.4710402702512358, 0.494432598151345, 0.48245304922875787]}