{"orig_r": [0.2399320074995868, 0.38334962306790626, 0.29514055966368696], "orig_f": [0.5609968405354976, 0.41747774985399266, 0.478711866332128], "tmeasure1_r": [0.22682634819592884, 0.3775441889066091, 0.2833922714460544], "tmeasure0_r": [0.2399320074995868, 0.38334962306790626, 0.29514055966368696], "tmeasure1_f": [0.5666492676420226, 0.4133063310159774, 0.4779802882962039], "tmeasure0_f": [0.5609968405354976, 0.41747774985399266, 0.478711866332128]}