{"orig_r": [0.23240316907222705, 0.0, 0.0], "orig_f": [0.17931399660275532, 0.28626484821381554, 0.220505268190714], "tmeasure1_r": [0.22788571136713492, 0.0, 0.0], "tmeasure0_r": [0.23240316907222705, 0.0, 0.0], "tmeasure1_f": [0.18304780845641086, 0.2749198056361571, 0.2197686752268435], "tmeasure0_f": [0.17931399660275532, 0.28626484821381554, 0.220505268190714]}