{"orig_r": [0.23710363327345008, 0.36759952501839505, 0.288270969900874], "orig_f": [0.33062166552394023, 0.4622864252343279, 0.3855223818284343], "tmeasure1_r": [0.18678407715599563, 0.36674263786736283, 0.24750995140286997], "tmeasure0_r": [0.23710363327345008, 0.36759952501839505, 0.288270969900874], "tmeasure1_f": [0.34595430750449396, 0.46028100507948244, 0.3950117140351849], "tmeasure0_f": [0.33062166552394023, 0.4622864252343279, 0.3855223818284343]}