{"orig_r": [0.39466531321183695, 0.39301486976153804, 0.39383836238162584], "orig_f": [0.5826609253585333, 0.44610961146428313, 0.5053228678765758], "tmeasure1_r": [0.31135578291894533, 0.3868475928049483, 0.34502048920406597], "tmeasure0_r": [0.39466531321183695, 0.39301486976153804, 0.39383836238162584], "tmeasure1_f": [0.5948551165604486, 0.4393871122601744, 0.5054360856580664], "tmeasure0_f": [0.5826609253585333, 0.44610961146428313, 0.5053228678765758]}