{"orig_r": [0.3497229736380156, 0.42060371475468755, 0.38190233848478033], "orig_f": [0.5433221494436375, 0.43620661992304915, 0.48390762119497005], "tmeasure1_r": [0.44688480822008875, 0.41846770386626514, 0.43220966479361256], "tmeasure0_r": [0.3497229736380156, 0.42060371475468755, 0.38190233848478033], "tmeasure1_f": [0.5464596954282598, 0.43434051346404595, 0.483991709112244], "tmeasure0_f": [0.5433221494436375, 0.43620661992304915, 0.48390762119497005]}