{"orig_r": [0.33982488109252273, 0.4493127452024562, 0.38697343815337254], "orig_f": [0.5424721326574778, 0.47763216404034237, 0.5079914661500994], "tmeasure1_r": [0.5346662856062677, 0.44750260241955847, 0.4872167244387653], "tmeasure0_r": [0.33982488109252273, 0.4493127452024562, 0.38697343815337254], "tmeasure1_f": [0.5435258472937428, 0.474199719516169, 0.5065015810585819], "tmeasure0_f": [0.5424721326574778, 0.47763216404034237, 0.5079914661500994]}