{"orig_r": [0.2603796297194383, 0.6260750017229351, 0.36779587210225306], "orig_f": [0.5064741058195384, 0.6260282139446843, 0.5599407159562328], "tmeasure1_r": [0.3042589026564817, 0.6106825765232827, 0.40615845894533], "tmeasure0_r": [0.2603796297194383, 0.6260750017229351, 0.36779587210225306], "tmeasure1_f": [0.5135319866415432, 0.6113383752245325, 0.5581830955497153], "tmeasure0_f": [0.5064741058195384, 0.6260282139446843, 0.5599407159562328]}