{"orig_r": [0.34852070579316563, 0.6202028219075073, 0.44626463391298365], "orig_f": [0.4724263112393402, 0.6319267814599291, 0.5406583099410204], "tmeasure1_r": [0.4428126388178008, 0.6089656939254864, 0.5127652804433166], "tmeasure0_r": [0.34852070579316563, 0.6202028219075073, 0.44626463391298365], "tmeasure1_f": [0.47840555337061796, 0.6201319205711896, 0.540126416551102], "tmeasure0_f": [0.4724263112393402, 0.6319267814599291, 0.5406583099410204]}