{"orig_r": [0.2769608619647099, 0.44204347019317636, 0.34055077293662134], "orig_f": [0.45143425845843294, 0.4788750550291283, 0.4647499540790231], "tmeasure1_r": [0.309500905918061, 0.43936134741625343, 0.36317155643844057], "tmeasure0_r": [0.2769608619647099, 0.44204347019317636, 0.34055077293662134], "tmeasure1_f": [0.453792028930972, 0.4781442220260927, 0.46564995494490785], "tmeasure0_f": [0.45143425845843294, 0.4788750550291283, 0.4647499540790231]}