{"orig_r": [0.3331687775329316, 0.4454316095541051, 0.3812068611599029], "orig_f": [0.5217773666770927, 0.5179473946101852, 0.5198553265238471], "tmeasure1_r": [0.36462362295259315, 0.4453088448199026, 0.40094731546599904], "tmeasure0_r": [0.3331687775329316, 0.4454316095541051, 0.3812068611599029], "tmeasure1_f": [0.5258215976998823, 0.5184205837993747, 0.5220948635928799], "tmeasure0_f": [0.5217773666770927, 0.5179473946101852, 0.5198553265238471]}