{"orig_r": [0.08930367936451268, 0.0, 0.0], "orig_f": [0.09955632825169078, 0.4598600038957422, 0.16367764352508238], "tmeasure1_r": [0.12302730243031545, 0.0, 0.0], "tmeasure0_r": [0.08930367936451268, 0.0, 0.0], "tmeasure1_f": [0.09981060826464704, 0.46012322666645017, 0.16403787828225022], "tmeasure0_f": [0.09955632825169078, 0.4598600038957422, 0.16367764352508238]}