{"orig_r": [0.3547221907591466, 0.6188258579647433, 0.4509510636344942], "orig_f": [0.4961757747486725, 0.6467712705915369, 0.5615522391510561], "tmeasure1_r": [0.42667539348069694, 0.6159022750385487, 0.5041165823568149], "tmeasure0_r": [0.3547221907591466, 0.6188258579647433, 0.4509510636344942], "tmeasure1_f": [0.4978672521927548, 0.6444007825464343, 0.5617351394946589], "tmeasure0_f": [0.4961757747486725, 0.6467712705915369, 0.5615522391510561]}