{"orig_r": [0.21085886505420817, 0.40154949485567293, 0.27651572477167835], "orig_f": [0.3739489923411896, 0.45011612510880944, 0.4085125504203207], "tmeasure1_r": [0.24224737782421946, 0.39947533220786424, 0.30160020899985246], "tmeasure0_r": [0.21085886505420817, 0.40154949485567293, 0.27651572477167835], "tmeasure1_f": [0.37393123659274935, 0.44785285542623043, 0.40756732496412534], "tmeasure0_f": [0.3739489923411896, 0.45011612510880944, 0.4085125504203207]}