{"orig_r": [0.3220101441407484, 0.4290208260441979, 0.36789177415641067], "orig_f": [0.4588025198410544, 0.4500595717810694, 0.45438899369914953], "tmeasure1_r": [0.36472604761444716, 0.42953871093089696, 0.3944879957211062], "tmeasure0_r": [0.3220101441407484, 0.4290208260441979, 0.36789177415641067], "tmeasure1_f": [0.4622014218150371, 0.4505598655395592, 0.4563064042050546], "tmeasure0_f": [0.4588025198410544, 0.4500595717810694, 0.45438899369914953]}