{"orig_r": [0.19510961775715405, 0.3840823834561449, 0.2587679624939697], "orig_f": [0.4568162236859817, 0.40544101401147165, 0.4295980940507278], "tmeasure1_r": [0.4052593667097987, 0.3808780167832665, 0.39269060883334084], "tmeasure0_r": [0.19510961775715405, 0.3840823834561449, 0.2587679624939697], "tmeasure1_f": [0.458893664442455, 0.4025056634079974, 0.4288540584331739], "tmeasure0_f": [0.4568162236859817, 0.40544101401147165, 0.4295980940507278]}