{"orig_r": [0.13307590327321686, 0.4571900626322922, 0.20614768279582774], "orig_f": [0.6257232684299836, 0.48783016739259766, 0.548238956407434], "tmeasure1_r": [0.10260746317566423, 0.44735532756788804, 0.16692763973286107], "tmeasure0_r": [0.13307590327321686, 0.4571900626322922, 0.20614768279582774], "tmeasure1_f": [0.6296853472240851, 0.47546576089572484, 0.5418151790159195], "tmeasure0_f": [0.6257232684299836, 0.48783016739259766, 0.548238956407434]}