{"orig_r": [0.32912192643574745, 0.532735796052046, 0.40687697494156666], "orig_f": [0.6090356921666491, 0.5883114212313721, 0.5984942037774589], "tmeasure1_r": [0.1002125114795801, 0.537567456464332, 0.16893282200647008], "tmeasure0_r": [0.32912192643574745, 0.532735796052046, 0.40687697494156666], "tmeasure1_f": [0.6171857199948648, 0.5898667240997151, 0.6032170691433004], "tmeasure0_f": [0.6090356921666491, 0.5883114212313721, 0.5984942037774589]}