{"orig_r": [0.3296458064015763, 0.4744507924940232, 0.3890097640118626], "orig_f": [0.4519604360036099, 0.5167198742800067, 0.4821754653048452], "tmeasure1_r": [0.12505735600965492, 0.4751591560810834, 0.1980023759636124], "tmeasure0_r": [0.3296458064015763, 0.4744507924940232, 0.3890097640118626], "tmeasure1_f": [0.45668007282564227, 0.5162148466853472, 0.4846258913479283], "tmeasure0_f": [0.4519604360036099, 0.5167198742800067, 0.4821754653048452]}