{"orig_r": [0.15023808863081656, 0.6685949296889729, 0.24534531963755532], "orig_f": [0.5689104204531586, 0.6715833646902144, 0.615997885601818], "tmeasure1_r": [0.10103065400495774, 0.6662620060354458, 0.17545557181498825], "tmeasure0_r": [0.15023808863081656, 0.6685949296889729, 0.24534531963755532], "tmeasure1_f": [0.5704483171016576, 0.6687901056299619, 0.6157171747627048], "tmeasure0_f": [0.5689104204531586, 0.6715833646902144, 0.615997885601818]}