{"orig_r": [0.36325311156241374, 0.48900149561598616, 0.4168503481119885], "orig_f": [0.5214744741359434, 0.5329182489582315, 0.5271342594577451], "tmeasure1_r": [0.4830857607777002, 0.48601953720121316, 0.48454820827278683], "tmeasure0_r": [0.36325311156241374, 0.48900149561598616, 0.4168503481119885], "tmeasure1_f": [0.5235129580056758, 0.5288208260187419, 0.5261535058303376], "tmeasure0_f": [0.5214744741359434, 0.5329182489582315, 0.5271342594577451]}