{"orig_r": [0.2760292612384685, 0.5612904900416016, 0.3700679437443218], "orig_f": [0.5591566992961419, 0.574618314063469, 0.566782079444068], "tmeasure1_r": [0.4070421211011299, 0.5536670464703353, 0.4691655218587651], "tmeasure0_r": [0.2760292612384685, 0.5612904900416016, 0.3700679437443218], "tmeasure1_f": [0.5583267613542349, 0.5668941208666917, 0.5625778254479851], "tmeasure0_f": [0.5591566992961419, 0.574618314063469, 0.566782079444068]}