{"orig_r": [0.269690950537508, 0.55177488757128, 0.3623003830674652], "orig_f": [0.697067524602149, 0.5822265047792414, 0.6344924296105388], "tmeasure1_r": [0.019339711386562427, 0.541609768391491, 0.03734588223160044], "tmeasure0_r": [0.269690950537508, 0.55177488757128, 0.3623003830674652], "tmeasure1_f": [0.7117875530927776, 0.5721324608287877, 0.6343646954990925], "tmeasure0_f": [0.697067524602149, 0.5822265047792414, 0.6344924296105388]}