{"orig_r": [0.22821594811094176, 0.5085070916027865, 0.3150422119996716], "orig_f": [0.6522358074532003, 0.5485471650952216, 0.5959146845540703], "tmeasure1_r": [0.0, 0.4989492878182375, 0.0], "tmeasure0_r": [0.22821594811094176, 0.5085070916027865, 0.3150422119996716], "tmeasure1_f": [0.6598682912274224, 0.5381652314212961, 0.5928351167851369], "tmeasure0_f": [0.6522358074532003, 0.5485471650952216, 0.5959146845540703]}