{"orig_r": [0.39400629908641344, 0.2182686191113222, 0.28091698113617786], "orig_f": [0.5839779467019739, 0.28648935301858885, 0.384399193815736], "tmeasure1_r": [0.37597096798208113, 0.21842427372204415, 0.276318448938519], "tmeasure0_r": [0.39400629908641344, 0.2182686191113222, 0.28091698113617786], "tmeasure1_f": [0.5857426832391107, 0.2865602110675198, 0.38484464063064866], "tmeasure0_f": [0.5839779467019739, 0.28648935301858885, 0.384399193815736]}