{"orig_r": [0.6053190170404212, 0.21725715104034699, 0.31975126490616324], "orig_f": [0.42909759320676305, 0.21834071269938296, 0.28941591334243966], "tmeasure1_r": [0.6101713466794997, 0.2162654961446862, 0.31934444880741103], "tmeasure0_r": [0.6053190170404212, 0.21725715104034699, 0.31975126490616324], "tmeasure1_f": [0.4303202612692211, 0.21774646426298058, 0.2891699625995967], "tmeasure0_f": [0.42909759320676305, 0.21834071269938296, 0.28941591334243966]}