{"orig_r": [0.38336690329888934, 0.46865422392945116, 0.4217419329265707], "orig_f": [0.4851564582007216, 0.49691121808683214, 0.4909634894380225], "tmeasure1_r": [0.3683864775101127, 0.46550791334239516, 0.41129145927932953], "tmeasure0_r": [0.38336690329888934, 0.46865422392945116, 0.4217419329265707], "tmeasure1_f": [0.48651250563200366, 0.49439083593379685, 0.4904200325542828], "tmeasure0_f": [0.4851564582007216, 0.49691121808683214, 0.4909634894380225]}