{"orig_r": [0.6025257950513765, 0.5565118381450261, 0.5786054363206601], "orig_f": [0.623776971270215, 0.596359438311736, 0.6097601568105915], "tmeasure1_r": [0.5769293167038221, 0.5549001031879017, 0.5657003285913922], "tmeasure0_r": [0.6025257950513765, 0.5565118381450261, 0.5786054363206601], "tmeasure1_f": [0.6227367004970357, 0.5914173128736114, 0.6066730612095832], "tmeasure0_f": [0.623776971270215, 0.596359438311736, 0.6097601568105915]}