{"orig_r": [0.5020539477027623, 0.5504951324545562, 0.5251598422349223], "orig_f": [0.6558430528827617, 0.601123942357653, 0.627292463540555], "tmeasure1_r": [0.5032795666877169, 0.5406768342485373, 0.5213083661629008], "tmeasure0_r": [0.5020539477027623, 0.5504951324545562, 0.5251598422349223], "tmeasure1_f": [0.6625670522222863, 0.5915453172135947, 0.6250451660219389], "tmeasure0_f": [0.6558430528827617, 0.601123942357653, 0.627292463540555]}