{"orig_r": [0.41620196068974374, 0.6076364703177374, 0.4940222649856551], "orig_f": [0.7303515708268138, 0.6633007487370519, 0.6952131991174251], "tmeasure1_r": [0.28202728953914574, 0.5952555160510328, 0.38272333324066626], "tmeasure0_r": [0.41620196068974374, 0.6076364703177374, 0.4940222649856551], "tmeasure1_f": [0.7394803957540158, 0.6500656200334662, 0.6918961682546357], "tmeasure0_f": [0.7303515708268138, 0.6633007487370519, 0.6952131991174251]}