{"orig_r": [0.5922424758094416, 0.45727552001662775, 0.5160806907146709], "orig_f": [0.6413585718521299, 0.4983058156400508, 0.5608540720795427], "tmeasure1_r": [0.37644399220339325, 0.4515394873304381, 0.4105862772620653], "tmeasure0_r": [0.5922424758094416, 0.45727552001662775, 0.5160806907146709], "tmeasure1_f": [0.6595372777749084, 0.4933107262256841, 0.564440086365251], "tmeasure0_f": [0.6413585718521299, 0.4983058156400508, 0.5608540720795427]}