{"orig_r": [0.6138100660947347, 0.5186586184639957, 0.5622369699415363], "orig_f": [0.7967265980432707, 0.5848445119861492, 0.6745381038100587], "tmeasure1_r": [0.41389309116128437, 0.5121975470554806, 0.4578278135803804], "tmeasure0_r": [0.6138100660947347, 0.5186586184639957, 0.5622369699415363], "tmeasure1_f": [0.8254027572812186, 0.5788875977502698, 0.6805080126442363], "tmeasure0_f": [0.7967265980432707, 0.5848445119861492, 0.6745381038100587]}