{"orig_r": [0.2835378783352746, 0.20634267860165365, 0.2388580827398012], "orig_f": [0.3823767510752773, 0.28195620783526276, 0.3245766968249177], "tmeasure1_r": [0.2844226257426703, 0.205532576900768, 0.23862636780822696], "tmeasure0_r": [0.2835378783352746, 0.20634267860165365, 0.2388580827398012], "tmeasure1_f": [0.384073586522271, 0.28161562532481405, 0.3249598200310298], "tmeasure0_f": [0.3823767510752773, 0.28195620783526276, 0.3245766968249177]}