{"orig_r": [0.40095103161847806, 0.28418088502475325, 0.33261512490961725], "orig_f": [0.5463249815236981, 0.29589238670743373, 0.38387572804501635], "tmeasure1_r": [0.40160659181047914, 0.28360200831707383, 0.3324431011800643], "tmeasure0_r": [0.40095103161847806, 0.28418088502475325, 0.33261512490961725], "tmeasure1_f": [0.5474679260871927, 0.29529719901750173, 0.3836555175568884], "tmeasure0_f": [0.5463249815236981, 0.29589238670743373, 0.38387572804501635]}