{"orig_r": [0.2752374609568941, 0.5779245053137152, 0.37288693063202655], "orig_f": [0.7280234628354935, 0.7215445671535224, 0.7247695361675782], "tmeasure1_r": [0.30300072571588227, 0.5643484495102834, 0.39430023027037575], "tmeasure0_r": [0.2752374609568941, 0.5779245053137152, 0.37288693063202655], "tmeasure1_f": [0.7381980127438159, 0.710772515879027, 0.7242257152510982], "tmeasure0_f": [0.7280234628354935, 0.7215445671535224, 0.7247695361675782]}