{"orig_r": [0.2711016785383379, 0.5873506482190369, 0.37097399974259854], "orig_f": [0.7403934453297808, 0.7302212913128739, 0.7352721882314079], "tmeasure1_r": [0.29835231004925433, 0.5727364732734969, 0.3923302724638535], "tmeasure0_r": [0.2711016785383379, 0.5873506482190369, 0.37097399974259854], "tmeasure1_f": [0.7505142777169083, 0.7187791537138549, 0.7343039938077133], "tmeasure0_f": [0.7403934453297808, 0.7302212913128739, 0.7352721882314079]}