{"orig_r": [0.18251849253248706, 0.580752099257302, 0.27774684058759797], "orig_f": [0.6701282437536575, 0.6036944941139119, 0.6351790073735787], "tmeasure1_r": [0.2719185145068624, 0.5704838583689033, 0.36829222782992493], "tmeasure0_r": [0.18251849253248706, 0.580752099257302, 0.27774684058759797], "tmeasure1_f": [0.678519372577748, 0.5971199658349609, 0.635222593677811], "tmeasure0_f": [0.6701282437536575, 0.6036944941139119, 0.6351790073735787]}