{"orig_r": [0.49551962565591384, 0.09336046004064737, 0.15711837208991097], "orig_f": [0.5476631803910395, 0.09472368027296134, 0.16151224495162259], "tmeasure1_r": [0.476575873646381, 0.09254457652501616, 0.1549918383546448], "tmeasure0_r": [0.49551962565591384, 0.09336046004064737, 0.15711837208991097], "tmeasure1_f": [0.5527301436123231, 0.09393609402294327, 0.16058147995957958], "tmeasure0_f": [0.5476631803910395, 0.09472368027296134, 0.16151224495162259]}