{"orig_r": [0.5101127597782624, 0.5141112674998572, 0.512104208674729], "orig_f": [0.5931364122946128, 0.5250394318814525, 0.5570143668571882], "tmeasure1_r": [0.5728167449330497, 0.513225674873517, 0.5413863310228282], "tmeasure0_r": [0.5101127597782624, 0.5141112674998572, 0.512104208674729], "tmeasure1_f": [0.5977006545993805, 0.5238228464432172, 0.5583284842843965], "tmeasure0_f": [0.5931364122946128, 0.5250394318814525, 0.5570143668571882]}