{"orig_r": [0.48480520934252147, 0.5164219142987602, 0.5001143663790238], "orig_f": [0.5948701184787375, 0.5274648808214503, 0.559143386499177], "tmeasure1_r": [0.5938318940909366, 0.5159408993956212, 0.5521529511721521], "tmeasure0_r": [0.48480520934252147, 0.5164219142987602, 0.5001143663790238], "tmeasure1_f": [0.5999525623643194, 0.5267719750699102, 0.5609857347113187], "tmeasure0_f": [0.5948701184787375, 0.5274648808214503, 0.559143386499177]}