{"orig_r": [0.3501915292483839, 0.4857674154051432, 0.4069856184869624], "orig_f": [0.6083023192351492, 0.5065805292905803, 0.5528008817326744], "tmeasure1_r": [0.38896346937717347, 0.4838462893231658, 0.43124754155051603], "tmeasure0_r": [0.3501915292483839, 0.4857674154051432, 0.4069856184869624], "tmeasure1_f": [0.6203087123575907, 0.5043453422164585, 0.5563485207588182], "tmeasure0_f": [0.6083023192351492, 0.5065805292905803, 0.5528008817326744]}