{"orig_r": [0.2692237530684128, 0.5170496018964162, 0.35408050766595944], "orig_f": [0.39469657372787154, 0.45829680427552055, 0.42412563347534354], "tmeasure1_r": [0.31487666078896787, 0.5143495611601167, 0.3906212032602917], "tmeasure0_r": [0.2692237530684128, 0.5170496018964162, 0.35408050766595944], "tmeasure1_f": [0.3969264604061282, 0.45610378388843825, 0.42446246596190607], "tmeasure0_f": [0.39469657372787154, 0.45829680427552055, 0.42412563347534354]}