{"orig_r": [0.3716302159369838, 0.586098590289133, 0.45485098548468966], "orig_f": [0.5731599616748533, 0.6360165610607486, 0.6029545246833422], "tmeasure1_r": [0.358196420513011, 0.5811791843661948, 0.443222716100684], "tmeasure0_r": [0.3716302159369838, 0.586098590289133, 0.45485098548468966], "tmeasure1_f": [0.5749349014722338, 0.631739183790349, 0.6020000094882559], "tmeasure0_f": [0.5731599616748533, 0.6360165610607486, 0.6029545246833422]}