{"orig_r": [0.2916504748525365, 0.6555128883824582, 0.40369096312115077], "orig_f": [0.5121250307416589, 0.6584908130598025, 0.5761576347475887], "tmeasure1_r": [0.33369439447131466, 0.6541326204998398, 0.4419405126473532], "tmeasure0_r": [0.2916504748525365, 0.6555128883824582, 0.40369096312115077], "tmeasure1_f": [0.5161427261188184, 0.6577883478407468, 0.5784201110182229], "tmeasure0_f": [0.5121250307416589, 0.6584908130598025, 0.5761576347475887]}