{"orig_r": [0.09636990476409114, 0.6781288896457113, 0.1687574389647338], "orig_f": [0.18095499225130562, 0.571084152441248, 0.27482752489459], "tmeasure1_r": [0.08406653760116006, 0.6633248251797688, 0.14922147655084161], "tmeasure0_r": [0.09636990476409114, 0.6781288896457113, 0.1687574389647338], "tmeasure1_f": [0.1822839726018027, 0.565171130305199, 0.27565973777210456], "tmeasure0_f": [0.18095499225130562, 0.571084152441248, 0.27482752489459]}