{"orig_r": [0.23718458160944653, 0.46147582183088787, 0.3133280466013474], "orig_f": [0.3252027094704397, 0.5433151096895216, 0.40687143514949514], "tmeasure1_r": [0.2803320135543168, 0.4565843841269288, 0.34738057169715514], "tmeasure0_r": [0.23718458160944653, 0.46147582183088787, 0.3133280466013474], "tmeasure1_f": [0.32616144950529313, 0.5343949729933863, 0.4050845114693972], "tmeasure0_f": [0.3252027094704397, 0.5433151096895216, 0.40687143514949514]}