{"orig_r": [0.4444663401259594, 0.46590019462545945, 0.45493094586499444], "orig_f": [0.6684452231689234, 0.5151335025146488, 0.5818599499603577], "tmeasure1_r": [0.44789500984154434, 0.4633002954549211, 0.45546742654662187], "tmeasure0_r": [0.4444663401259594, 0.46590019462545945, 0.45493094586499444], "tmeasure1_f": [0.6787493485950107, 0.5123677377568938, 0.5839380061429926], "tmeasure0_f": [0.6684452231689234, 0.5151335025146488, 0.5818599499603577]}