{"orig_r": [0.255843941624984, 0.4784436799269375, 0.3334031878662536], "orig_f": [0.6805847487718566, 0.525715821890047, 0.5932089883205545], "tmeasure1_r": [0.25528995563585694, 0.47510035881146084, 0.33211927136612085], "tmeasure0_r": [0.255843941624984, 0.4784436799269375, 0.3334031878662536], "tmeasure1_f": [0.690381421424937, 0.5228470391519711, 0.5950468420530026], "tmeasure0_f": [0.6805847487718566, 0.525715821890047, 0.5932089883205545]}