{"orig_r": [0.30763594893033347, 0.6727942120062935, 0.4222140323542546], "orig_f": [0.5752505329628641, 0.6774658578370512, 0.6221880684997803], "tmeasure1_r": [0.32193241436820297, 0.6719608682323776, 0.43531028624114143], "tmeasure0_r": [0.30763594893033347, 0.6727942120062935, 0.4222140323542546], "tmeasure1_f": [0.58251940978792, 0.6753354267022363, 0.6255030115703475], "tmeasure0_f": [0.5752505329628641, 0.6774658578370512, 0.6221880684997803]}