{"orig_r": [0.22175228869415636, 0.5579338281236411, 0.3173664392826991], "orig_f": [0.32404666822703054, 0.5556972012336497, 0.40937330251188103], "tmeasure1_r": [0.26035853433573936, 0.5499837486174622, 0.3534135283590719], "tmeasure0_r": [0.22175228869415636, 0.5579338281236411, 0.3173664392826991], "tmeasure1_f": [0.32699526021792397, 0.5534304802267852, 0.4110946229329449], "tmeasure0_f": [0.32404666822703054, 0.5556972012336497, 0.40937330251188103]}