{"orig_r": [0.29802287219270546, 0.43255751912980633, 0.35290307752787287], "orig_f": [0.5428238993642697, 0.4381264054454903, 0.48488793499991745], "tmeasure1_r": [0.3575215327598235, 0.42752429863466235, 0.38940183216672924], "tmeasure0_r": [0.29802287219270546, 0.43255751912980633, 0.35290307752787287], "tmeasure1_f": [0.5469424594290893, 0.4337830520296469, 0.4838343992558291], "tmeasure0_f": [0.5428238993642697, 0.4381264054454903, 0.48488793499991745]}