{"orig_r": [0.24138602701701706, 0.32074386420867007, 0.2754633342930779], "orig_f": [0.4987129169948072, 0.32573119689064867, 0.39407487450414314], "tmeasure1_r": [0.21373739836033365, 0.31629076498189485, 0.255092728681966], "tmeasure0_r": [0.24138602701701706, 0.32074386420867007, 0.2754633342930779], "tmeasure1_f": [0.5028769331587585, 0.3226061701342597, 0.39305759453594213], "tmeasure0_f": [0.4987129169948072, 0.32573119689064867, 0.39407487450414314]}