{"orig_r": [0.28695084387944614, 0.6178771671636103, 0.3918985097003207], "orig_f": [0.31171827172339395, 0.5009102739454333, 0.38429091794763415], "tmeasure1_r": [0.19026841646970286, 0.6178771671636103, 0.2909438906798473], "tmeasure0_r": [0.28695084387944614, 0.6178771671636103, 0.3918985097003207], "tmeasure1_f": [0.3132154965950161, 0.5009102739454333, 0.38542659102711524], "tmeasure0_f": [0.31171827172339395, 0.5009102739454333, 0.38429091794763415]}