{"orig_r": [0.3598096718542792, 0.5142892068252513, 0.4233988516849119], "orig_f": [0.5627017011284042, 0.5659285954646597, 0.5643105352504846], "tmeasure1_r": [0.3417317534681404, 0.5167968991825341, 0.41141529755420775], "tmeasure0_r": [0.3598096718542792, 0.5142892068252513, 0.4233988516849119], "tmeasure1_f": [0.5659660161743815, 0.5678877555972648, 0.5669252573326086], "tmeasure0_f": [0.5627017011284042, 0.5659285954646597, 0.5643105352504846]}