{"orig_r": [0.2240037196313079, 0.37711707655963606, 0.2810604072297303], "orig_f": [0.5835771282708261, 0.4410199212754317, 0.5023811834752365], "tmeasure1_r": [0.2666932011356079, 0.3697192092269831, 0.30986699135515666], "tmeasure0_r": [0.2240037196313079, 0.37711707655963606, 0.2810604072297303], "tmeasure1_f": [0.5874110535267321, 0.43457876888305347, 0.49956734768262084], "tmeasure0_f": [0.5835771282708261, 0.4410199212754317, 0.5023811834752365]}