{"orig_r": [0.22523802630074954, 0.3703731952074768, 0.28012275279834403], "orig_f": [0.5179071220479617, 0.41090882353975755, 0.45824494558807316], "tmeasure1_r": [0.2669292573574196, 0.36070088157905317, 0.3068100541226833], "tmeasure0_r": [0.22523802630074954, 0.3703731952074768, 0.28012275279834403], "tmeasure1_f": [0.5204799167004485, 0.4018611434837092, 0.4535429756185553], "tmeasure0_f": [0.5179071220479617, 0.41090882353975755, 0.45824494558807316]}