{"orig_r": [0.2331160022635538, 0.24782827645399302, 0.24024711223875878], "orig_f": [0.4033048587642129, 0.24769169639942062, 0.30689951841089885], "tmeasure1_r": [0.3521437630187053, 0.24562090797594943, 0.2893910430230006], "tmeasure0_r": [0.2331160022635538, 0.24782827645399302, 0.24024711223875878], "tmeasure1_f": [0.40496530094531263, 0.24571141702232097, 0.30584957227589954], "tmeasure0_f": [0.4033048587642129, 0.24769169639942062, 0.30689951841089885]}