{"orig_r": [0.19592766911518705, 0.27097751443864243, 0.22742087540122238], "orig_f": [0.3405629632668553, 0.2588494778729371, 0.29413652161392734], "tmeasure1_r": [0.1818956255030394, 0.2697388767507263, 0.21727446182352209], "tmeasure0_r": [0.19592766911518705, 0.27097751443864243, 0.22742087540122238], "tmeasure1_f": [0.3424442072161925, 0.2576088124224733, 0.2940295029097268], "tmeasure0_f": [0.3405629632668553, 0.2588494778729371, 0.29413652161392734]}