{"orig_r": [0.45031343897671783, 0.46180769651248155, 0.4559881442740989], "orig_f": [0.5722443519249901, 0.49092126171381967, 0.5284725458606918], "tmeasure1_r": [0.2974932848064095, 0.46027540012439416, 0.3614001038089725], "tmeasure0_r": [0.45031343897671783, 0.46180769651248155, 0.4559881442740989], "tmeasure1_f": [0.5778789945545305, 0.4897047406139105, 0.5301506079799992], "tmeasure0_f": [0.5722443519249901, 0.49092126171381967, 0.5284725458606918]}