{"orig_r": [0.7074256675027855, 0.3870363444357229, 0.5003361310372506], "orig_f": [0.47957932500543327, 0.42606629184381883, 0.45124181213596803], "tmeasure1_r": [0.6589006910541063, 0.3861900386662491, 0.4869641957755994], "tmeasure0_r": [0.7074256675027855, 0.3870363444357229, 0.5003361310372506], "tmeasure1_f": [0.4846552141974494, 0.42509660421583884, 0.45292635112324925], "tmeasure0_f": [0.47957932500543327, 0.42606629184381883, 0.45124181213596803]}