{"orig_r": [0.5126791463911355, 0.30174864394223905, 0.3798992103097696], "orig_f": [0.5286692601806047, 0.3183521854289538, 0.3973996531492412], "tmeasure1_r": [0.5690828104017487, 0.29999954558562525, 0.39288470959038874], "tmeasure0_r": [0.5126791463911355, 0.30174864394223905, 0.3798992103097696], "tmeasure1_f": [0.5346360492005865, 0.31588823696958634, 0.3971320789976073], "tmeasure0_f": [0.5286692601806047, 0.3183521854289538, 0.3973996531492412]}