{"orig_r": [0.5057906270477585, 0.2984031346759255, 0.3753560790555138], "orig_f": [0.5310333713374481, 0.3190167697694694, 0.39858484240297537], "tmeasure1_r": [0.5703224398696967, 0.296539386133778, 0.390196133095381], "tmeasure0_r": [0.5057906270477585, 0.2984031346759255, 0.3753560790555138], "tmeasure1_f": [0.5365626458258254, 0.3164100877199221, 0.3980756410049476], "tmeasure0_f": [0.5310333713374481, 0.3190167697694694, 0.39858484240297537]}