{"orig_r": [0.6027433388189778, 0.4359649679219224, 0.5059649155937977], "orig_f": [0.7584383000631028, 0.45752276663062674, 0.570746545869304], "tmeasure1_r": [0.7533070742419589, 0.42892990548780635, 0.5466178739084222], "tmeasure0_r": [0.6027433388189778, 0.4359649679219224, 0.5059649155937977], "tmeasure1_f": [0.776014405896245, 0.452414736907805, 0.5715923548977835], "tmeasure0_f": [0.7584383000631028, 0.45752276663062674, 0.570746545869304]}