{"orig_r": [0.4657585639498238, 0.2995726051370799, 0.36462256341610055], "orig_f": [0.7231404529923819, 0.43874413247379, 0.5461362250150681], "tmeasure1_r": [0.4551803442145259, 0.2970384450777429, 0.3594859995524554], "tmeasure0_r": [0.4657585639498238, 0.2995726051370799, 0.36462256341610055], "tmeasure1_f": [0.7418655865250914, 0.4351527094990196, 0.5485468172431194], "tmeasure0_f": [0.7231404529923819, 0.43874413247379, 0.5461362250150681]}