{"orig_r": [0.23115276684408295, 0.4067855476511185, 0.29479215377162893], "orig_f": [0.4280873635789055, 0.4472364968681991, 0.4374524710037706], "tmeasure1_r": [0.5071926205022922, 0.406079919908949, 0.4510389387580576], "tmeasure0_r": [0.23115276684408295, 0.4067855476511185, 0.29479215377162893], "tmeasure1_f": [0.43301291892264293, 0.44814356270362143, 0.4404483340451514], "tmeasure0_f": [0.4280873635789055, 0.4472364968681991, 0.4374524710037706]}