{"orig_r": [0.29769249934249964, 0.33526462927161427, 0.315363429581818], "orig_f": [0.32017385318255487, 0.397605895368872, 0.3547132997977878], "tmeasure1_r": [0.4560181231717638, 0.33657615258845747, 0.38729733509757114], "tmeasure0_r": [0.29769249934249964, 0.33526462927161427, 0.315363429581818], "tmeasure1_f": [0.3238553457197825, 0.3988888237429494, 0.3574771914467627], "tmeasure0_f": [0.32017385318255487, 0.397605895368872, 0.3547132997977878]}