{"orig_r": [0.5410693021464588, 0.19523223397952857, 0.2869318164174597], "orig_f": [0.7783394539054161, 0.5167870691654328, 0.6211528496009335], "tmeasure1_r": [0.0, 0.19157120236720326, 0.0], "tmeasure0_r": [0.5410693021464588, 0.19523223397952857, 0.2869318164174597], "tmeasure1_f": [0.7959315744432186, 0.5134210133631621, 0.6241985532758619], "tmeasure0_f": [0.7783394539054161, 0.5167870691654328, 0.6211528496009335]}