{"orig_r": [0.5435350566117568, 0.6339517665664575, 0.5852719581179904], "orig_f": [0.6219316140498472, 0.4537895251497463, 0.5247197280612891], "tmeasure1_r": [0.0, 0.6339517665664575, 0.0], "tmeasure0_r": [0.5435350566117568, 0.6339517665664575, 0.5852719581179904], "tmeasure1_f": [0.6334016093584081, 0.45169195680168334, 0.5273322435868616], "tmeasure0_f": [0.6219316140498472, 0.4537895251497463, 0.5247197280612891]}