{"orig_r": [0.43943242935341303, 0.42504584106344545, 0.4321194248989236], "orig_f": [0.6716000920469708, 0.519298930976744, 0.5857108001623237], "tmeasure1_r": [0.6529516041391067, 0.4147437264412748, 0.5072750132554289], "tmeasure0_r": [0.43943242935341303, 0.42504584106344545, 0.4321194248989236], "tmeasure1_f": [0.6783552649154316, 0.5121872388689034, 0.5836749364341175], "tmeasure0_f": [0.6716000920469708, 0.519298930976744, 0.5857108001623237]}