{"orig_r": [0.4046193262652758, 0.4704459574227422, 0.43505674350229967], "orig_f": [0.6155251109896298, 0.5106130841172328, 0.558182249105213], "tmeasure1_r": [0.5888143122227805, 0.460687731324076, 0.5169299694783264], "tmeasure0_r": [0.4046193262652758, 0.4704459574227422, 0.43505674350229967], "tmeasure1_f": [0.6209822332936002, 0.5024206052919372, 0.5554450439518877], "tmeasure0_f": [0.6155251109896298, 0.5106130841172328, 0.558182249105213]}