{"orig_r": [0.2149433463308663, 0.6120702431189162, 0.31815783422145394], "orig_f": [0.7076837012845208, 0.6224454623606466, 0.6623334345124485], "tmeasure1_r": [0.20415107393491372, 0.6026398974520852, 0.3049850249299704], "tmeasure0_r": [0.2149433463308663, 0.6120702431189162, 0.31815783422145394], "tmeasure1_f": [0.7135327035011503, 0.6131399448712013, 0.6595378340319933], "tmeasure0_f": [0.7076837012845208, 0.6224454623606466, 0.6623334345124485]}