{"orig_r": [0.3889832789244696, 0.6045426325317259, 0.4733786461737179], "orig_f": [0.6822827594671477, 0.6117027546514922, 0.6450678757428661], "tmeasure1_r": [0.4845163822575896, 0.5951041323799603, 0.5341463919552895], "tmeasure0_r": [0.3889832789244696, 0.6045426325317259, 0.4733786461737179], "tmeasure1_f": [0.6895850621804924, 0.6026319874332712, 0.643182995689983], "tmeasure0_f": [0.6822827594671477, 0.6117027546514922, 0.6450678757428661]}