{"orig_r": [0.26381870348856495, 0.3365124091468214, 0.295764339446614], "orig_f": [0.5275701748519475, 0.3796970151424496, 0.44158286087850646], "tmeasure1_r": [0.23821772063754948, 0.3362641370164193, 0.2788741722126014], "tmeasure0_r": [0.26381870348856495, 0.3365124091468214, 0.295764339446614], "tmeasure1_f": [0.5284516631566998, 0.37943870477574515, 0.44171636066897146], "tmeasure0_f": [0.5275701748519475, 0.3796970151424496, 0.44158286087850646]}