{"orig_r": [0.30603115667272857, 0.3333725171346188, 0.3191172687955052], "orig_f": [0.5954077299584155, 0.39159779104320275, 0.4724600761810349], "tmeasure1_r": [0.18680004895314564, 0.3333725171346188, 0.23943593561169546], "tmeasure0_r": [0.30603115667272857, 0.3333725171346188, 0.3191172687955052], "tmeasure1_f": [0.5968558717099373, 0.39152119198985774, 0.4728594600592586], "tmeasure0_f": [0.5954077299584155, 0.39159779104320275, 0.4724600761810349]}