{"orig_r": [0.43941266407397683, 0.5638536835411592, 0.49391559842848626], "orig_f": [0.6221616003542298, 0.5850376672571282, 0.6030288140389785], "tmeasure1_r": [0.5293961891854306, 0.5640869225142092, 0.5461912743841018], "tmeasure0_r": [0.43941266407397683, 0.5638536835411592, 0.49391559842848626], "tmeasure1_f": [0.6419868156648689, 0.5845832214151808, 0.611941771708141], "tmeasure0_f": [0.6221616003542298, 0.5850376672571282, 0.6030288140389785]}