{"orig_r": [0.2732426489884728, 0.5307629612963287, 0.36076135707113394], "orig_f": [0.5703145539123352, 0.526021170899157, 0.5472731073893986], "tmeasure1_r": [0.29287342701762215, 0.5321971052628486, 0.3778256136148228], "tmeasure0_r": [0.2732426489884728, 0.5307629612963287, 0.36076135707113394], "tmeasure1_f": [0.5910012957243689, 0.5260550010500892, 0.5566401409501383], "tmeasure0_f": [0.5703145539123352, 0.526021170899157, 0.5472731073893986]}