{"orig_r": [0.374204991582933, 0.5728101998723686, 0.45268214904232607], "orig_f": [0.5743833909801985, 0.6138952052746964, 0.5934823884289293], "tmeasure1_r": [0.34983547967893736, 0.5674707214205987, 0.4328356044992797], "tmeasure0_r": [0.374204991582933, 0.5728101998723686, 0.45268214904232607], "tmeasure1_f": [0.5782796712122232, 0.6089375560674061, 0.5932127695254451], "tmeasure0_f": [0.5743833909801985, 0.6138952052746964, 0.5934823884289293]}