{"orig_r": [0.33517907996075413, 0.6652298322002231, 0.44575996956620284], "orig_f": [0.5449080352582454, 0.6875599805210891, 0.6079783869620906], "tmeasure1_r": [0.29077922882957263, 0.6596997732512336, 0.40364277570590495], "tmeasure0_r": [0.33517907996075413, 0.6652298322002231, 0.44575996956620284], "tmeasure1_f": [0.5487235336260841, 0.6827070684621566, 0.608426385381018], "tmeasure0_f": [0.5449080352582454, 0.6875599805210891, 0.6079783869620906]}