{"orig_r": [0.37497725908646506, 0.47748370121959965, 0.42006739986662195], "orig_f": [0.675108810356453, 0.5644864649831931, 0.6148616301118207], "tmeasure1_r": [0.42749171121319207, 0.46956408611747646, 0.44754129073338966], "tmeasure0_r": [0.37497725908646506, 0.47748370121959965, 0.42006739986662195], "tmeasure1_f": [0.6922545910886626, 0.5545310010842689, 0.6157861204227533], "tmeasure0_f": [0.675108810356453, 0.5644864649831931, 0.6148616301118207]}