{"orig_r": [0.43086685720860074, 0.5075333859928467, 0.4660683253984055], "orig_f": [0.6728780129341042, 0.6002244175360814, 0.6344781122396371], "tmeasure1_r": [0.5139279347787236, 0.5023891102802144, 0.508093019116211], "tmeasure0_r": [0.43086685720860074, 0.5075333859928467, 0.4660683253984055], "tmeasure1_f": [0.6901292011959269, 0.5911539244156039, 0.6368187912348583], "tmeasure0_f": [0.6728780129341042, 0.6002244175360814, 0.6344781122396371]}