{"orig_r": [0.18752752064978892, 0.49129822704501147, 0.27144503204321746], "orig_f": [0.5142201881664598, 0.5005595774209592, 0.5072979356085819], "tmeasure1_r": [0.1736789770693605, 0.4894774476133443, 0.25638579145390056], "tmeasure0_r": [0.18752752064978892, 0.49129822704501147, 0.27144503204321746], "tmeasure1_f": [0.5166120990438161, 0.4972999398892364, 0.5067720984374375], "tmeasure0_f": [0.5142201881664598, 0.5005595774209592, 0.5072979356085819]}