{"orig_r": [0.2876933983109105, 0.5707522701289593, 0.3825557428357358], "orig_f": [0.683703659469585, 0.6318822097788209, 0.6567723008857201], "tmeasure1_r": [0.24637085493721214, 0.5643728302931554, 0.34300610473000503], "tmeasure0_r": [0.2876933983109105, 0.5707522701289593, 0.3825557428357358], "tmeasure1_f": [0.6856769505354987, 0.6259236370572528, 0.6544391864190977], "tmeasure0_f": [0.683703659469585, 0.6318822097788209, 0.6567723008857201]}