{"orig_r": [0.11362571808756529, 0.6333063562027851, 0.19268121418223724], "orig_f": [0.6048823223646458, 0.6669357899429601, 0.6343952261488558], "tmeasure1_r": [0.15544861495949217, 0.6243847524231833, 0.24892431902924886], "tmeasure0_r": [0.11362571808756529, 0.6333063562027851, 0.19268121418223724], "tmeasure1_f": [0.6046491319384002, 0.6590551000773037, 0.6306809521808503], "tmeasure0_f": [0.6048823223646458, 0.6669357899429601, 0.6343952261488558]}