{"orig_r": [0.5080389819186412, 0.3927686471240116, 0.4430286271587442], "orig_f": [0.5530162901618595, 0.4060287605631376, 0.4682585425906765], "tmeasure1_r": [0.5392117260881141, 0.3894618445564336, 0.45226309886903054], "tmeasure0_r": [0.5080389819186412, 0.3927686471240116, 0.4430286271587442], "tmeasure1_f": [0.5529832690801735, 0.4022895464074309, 0.4657504848509905], "tmeasure0_f": [0.5530162901618595, 0.4060287605631376, 0.4682585425906765]}