{"orig_r": [0.5366074082876091, 0.3986128106188512, 0.4574293474247806], "orig_f": [0.5609222732020426, 0.41168583470013054, 0.4748546765524277], "tmeasure1_r": [0.5781113661421458, 0.395320527773945, 0.46955373417244817], "tmeasure0_r": [0.5366074082876091, 0.3986128106188512, 0.4574293474247806], "tmeasure1_f": [0.5612727365207125, 0.4082131571200271, 0.472660648872569], "tmeasure0_f": [0.5609222732020426, 0.41168583470013054, 0.4748546765524277]}