{"orig_r": [0.6074749103916667, 0.5218224867594242, 0.5614005118301475], "orig_f": [0.5768458501169322, 0.5697359970307728, 0.5732688797873436], "tmeasure1_r": [0.5932448381874528, 0.5155279363506929, 0.5516626926718545], "tmeasure0_r": [0.6074749103916667, 0.5218224867594242, 0.5614005118301475], "tmeasure1_f": [0.5773006013281479, 0.5637510089024694, 0.5704453567581722], "tmeasure0_f": [0.5768458501169322, 0.5697359970307728, 0.5732688797873436]}