{"orig_r": [0.44779055760581365, 0.4433768970651247, 0.44557279762788937], "orig_f": [0.6280577237500194, 0.4602194443852497, 0.5311962524425052], "tmeasure1_r": [0.0, 0.43249976049687927, 0.0], "tmeasure0_r": [0.44779055760581365, 0.4433768970651247, 0.44557279762788937], "tmeasure1_f": [0.6382908667271832, 0.4566034260079248, 0.5323724828433464], "tmeasure0_f": [0.6280577237500194, 0.4602194443852497, 0.5311962524425052]}