{"orig_r": [0.5728467301630551, 0.39494019866581276, 0.46754134546833476], "orig_f": [0.49954307313296054, 0.4233863210182462, 0.4583226089974596], "tmeasure1_r": [0.0, 0.3912844844479019, 0.0], "tmeasure0_r": [0.5728467301630551, 0.39494019866581276, 0.46754134546833476], "tmeasure1_f": [0.5054136631977211, 0.4200937492341484, 0.4588210052883302], "tmeasure0_f": [0.49954307313296054, 0.4233863210182462, 0.4583226089974596]}