{"orig_r": [0.2796684909119712, 0.3691738333307361, 0.31824770054049073], "orig_f": [0.4235814349801806, 0.3778968918108684, 0.39943714597669727], "tmeasure1_r": [0.0, 0.36477941646576995, 0.0], "tmeasure0_r": [0.2796684909119712, 0.3691738333307361, 0.31824770054049073], "tmeasure1_f": [0.4256789275872127, 0.3732974652676673, 0.3977711134076715], "tmeasure0_f": [0.4235814349801806, 0.3778968918108684, 0.39943714597669727]}