{"orig_r": [0.14519859194347362, 0.3714372421023498, 0.20878212851122033], "orig_f": [0.3530967778316245, 0.3264847345706477, 0.3392696996143989], "tmeasure1_r": [0.0, 0.3458710704506744, 0.0], "tmeasure0_r": [0.14519859194347362, 0.3714372421023498, 0.20878212851122033], "tmeasure1_f": [0.3497305964965323, 0.3098350896413993, 0.328576252504387], "tmeasure0_f": [0.3530967778316245, 0.3264847345706477, 0.3392696996143989]}