{"orig_r": [0.29996294715908056, 0.5027748683807229, 0.3757486650247946], "orig_f": [0.6458522591406239, 0.5540828267852028, 0.5964583411679103], "tmeasure1_r": [0.25591276508565214, 0.490649690248245, 0.33637780207870027], "tmeasure0_r": [0.29996294715908056, 0.5027748683807229, 0.3757486650247946], "tmeasure1_f": [0.6611006158345123, 0.544295855176367, 0.5970389555753413], "tmeasure0_f": [0.6458522591406239, 0.5540828267852028, 0.5964583411679103]}