{"orig_r": [0.23159767897658232, 0.37148224369563976, 0.2853168284552015], "orig_f": [0.5452420538792914, 0.3909557177882024, 0.45538561400977434], "tmeasure1_r": [0.24362995086230246, 0.3645270238224086, 0.29206176891377983], "tmeasure0_r": [0.23159767897658232, 0.37148224369563976, 0.2853168284552015], "tmeasure1_f": [0.556880800347747, 0.38353649967771875, 0.45423263246500833], "tmeasure0_f": [0.5452420538792914, 0.3909557177882024, 0.45538561400977434]}