{"orig_r": [0.3532054021234694, 0.33137190578381814, 0.3419404817626382], "orig_f": [0.5931150139623848, 0.41476698918942856, 0.4881613677294116], "tmeasure1_r": [0.46255789373954687, 0.33252306811806426, 0.38690693750015687], "tmeasure0_r": [0.3532054021234694, 0.33137190578381814, 0.3419404817626382], "tmeasure1_f": [0.5949562632503389, 0.4153769068624193, 0.4892071242593529], "tmeasure0_f": [0.5931150139623848, 0.41476698918942856, 0.4881613677294116]}