{"orig_r": [0.2943422640923484, 0.3048960749765617, 0.2995262324533991], "orig_f": [0.6688314048084477, 0.41294508176322364, 0.5106242233453048], "tmeasure1_r": [0.37912492132890174, 0.3072805858890752, 0.3394428707988181], "tmeasure0_r": [0.2943422640923484, 0.3048960749765617, 0.2995262324533991], "tmeasure1_f": [0.6726333745715484, 0.41497089426959993, 0.5132809441046834], "tmeasure0_f": [0.6688314048084477, 0.41294508176322364, 0.5106242233453048]}