{"orig_r": [0.439616295882397, 0.30985055678694107, 0.36349934241020004], "orig_f": [0.5724320226714277, 0.42460237852545774, 0.4875578978591941], "tmeasure1_r": [0.895260045394142, 0.30716146233806124, 0.45739265797854955], "tmeasure0_r": [0.439616295882397, 0.30985055678694107, 0.36349934241020004], "tmeasure1_f": [0.577475930823025, 0.42129559447495285, 0.4871746128294545], "tmeasure0_f": [0.5724320226714277, 0.42460237852545774, 0.4875578978591941]}