{"orig_r": [0.3946175564697431, 0.23031451362190555, 0.29086729561395347], "orig_f": [0.5582130133946108, 0.4319678142001483, 0.48704246443525945], "tmeasure1_r": [0.6958823504643572, 0.22994110323623643, 0.3456640782836479], "tmeasure0_r": [0.3946175564697431, 0.23031451362190555, 0.29086729561395347], "tmeasure1_f": [0.5624081335238488, 0.42739478082600013, 0.48569325767255833], "tmeasure0_f": [0.5582130133946108, 0.4319678142001483, 0.48704246443525945]}