{"orig_r": [0.14954630133563712, 0.36734140047048913, 0.21255892750344263], "orig_f": [0.5092210635305672, 0.37653295334888637, 0.43293850731634886], "tmeasure1_r": [0.1414807626697258, 0.36673110039283124, 0.20418805442917748], "tmeasure0_r": [0.14954630133563712, 0.36734140047048913, 0.21255892750344263], "tmeasure1_f": [0.5112760897561406, 0.3760686142660939, 0.4333713599921614], "tmeasure0_f": [0.5092210635305672, 0.37653295334888637, 0.43293850731634886]}