{"orig_r": [0.2139303146943085, 0.3439710566432138, 0.2637951443532057], "orig_f": [0.5764227452984885, 0.375125969172273, 0.4544825455485011], "tmeasure1_r": [0.21411162175385395, 0.3438936538383782, 0.2639101497957903], "tmeasure0_r": [0.2139303146943085, 0.3439710566432138, 0.2637951443532057], "tmeasure1_f": [0.5786941880822356, 0.37504266381938717, 0.45512556089747513], "tmeasure0_f": [0.5764227452984885, 0.375125969172273, 0.4544825455485011]}