{"orig_r": [0.30065135182612956, 0.5975861513370518, 0.40003915133661305], "orig_f": [0.5512500478438175, 0.6288906398656695, 0.5875163849953116], "tmeasure1_r": [0.21668121391664671, 0.5996781876646834, 0.31833772578797953], "tmeasure0_r": [0.30065135182612956, 0.5975861513370518, 0.40003915133661305], "tmeasure1_f": [0.5561232684480353, 0.630488281488742, 0.590975545178851], "tmeasure0_f": [0.5512500478438175, 0.6288906398656695, 0.5875163849953116]}