{"orig_r": [0.30058539916611654, 0.596230807870969, 0.3996767096150845], "orig_f": [0.5492802951762654, 0.6275714172773971, 0.5858216624550117], "tmeasure1_r": [0.21611195646156386, 0.5983062692370287, 0.3175300707376026], "tmeasure0_r": [0.30058539916611654, 0.596230807870969, 0.3996767096150845], "tmeasure1_f": [0.5541050605426938, 0.6291526862657564, 0.589248941330313], "tmeasure0_f": [0.5492802951762654, 0.6275714172773971, 0.5858216624550117]}