{"orig_r": [0.2709983613958149, 0.4380940243409875, 0.33485837705151394], "orig_f": [0.5995494353294272, 0.4561091533562723, 0.518084138705858], "tmeasure1_r": [0.3247239721942512, 0.43087698725690454, 0.37034385697652994], "tmeasure0_r": [0.2709983613958149, 0.4380940243409875, 0.33485837705151394], "tmeasure1_f": [0.6071708994269841, 0.4486264942425061, 0.5159947422663704], "tmeasure0_f": [0.5995494353294272, 0.4561091533562723, 0.518084138705858]}