{"orig_r": [0.32031919577205004, 0.39990389808805843, 0.35571448934003624], "orig_f": [0.6123112855655907, 0.433297322252294, 0.5074802147509485], "tmeasure1_r": [0.3871596330909398, 0.39269278257334644, 0.38990657864168365], "tmeasure0_r": [0.32031919577205004, 0.39990389808805843, 0.35571448934003624], "tmeasure1_f": [0.6190542205419215, 0.4257717393019989, 0.5045353050794239], "tmeasure0_f": [0.6123112855655907, 0.433297322252294, 0.5074802147509485]}