{"orig_r": [0.3095750649090497, 0.4694723800725201, 0.3731144835149154], "orig_f": [0.7498156886312481, 0.5154561865644035, 0.610931362760688], "tmeasure1_r": [0.35399038953239836, 0.4668667095443112, 0.402667720257739], "tmeasure0_r": [0.3095750649090497, 0.4694723800725201, 0.3731144835149154], "tmeasure1_f": [0.7545805024804255, 0.5135617343284061, 0.6111675178005531], "tmeasure0_f": [0.7498156886312481, 0.5154561865644035, 0.610931362760688]}