{"orig_r": [0.3497305846219472, 0.4552853635036149, 0.39558773144479265], "orig_f": [0.7096754572055352, 0.49644470301053595, 0.5842114794319541], "tmeasure1_r": [0.35464979304985866, 0.452006956042573, 0.39745325033963474], "tmeasure0_r": [0.3497305846219472, 0.4552853635036149, 0.39558773144479265], "tmeasure1_f": [0.7120002180712673, 0.4939410319568937, 0.5832558135969602], "tmeasure0_f": [0.7096754572055352, 0.49644470301053595, 0.5842114794319541]}