{"orig_r": [0.26285414363110027, 0.35973692534912083, 0.30375746186019315], "orig_f": [0.6241177041150259, 0.3740980202989286, 0.46779707398422093], "tmeasure1_r": [0.6987749795604855, 0.3597241421677988, 0.47494839614093187], "tmeasure0_r": [0.26285414363110027, 0.35973692534912083, 0.30375746186019315], "tmeasure1_f": [0.6335959358797176, 0.3732182822752121, 0.46973827461223916], "tmeasure0_f": [0.6241177041150259, 0.3740980202989286, 0.46779707398422093]}