{"orig_r": [0.36537491023711766, 0.29438783048343775, 0.326062447904569], "orig_f": [0.4868552899358393, 0.3064220533055505, 0.3761186396556731], "tmeasure1_r": [1.0, 0.29180488434120677, 0.45177857411496175], "tmeasure0_r": [0.36537491023711766, 0.29438783048343775, 0.326062447904569], "tmeasure1_f": [0.4902467175496476, 0.303404877779284, 0.37483259983418504], "tmeasure0_f": [0.4868552899358393, 0.3064220533055505, 0.3761186396556731]}