{"orig_r": [0.2785818847129199, 0.23123195555923884, 0.2527080628142953], "orig_f": [0.6065154363880243, 0.24263791549249575, 0.3466126368654275], "tmeasure1_r": [0.4100655693045182, 0.2267333278908225, 0.2920090835312408], "tmeasure0_r": [0.2785818847129199, 0.23123195555923884, 0.2527080628142953], "tmeasure1_f": [0.609877643463085, 0.23800202158000494, 0.3423884733767898], "tmeasure0_f": [0.6065154363880243, 0.24263791549249575, 0.3466126368654275]}