{"orig_r": [0.4779536172768458, 0.2149916324462137, 0.29657762558582834], "orig_f": [0.6260965159379599, 0.2367269929459632, 0.3435556495294265], "tmeasure1_r": [0.8905128185287299, 0.20984394024716665, 0.3396511489393001], "tmeasure0_r": [0.4779536172768458, 0.2149916324462137, 0.29657762558582834], "tmeasure1_f": [0.6285702293179508, 0.23167423870920814, 0.338563128889336], "tmeasure0_f": [0.6260965159379599, 0.2367269929459632, 0.3435556495294265]}