{"orig_r": [0.30235047097157025, 0.43048366624060724, 0.3552152734820854], "orig_f": [0.6567807239762139, 0.5046840515373807, 0.5707736708612564], "tmeasure1_r": [0.3553159342838198, 0.42922560677482235, 0.3887893489589883], "tmeasure0_r": [0.30235047097157025, 0.43048366624060724, 0.3552152734820854], "tmeasure1_f": [0.6604296274134306, 0.500864323543494, 0.5696845976161973], "tmeasure0_f": [0.6567807239762139, 0.5046840515373807, 0.5707736708612564]}