{"orig_r": [0.3273180115771484, 0.4332493271727491, 0.3729066476096842], "orig_f": [0.6543462775510622, 0.5139623388990405, 0.5757200426748512], "tmeasure1_r": [0.4141751807608253, 0.4299911980544311, 0.4219350276178974], "tmeasure0_r": [0.3273180115771484, 0.4332493271727491, 0.3729066476096842], "tmeasure1_f": [0.6567627400705862, 0.5091482490741485, 0.5736108541345404], "tmeasure0_f": [0.6543462775510622, 0.5139623388990405, 0.5757200426748512]}