{"orig_r": [0.2669932385439284, 0.5225613273031042, 0.353415323397674], "orig_f": [0.34935522770796545, 0.541233468146355, 0.4246241668856108], "tmeasure1_r": [0.2783246738291551, 0.5225361023310692, 0.3631959376074037], "tmeasure0_r": [0.2669932385439284, 0.5225613273031042, 0.353415323397674], "tmeasure1_f": [0.3517079713588628, 0.5411554828297591, 0.42633326778670594], "tmeasure0_f": [0.34935522770796545, 0.541233468146355, 0.4246241668856108]}