{"orig_r": [0.236080346871673, 0.6272379208627364, 0.3430450888452567], "orig_f": [0.4727005172003057, 0.6260764339021031, 0.5386837680122836], "tmeasure1_r": [0.2277071210891402, 0.6258682770736145, 0.33392401856989606], "tmeasure0_r": [0.236080346871673, 0.6272379208627364, 0.3430450888452567], "tmeasure1_f": [0.4746751556788953, 0.6240132801834989, 0.5391949004802278], "tmeasure0_f": [0.4727005172003057, 0.6260764339021031, 0.5386837680122836]}