{"orig_r": [0.3973879113610581, 0.5868445744300499, 0.47388181774731947], "orig_f": [0.7336067314011319, 0.6619432167406757, 0.6959349613431874], "tmeasure1_r": [0.5406511282738368, 0.5807982866269378, 0.5600060863951649], "tmeasure0_r": [0.3973879113610581, 0.5868445744300499, 0.47388181774731947], "tmeasure1_f": [0.7393639131057184, 0.656746158941782, 0.6956104962128303], "tmeasure0_f": [0.7336067314011319, 0.6619432167406757, 0.6959349613431874]}