{"orig_r": [0.34189234965317433, 0.6062534929640823, 0.4372184570736034], "orig_f": [0.6879448524159871, 0.638304647644108, 0.6621957581888885], "tmeasure1_r": [0.4645847039046465, 0.6048556103833965, 0.5255209868203045], "tmeasure0_r": [0.34189234965317433, 0.6062534929640823, 0.4372184570736034], "tmeasure1_f": [0.6944579989082698, 0.6367402705034527, 0.6643478800097129], "tmeasure0_f": [0.6879448524159871, 0.638304647644108, 0.6621957581888885]}