{"orig_r": [0.3528890184069659, 0.6756624498530643, 0.4636303890683178], "orig_f": [0.6492535674416202, 0.6801954095460481, 0.6643644154073947], "tmeasure1_r": [0.5229222446175287, 0.6776061509053657, 0.5902989562254306], "tmeasure0_r": [0.3528890184069659, 0.6756624498530643, 0.4636303890683178], "tmeasure1_f": [0.6515800104610505, 0.6729776218064126, 0.6621059819134102], "tmeasure0_f": [0.6492535674416202, 0.6801954095460481, 0.6643644154073947]}