{"orig_r": [0.4259916885904759, 0.563202728681016, 0.4850809451014964], "orig_f": [0.6867479716140656, 0.622020208531965, 0.6527834692078499], "tmeasure1_r": [0.628575964787547, 0.5646752308258407, 0.5949145985569735], "tmeasure0_r": [0.4259916885904759, 0.563202728681016, 0.4850809451014964], "tmeasure1_f": [0.690627389991641, 0.6151200297823604, 0.6506905305984823], "tmeasure0_f": [0.6867479716140656, 0.622020208531965, 0.6527834692078499]}