{"orig_r": [0.29473343344291464, 0.4761672170425865, 0.3640998322767885], "orig_f": [0.6084750138679084, 0.5901312001356923, 0.5991627375050003], "tmeasure1_r": [0.3233196517756009, 0.47290924933264866, 0.38406255689255747], "tmeasure0_r": [0.29473343344291464, 0.4761672170425865, 0.3640998322767885], "tmeasure1_f": [0.62982876696229, 0.5874675265752831, 0.6079110728547968], "tmeasure0_f": [0.6084750138679084, 0.5901312001356923, 0.5991627375050003]}