{"orig_r": [0.3832196932825714, 0.5279939636850817, 0.44410590923711074], "orig_f": [0.6054556795605635, 0.5525772419223178, 0.5778091854061759], "tmeasure1_r": [0.42357061806320195, 0.5255210247427702, 0.4690701197144747], "tmeasure0_r": [0.3832196932825714, 0.5279939636850817, 0.44410590923711074], "tmeasure1_f": [0.6285592635444237, 0.5505742487432163, 0.5869878868002858], "tmeasure0_f": [0.6054556795605635, 0.5525772419223178, 0.5778091854061759]}