{"orig_r": [0.18359847589869466, 0.45159270103963955, 0.2610607157281152], "orig_f": [0.48153953569382874, 0.46950696515869794, 0.47544713282657025], "tmeasure1_r": [0.2509281711842281, 0.45003084306799135, 0.32220262278249134], "tmeasure0_r": [0.18359847589869466, 0.45159270103963955, 0.2610607157281152], "tmeasure1_f": [0.4831164834575314, 0.46762902774988985, 0.47524661181366973], "tmeasure0_f": [0.48153953569382874, 0.46950696515869794, 0.47544713282657025]}