{"orig_r": [0.17037910087838887, 0.44892867021045935, 0.2470114755851031], "orig_f": [0.39387878675348914, 0.4546652789932466, 0.4220947755051471], "tmeasure1_r": [0.2424611906164753, 0.44581639778823334, 0.3140976153375031], "tmeasure0_r": [0.17037910087838887, 0.44892867021045935, 0.2470114755851031], "tmeasure1_f": [0.3931158903334631, 0.4518181579267452, 0.42042783762336505], "tmeasure0_f": [0.39387878675348914, 0.4546652789932466, 0.4220947755051471]}