{"orig_r": [0.1860823967626008, 0.5563264508512352, 0.27888288155390184], "orig_f": [0.7523199838942232, 0.5889777897361073, 0.6607030444686987], "tmeasure1_r": [0.47403044772595604, 0.5514317780473541, 0.5098100077572075], "tmeasure0_r": [0.1860823967626008, 0.5563264508512352, 0.27888288155390184], "tmeasure1_f": [0.7568233641639385, 0.5843383097491883, 0.6594892979664676], "tmeasure0_f": [0.7523199838942232, 0.5889777897361073, 0.6607030444686987]}