{"orig_r": [0.20735583828908244, 0.4973103538689387, 0.2926781686532489], "orig_f": [0.5334615029957509, 0.5039741830648374, 0.518298779926725], "tmeasure1_r": [0.398514483891822, 0.49027939025284245, 0.4396597318077535], "tmeasure0_r": [0.20735583828908244, 0.4973103538689387, 0.2926781686532489], "tmeasure1_f": [0.5345548251578841, 0.4974023585076373, 0.5153098112864133], "tmeasure0_f": [0.5334615029957509, 0.5039741830648374, 0.518298779926725]}