{"orig_r": [0.3548327523379737, 0.505569423703734, 0.41699706278293547], "orig_f": [0.5170829208113068, 0.5434582450159132, 0.5299426099176936], "tmeasure1_r": [0.2951442941490229, 0.5079888240614945, 0.37336277016513786], "tmeasure0_r": [0.3548327523379737, 0.505569423703734, 0.41699706278293547], "tmeasure1_f": [0.5223669475123666, 0.5445894142923358, 0.5332467571780708], "tmeasure0_f": [0.5170829208113068, 0.5434582450159132, 0.5299426099176936]}