{"orig_r": [0.41374481841902394, 0.5673939724422505, 0.478538445909556], "orig_f": [0.5709282187392662, 0.6013682233780179, 0.5857530164631501], "tmeasure1_r": [0.30417416227961813, 0.5698784816868784, 0.39664043342206595], "tmeasure0_r": [0.41374481841902394, 0.5673939724422505, 0.478538445909556], "tmeasure1_f": [0.5767220237427093, 0.6027706808629615, 0.5894587148570424], "tmeasure0_f": [0.5709282187392662, 0.6013682233780179, 0.5857530164631501]}