{"orig_r": [0.38862957806992543, 0.7430040440722834, 0.5103300971306296], "orig_f": [0.9105198352122179, 0.8337032738824679, 0.870420032383762], "tmeasure1_r": [0.0, 0.732461482241253, 0.0], "tmeasure0_r": [0.38862957806992543, 0.7430040440722834, 0.5103300971306296], "tmeasure1_f": [0.9272135048060502, 0.8266712292111876, 0.8740605501520916], "tmeasure0_f": [0.9105198352122179, 0.8337032738824679, 0.870420032383762]}