{"orig_r": [0.3918347062750537, 0.7463705101088932, 0.5138860117510262], "orig_f": [0.9007092919611688, 0.8299898116409574, 0.8639046891769503], "tmeasure1_r": [0.0, 0.7365639972000363, 0.0], "tmeasure0_r": [0.3918347062750537, 0.7463705101088932, 0.5138860117510262], "tmeasure1_f": [0.9163083317817349, 0.8230058466339955, 0.8671545644073505], "tmeasure0_f": [0.9007092919611688, 0.8299898116409574, 0.8639046891769503]}