{"orig_r": [0.15399703999420492, 0.44766787727233015, 0.2291625322401436], "orig_f": [0.5112355870604876, 0.5011924703051126, 0.5061642156647648], "tmeasure1_r": [0.006363986831512989, 0.4434567619294599, 0.012547900473857943], "tmeasure0_r": [0.15399703999420492, 0.44766787727233015, 0.2291625322401436], "tmeasure1_f": [0.5170960011853494, 0.497564934829464, 0.5071424926259477], "tmeasure0_f": [0.5112355870604876, 0.5011924703051126, 0.5061642156647648]}