{"orig_r": [0.15924766751866007, 0.3959647560824839, 0.22714356215857848], "orig_f": [0.4601433189313902, 0.4560178762179821, 0.4580713092105469], "tmeasure1_r": [0.0015448089270965676, 0.39039629687600935, 0.003077440337796393], "tmeasure0_r": [0.15924766751866007, 0.3959647560824839, 0.22714356215857848], "tmeasure1_f": [0.4648753428595092, 0.450585479607415, 0.4576188825985101], "tmeasure0_f": [0.4601433189313902, 0.4560178762179821, 0.4580713092105469]}