{"orig_r": [0.22399939047794248, 0.5650877724261368, 0.3208246757535448], "orig_f": [0.6184054198136124, 0.6024210984612166, 0.610308617517466], "tmeasure1_r": [0.12956188040047664, 0.5582298160101824, 0.21031165405261926], "tmeasure0_r": [0.22399939047794248, 0.5650877724261368, 0.3208246757535448], "tmeasure1_f": [0.6185398968882392, 0.5938726466608814, 0.6059553368774345], "tmeasure0_f": [0.6184054198136124, 0.6024210984612166, 0.610308617517466]}