{"orig_r": [0.22959353001838345, 0.5056254804968044, 0.3157925387515657], "orig_f": [0.5502050238455475, 0.5060522859471178, 0.5272058379624976], "tmeasure1_r": [0.30201068769631234, 0.49551721827982886, 0.3752884249859259], "tmeasure0_r": [0.22959353001838345, 0.5056254804968044, 0.3157925387515657], "tmeasure1_f": [0.5516586937582681, 0.495218327650611, 0.5219170736773476], "tmeasure0_f": [0.5502050238455475, 0.5060522859471178, 0.5272058379624976]}