{"orig_r": [0.6044340134091533, 0.6448541355454026, 0.6239901875918239], "orig_f": [0.7348573274872506, 0.7353144651216694, 0.7350858252328962], "tmeasure1_r": [0.47679665540699534, 0.6332505123965511, 0.543998012161726], "tmeasure0_r": [0.6044340134091533, 0.6448541355454026, 0.6239901875918239], "tmeasure1_f": [0.751586243429535, 0.7280422420547886, 0.7396269254506348], "tmeasure0_f": [0.7348573274872506, 0.7353144651216694, 0.7350858252328962]}