{"orig_r": [0.3669359831726122, 0.6379315382005245, 0.4658923314519298], "orig_f": [0.4860315460616874, 0.6703664280968383, 0.5635070948872004], "tmeasure1_r": [0.38404264756807216, 0.6368721995416803, 0.4791508055092365], "tmeasure0_r": [0.3669359831726122, 0.6379315382005245, 0.4658923314519298], "tmeasure1_f": [0.485526756353669, 0.6673342899643385, 0.5620948929531077], "tmeasure0_f": [0.4860315460616874, 0.6703664280968383, 0.5635070948872004]}