{"orig_r": [0.2511671011734229, 0.6049387830689604, 0.35495777643268944], "orig_f": [0.43699430024450275, 0.6558193469962263, 0.5244980557317138], "tmeasure1_r": [0.2554308316871715, 0.6049863218379956, 0.3592028790065771], "tmeasure0_r": [0.2511671011734229, 0.6049387830689604, 0.35495777643268944], "tmeasure1_f": [0.4382674064321885, 0.6557990332364779, 0.5254074725559269], "tmeasure0_f": [0.43699430024450275, 0.6558193469962263, 0.5244980557317138]}