{"orig_r": [0.2829092008305509, 0.6034236857515569, 0.38521443868907795], "orig_f": [0.5377701206841732, 0.610902324070488, 0.5720081787315724], "tmeasure1_r": [0.31780044169642685, 0.6041008947840597, 0.41649474535856573], "tmeasure0_r": [0.2829092008305509, 0.6034236857515569, 0.38521443868907795], "tmeasure1_f": [0.5481680181287777, 0.6093532333602109, 0.5771435364003025], "tmeasure0_f": [0.5377701206841732, 0.610902324070488, 0.5720081787315724]}