{"orig_r": [0.28640674444094766, 0.6082953318316021, 0.38944781792468575], "orig_f": [0.5896154884815508, 0.6753736749373589, 0.6295876530349387], "tmeasure1_r": [0.308882122702691, 0.6024065032500316, 0.40837248299734336], "tmeasure0_r": [0.28640674444094766, 0.6082953318316021, 0.38944781792468575], "tmeasure1_f": [0.5953071025986854, 0.6709475220393286, 0.6308681012007091], "tmeasure0_f": [0.5896154884815508, 0.6753736749373589, 0.6295876530349387]}