{"orig_r": [0.27203599659304895, 0.5577609390310574, 0.36570646719939653], "orig_f": [0.48149286492906085, 0.5685390462210629, 0.5214079520481878], "tmeasure1_r": [0.34381474357174635, 0.5537559594465427, 0.42423279315648527], "tmeasure0_r": [0.27203599659304895, 0.5577609390310574, 0.36570646719939653], "tmeasure1_f": [0.486742740887005, 0.5659463502225135, 0.523364932777942], "tmeasure0_f": [0.48149286492906085, 0.5685390462210629, 0.5214079520481878]}