{"orig_r": [0.363137715901409, 0.544228436545954, 0.4356121745181745], "orig_f": [0.5177123993867645, 0.6006370837772662, 0.5561003433796711], "tmeasure1_r": [0.31156533563381733, 0.5427541997631952, 0.3958785616140674], "tmeasure0_r": [0.363137715901409, 0.544228436545954, 0.4356121745181745], "tmeasure1_f": [0.5232593173795067, 0.6000225623707448, 0.5590180026196547], "tmeasure0_f": [0.5177123993867645, 0.6006370837772662, 0.5561003433796711]}