{"orig_r": [0.37972647717480396, 0.5749004061136752, 0.4573617394638997], "orig_f": [0.5333403906341581, 0.6263538701728505, 0.5761170492656214], "tmeasure1_r": [0.37293857489496923, 0.5758266923945461, 0.45268939210139864], "tmeasure0_r": [0.37972647717480396, 0.5749004061136752, 0.4573617394638997], "tmeasure1_f": [0.5357236710491547, 0.6279191279903471, 0.578169074988713], "tmeasure0_f": [0.5333403906341581, 0.6263538701728505, 0.5761170492656214]}