{"orig_r": [0.39471340638524577, 0.533701606517763, 0.45380390487914657], "orig_f": [0.48629643463881495, 0.5830373352274063, 0.5302908883498069], "tmeasure1_r": [0.3858200449012097, 0.5354973469739269, 0.44850040230643945], "tmeasure0_r": [0.39471340638524577, 0.533701606517763, 0.45380390487914657], "tmeasure1_f": [0.48947738593685397, 0.585546416903771, 0.5332193179972593], "tmeasure0_f": [0.48629643463881495, 0.5830373352274063, 0.5302908883498069]}