{"orig_r": [0.3707347005409748, 0.6142493189995996, 0.46239031866330427], "orig_f": [0.538734693120807, 0.6404163640635558, 0.5851913735075912], "tmeasure1_r": [0.3700427721229527, 0.5996133309396069, 0.45765210672521145], "tmeasure0_r": [0.3707347005409748, 0.6142493189995996, 0.46239031866330427], "tmeasure1_f": [0.5410234992584192, 0.6260203536906962, 0.5804267277615336], "tmeasure0_f": [0.538734693120807, 0.6404163640635558, 0.5851913735075912]}