{"orig_r": [0.3521867573126234, 0.5570469328785972, 0.4315382394600803], "orig_f": [0.5489605839413928, 0.5864615147133186, 0.5670917554936233], "tmeasure1_r": [0.3696347462891023, 0.5510265064088691, 0.44246142063248256], "tmeasure0_r": [0.3521867573126234, 0.5570469328785972, 0.4315382394600803], "tmeasure1_f": [0.5488757199918788, 0.5780666123029208, 0.5630931041252821], "tmeasure0_f": [0.5489605839413928, 0.5864615147133186, 0.5670917554936233]}