{"orig_r": [0.26833116573285026, 0.5174645245777326, 0.3534044811328946], "orig_f": [0.6237861824110886, 0.6027051840509657, 0.6130645125746281], "tmeasure1_r": [0.2763775740660631, 0.5102157577061782, 0.3585390001906143], "tmeasure0_r": [0.26833116573285026, 0.5174645245777326, 0.3534044811328946], "tmeasure1_f": [0.6229370935767977, 0.5957330565195775, 0.6090314409466417], "tmeasure0_f": [0.6237861824110886, 0.6027051840509657, 0.6130645125746281]}