{"orig_r": [0.3042970791479146, 0.4886157851667615, 0.37503328030960903], "orig_f": [0.5670998809007212, 0.5584931718161507, 0.5627636212862663], "tmeasure1_r": [0.3990153205032432, 0.48905289352528075, 0.43946983794819316], "tmeasure0_r": [0.3042970791479146, 0.4886157851667615, 0.37503328030960903], "tmeasure1_f": [0.5701383058432891, 0.5565535756423633, 0.5632640439537996], "tmeasure0_f": [0.5670998809007212, 0.5584931718161507, 0.5627636212862663]}