{"orig_r": [0.435830671986619, 0.3902089095811353, 0.41175995696269857], "orig_f": [0.5119324443797485, 0.4425224198911939, 0.47470360849548077], "tmeasure1_r": [0.6134385693488846, 0.3854980351026704, 0.4734622038803397], "tmeasure0_r": [0.435830671986619, 0.3902089095811353, 0.41175995696269857], "tmeasure1_f": [0.516400840381112, 0.4387324292565574, 0.47440876026961015], "tmeasure0_f": [0.5119324443797485, 0.4425224198911939, 0.47470360849548077]}