{"orig_r": [0.38103407009368445, 0.36963901491287054, 0.37525005526591193], "orig_f": [0.518304117686481, 0.4327824424061442, 0.47169822679372375], "tmeasure1_r": [0.5617950754935088, 0.36393214581055994, 0.44171821379983345], "tmeasure0_r": [0.38103407009368445, 0.36963901491287054, 0.37525005526591193], "tmeasure1_f": [0.5230147658991512, 0.4274716310433431, 0.4704411883386248], "tmeasure0_f": [0.518304117686481, 0.4327824424061442, 0.47169822679372375]}