{"orig_r": [0.40970497064745454, 0.5479543949891791, 0.46885071533956596], "orig_f": [0.39692921501198836, 0.5238175311375592, 0.45163011938611636], "tmeasure1_r": [0.42840229500319565, 0.5476077640138577, 0.4807254201895598], "tmeasure0_r": [0.40970497064745454, 0.5479543949891791, 0.46885071533956596], "tmeasure1_f": [0.4002559285383726, 0.5218053901967072, 0.4530191142949742], "tmeasure0_f": [0.39692921501198836, 0.5238175311375592, 0.45163011938611636]}