{"orig_r": [0.4604162056348695, 0.6217869678737881, 0.5290703325762698], "orig_f": [0.5357619815069202, 0.6599830649226803, 0.5914201119708395], "tmeasure1_r": [0.4944790074896502, 0.6139967502888432, 0.5477945756669723], "tmeasure0_r": [0.4604162056348695, 0.6217869678737881, 0.5290703325762698], "tmeasure1_f": [0.5395944768856631, 0.6549910716633252, 0.5917191365796238], "tmeasure0_f": [0.5357619815069202, 0.6599830649226803, 0.5914201119708395]}