{"orig_r": [0.43877266538239357, 0.5873232005260756, 0.5022949116115666], "orig_f": [0.5532812842841428, 0.5923053291157055, 0.5721286358416918], "tmeasure1_r": [0.4233940598130484, 0.5867090377517867, 0.4918490439671016], "tmeasure0_r": [0.43877266538239357, 0.5873232005260756, 0.5022949116115666], "tmeasure1_f": [0.5560310685875076, 0.5911179392459935, 0.5730379177870505], "tmeasure0_f": [0.5532812842841428, 0.5923053291157055, 0.5721286358416918]}