{"orig_r": [0.46755298000809753, 0.5491269243573326, 0.505067384106903], "orig_f": [0.5239356912028293, 0.5819611737665877, 0.5514261582413278], "tmeasure1_r": [0.4897887856212004, 0.5510316632400554, 0.5186084294797592], "tmeasure0_r": [0.46755298000809753, 0.5491269243573326, 0.505067384106903], "tmeasure1_f": [0.5278039463763285, 0.5833375317498468, 0.5541829863938061], "tmeasure0_f": [0.5239356912028293, 0.5819611737665877, 0.5514261582413278]}