{"orig_r": [0.3199770179798063, 0.5949347936358015, 0.4161394764897747], "orig_f": [0.601348872654335, 0.6414575821474549, 0.6207560193939732], "tmeasure1_r": [0.3801369503051033, 0.5852762841576983, 0.46091172940965736], "tmeasure0_r": [0.3199770179798063, 0.5949347936358015, 0.4161394764897747], "tmeasure1_f": [0.6058898533704784, 0.6321252384083131, 0.6187295624331948], "tmeasure0_f": [0.601348872654335, 0.6414575821474549, 0.6207560193939732]}