{"orig_r": [0.37380093601869174, 0.5645725463227965, 0.449794778384664], "orig_f": [0.5028851908600923, 0.5859534799974275, 0.5412506655215966], "tmeasure1_r": [0.432969649639258, 0.5589012851255599, 0.48794109217672], "tmeasure0_r": [0.37380093601869174, 0.5645725463227965, 0.449794778384664], "tmeasure1_f": [0.5047300704316848, 0.5793979034623845, 0.5394926644538631], "tmeasure0_f": [0.5028851908600923, 0.5859534799974275, 0.5412506655215966]}