{"orig_r": [0.21269131170712957, 0.4978258211344783, 0.2980455276998228], "orig_f": [0.34750116155504823, 0.5379162683556663, 0.42223367590990557], "tmeasure1_r": [0.24127850528912742, 0.48750331468472546, 0.3227963921900406], "tmeasure0_r": [0.21269131170712957, 0.4978258211344783, 0.2980455276998228], "tmeasure1_f": [0.34854499808545186, 0.5296725786392315, 0.4204305010524813], "tmeasure0_f": [0.34750116155504823, 0.5379162683556663, 0.42223367590990557]}