{"orig_r": [0.1652180112457189, 0.5321697853108404, 0.2521524867749459], "orig_f": [0.6312253426702182, 0.5719161094027854, 0.600108892457121], "tmeasure1_r": [0.2356801778095837, 0.5207206923594765, 0.3244934007994504], "tmeasure0_r": [0.1652180112457189, 0.5321697853108404, 0.2521524867749459], "tmeasure1_f": [0.6320966161544979, 0.5584742772871363, 0.5930091233157353], "tmeasure0_f": [0.6312253426702182, 0.5719161094027854, 0.600108892457121]}