{"orig_r": [0.12015397482403423, 0.527026280773151, 0.19569293693358775], "orig_f": [0.6531137804063636, 0.5621957750039064, 0.6042539636205412], "tmeasure1_r": [0.1487143239021713, 0.5158509014849527, 0.23087099691071697], "tmeasure0_r": [0.12015397482403423, 0.527026280773151, 0.19569293693358775], "tmeasure1_f": [0.6541159421226695, 0.5496652974832914, 0.5973590916454421], "tmeasure0_f": [0.6531137804063636, 0.5621957750039064, 0.6042539636205412]}