{"orig_r": [0.2195477962105991, 0.4189438957363769, 0.28811090325805816], "orig_f": [0.5252743009847501, 0.4425171999868424, 0.48035741719877], "tmeasure1_r": [0.3424138724355299, 0.41229131937663976, 0.3741176522194758], "tmeasure0_r": [0.2195477962105991, 0.4189438957363769, 0.28811090325805816], "tmeasure1_f": [0.5281407210330531, 0.43556215632741097, 0.4774046372623345], "tmeasure0_f": [0.5252743009847501, 0.4425171999868424, 0.48035741719877]}