{"orig_r": [0.25375823180222357, 0.40723166725898735, 0.3126776610785771], "orig_f": [0.5712049583705062, 0.4418011809476258, 0.4982378988168726], "tmeasure1_r": [0.4273511741707189, 0.4012158365412076, 0.41387131426931734], "tmeasure0_r": [0.25375823180222357, 0.40723166725898735, 0.3126776610785771], "tmeasure1_f": [0.5754465272589816, 0.4355039349514779, 0.4957893316107463], "tmeasure0_f": [0.5712049583705062, 0.4418011809476258, 0.4982378988168726]}