{"orig_r": [0.21272549450640912, 0.4873592167989657, 0.2961748163376019], "orig_f": [0.5478336536269753, 0.47943021384756696, 0.5113545098339277], "tmeasure1_r": [0.16691116264296127, 0.48203929107841614, 0.2479626543200824], "tmeasure0_r": [0.21272549450640912, 0.4873592167989657, 0.2961748163376019], "tmeasure1_f": [0.5481446032143799, 0.4736901560352606, 0.5082048741758869], "tmeasure0_f": [0.5478336536269753, 0.47943021384756696, 0.5113545098339277]}