{"orig_r": [0.1592413707029468, 0.5188244426924307, 0.24368819007355186], "orig_f": [0.5594472801452155, 0.5083868836881972, 0.5326963099210865], "tmeasure1_r": [0.25061026190920677, 0.5129947586542979, 0.3367231680313767], "tmeasure0_r": [0.1592413707029468, 0.5188244426924307, 0.24368819007355186], "tmeasure1_f": [0.5598859490345844, 0.5027077256207155, 0.5297584556721094], "tmeasure0_f": [0.5594472801452155, 0.5083868836881972, 0.5326963099210865]}