{"orig_r": [0.4853336567215464, 0.6598721323109222, 0.5593023682034917], "orig_f": [0.6997271213099675, 0.6944340042049114, 0.6970705147478604], "tmeasure1_r": [0.25232873094931196, 0.6554756867480352, 0.3643854226327451], "tmeasure0_r": [0.4853336567215464, 0.6598721323109222, 0.5593023682034917], "tmeasure1_f": [0.7150843466571923, 0.690146623414515, 0.7023942082301993], "tmeasure0_f": [0.6997271213099675, 0.6944340042049114, 0.6970705147478604]}