{"orig_r": [0.32958174355955006, 0.5688839906917099, 0.41736433652984506], "orig_f": [0.7256407180369637, 0.6608159770724135, 0.6917128847724957], "tmeasure1_r": [0.2416840782717565, 0.5602658030934251, 0.3376952284781493], "tmeasure0_r": [0.32958174355955006, 0.5688839906917099, 0.41736433652984506], "tmeasure1_f": [0.7371052118272636, 0.6527525136104632, 0.6923691123335447], "tmeasure0_f": [0.7256407180369637, 0.6608159770724135, 0.6917128847724957]}