{"orig_r": [0.5590339448748415, 0.5114735939943155, 0.5341972673111707], "orig_f": [0.5828933862135016, 0.6030705508313066, 0.5928103284078537], "tmeasure1_r": [0.810684820089339, 0.5068563816257773, 0.6237387855719948], "tmeasure0_r": [0.5590339448748415, 0.5114735939943155, 0.5341972673111707], "tmeasure1_f": [0.5861942621681335, 0.6003709309596237, 0.5931979076065471], "tmeasure0_f": [0.5828933862135016, 0.6030705508313066, 0.5928103284078537]}