{"orig_r": [0.5944138997169229, 0.6306115230908207, 0.6119779192626135], "orig_f": [0.635856453748565, 0.6520418576440817, 0.6438474522866117], "tmeasure1_r": [0.810684820089339, 0.6262273302434946, 0.706616602046105], "tmeasure0_r": [0.5944138997169229, 0.6306115230908207, 0.6119779192626135], "tmeasure1_f": [0.6385767795022229, 0.6480077321562213, 0.6432576903315202], "tmeasure0_f": [0.635856453748565, 0.6520418576440817, 0.6438474522866117]}