{"orig_r": [0.442791576380038, 0.3472700793495478, 0.38925636942298936], "orig_f": [0.5403260205203204, 0.34620266916745707, 0.42201073174664144], "tmeasure1_r": [0.6031202012037502, 0.34212006095052366, 0.43658639661847615], "tmeasure0_r": [0.442791576380038, 0.3472700793495478, 0.38925636942298936], "tmeasure1_f": [0.5467097430328045, 0.34136683664684625, 0.42029838375073414], "tmeasure0_f": [0.5403260205203204, 0.34620266916745707, 0.42201073174664144]}