{"orig_r": [0.31736630200379534, 0.5445730350901921, 0.40102388388548915], "orig_f": [0.5973656647842925, 0.5837625037833145, 0.5904857498599269], "tmeasure1_r": [0.32261074657511507, 0.5415414463331002, 0.40434333613140605], "tmeasure0_r": [0.31736630200379534, 0.5445730350901921, 0.40102388388548915], "tmeasure1_f": [0.6021571530121363, 0.5807183835668773, 0.5912434871411046], "tmeasure0_f": [0.5973656647842925, 0.5837625037833145, 0.5904857498599269]}