{"orig_r": [0.2738453981896446, 0.5510025019686348, 0.3658601774366817], "orig_f": [0.6047442732401556, 0.5589815972083629, 0.5809631431981596], "tmeasure1_r": [0.2571193740788492, 0.5476468186915275, 0.34994165635488106], "tmeasure0_r": [0.2738453981896446, 0.5510025019686348, 0.3658601774366817], "tmeasure1_f": [0.60928766548751, 0.5560442222033765, 0.5814496104203071], "tmeasure0_f": [0.6047442732401556, 0.5589815972083629, 0.5809631431981596]}