{"orig_r": [0.38675508345848236, 0.6339505573920368, 0.4804198015960909], "orig_f": [0.5252633246688638, 0.6086524522869348, 0.5638916349050054], "tmeasure1_r": [0.39796886127541226, 0.6301530004281206, 0.48784347721997634], "tmeasure0_r": [0.38675508345848236, 0.6339505573920368, 0.4804198015960909], "tmeasure1_f": [0.5264762819559357, 0.6083039298953882, 0.5644398588657581], "tmeasure0_f": [0.5252633246688638, 0.6086524522869348, 0.5638916349050054]}