{"orig_r": [0.2700770049295941, 0.0, 0.0], "orig_f": [0.47505017917339326, 0.7267885578577135, 0.5745546785825437], "tmeasure1_r": [0.2605248589980341, 0.0, 0.0], "tmeasure0_r": [0.2700770049295941, 0.0, 0.0], "tmeasure1_f": [0.47619628116642226, 0.7273397676708239, 0.5755647998145398], "tmeasure0_f": [0.47505017917339326, 0.7267885578577135, 0.5745546785825437]}