{"orig_r": [0.2954220608936089, 0.6455010239059916, 0.40533651660136993], "orig_f": [0.6038405229234827, 0.6755914945634354, 0.6377040996068605], "tmeasure1_r": [0.4000649169536454, 0.6300971665686209, 0.4893982697443242], "tmeasure0_r": [0.2954220608936089, 0.6455010239059916, 0.40533651660136993], "tmeasure1_f": [0.6018601715044891, 0.6577243674854582, 0.6285534449873694], "tmeasure0_f": [0.6038405229234827, 0.6755914945634354, 0.6377040996068605]}