{"orig_r": [0.1690633682447207, 0.6321868399741529, 0.2667821747306698], "orig_f": [0.6295265102222269, 0.6185114963047375, 0.6239703947551803], "tmeasure1_r": [0.19505041366263368, 0.6145079746236844, 0.29611214307360306], "tmeasure0_r": [0.1690633682447207, 0.6321868399741529, 0.2667821747306698], "tmeasure1_f": [0.6296130233529164, 0.6031289960260029, 0.6160865204401168], "tmeasure0_f": [0.6295265102222269, 0.6185114963047375, 0.6239703947551803]}