{"orig_r": [0.339633452664949, 0.49863792118946637, 0.4040555936547186], "orig_f": [0.6208691794563632, 0.5254552322507168, 0.5691913311044782], "tmeasure1_r": [0.37995875796822354, 0.4911734184535958, 0.42846687810155454], "tmeasure0_r": [0.339633452664949, 0.49863792118946637, 0.4040555936547186], "tmeasure1_f": [0.627089227331842, 0.5177732891585404, 0.567212302184274], "tmeasure0_f": [0.6208691794563632, 0.5254552322507168, 0.5691913311044782]}