{"orig_r": [0.5410521160027978, 0.431516976184152, 0.48011637410884433], "orig_f": [0.5838085799967606, 0.5062296495620693, 0.5422584361700846], "tmeasure1_r": [0.5694699683088748, 0.42515724947161865, 0.4868442790519409], "tmeasure0_r": [0.5410521160027978, 0.431516976184152, 0.48011637410884433], "tmeasure1_f": [0.5905613430844733, 0.49972119181799074, 0.5413569579635744], "tmeasure0_f": [0.5838085799967606, 0.5062296495620693, 0.5422584361700846]}