{"orig_r": [0.22368301755316486, 0.6846087157299593, 0.33719418060571565], "orig_f": [0.3400117735034008, 0.6293765689199716, 0.4415061209937764], "tmeasure1_r": [0.3037628224071953, 0.6713453545112822, 0.41827104832770867], "tmeasure0_r": [0.22368301755316486, 0.6846087157299593, 0.33719418060571565], "tmeasure1_f": [0.34433103947279947, 0.6208268992754584, 0.4429740729013497], "tmeasure0_f": [0.3400117735034008, 0.6293765689199716, 0.4415061209937764]}