{"orig_r": [0.30925562493005326, 0.5229026801329955, 0.3886534428323159], "orig_f": [0.37240428402584186, 0.571583909146925, 0.45098084485807793], "tmeasure1_r": [0.3645264538719782, 0.5219282546544842, 0.429252964680057], "tmeasure0_r": [0.30925562493005326, 0.5229026801329955, 0.3886534428323159], "tmeasure1_f": [0.3808700305735118, 0.567701204817538, 0.4558864261709097], "tmeasure0_f": [0.37240428402584186, 0.571583909146925, 0.45098084485807793]}