{"orig_r": [0.19114354497321007, 0.4465882989333952, 0.26770647072842735], "orig_f": [0.7227659292125662, 0.4771811284887357, 0.5748424641259701], "tmeasure1_r": [0.19305505524222613, 0.4429821079689854, 0.26891490080076125], "tmeasure0_r": [0.19114354497321007, 0.4465882989333952, 0.26770647072842735], "tmeasure1_f": [0.7236259791204942, 0.4735146996353244, 0.572443229491909], "tmeasure0_f": [0.7227659292125662, 0.4771811284887357, 0.5748424641259701]}