{"orig_r": [0.2963853302184266, 0.45248513059285655, 0.3581659629207558], "orig_f": [0.5448482380496215, 0.45709924096668614, 0.49713127937410534], "tmeasure1_r": [0.21752032606016258, 0.44661814955409096, 0.29255502905637515], "tmeasure0_r": [0.2963853302184266, 0.45248513059285655, 0.3581659629207558], "tmeasure1_f": [0.554879551242374, 0.45201737448376184, 0.4981943861362522], "tmeasure0_f": [0.5448482380496215, 0.45709924096668614, 0.49713127937410534]}