{"orig_r": [0.2538824289066289, 0.49573154387119905, 0.33579290945515755], "orig_f": [0.5210047982111482, 0.6017970858220683, 0.5584941987031937], "tmeasure1_r": [0.35126280345393673, 0.487658296468001, 0.40837265950483376], "tmeasure0_r": [0.2538824289066289, 0.49573154387119905, 0.33579290945515755], "tmeasure1_f": [0.533343942672198, 0.5818894661033536, 0.5565601238429945], "tmeasure0_f": [0.5210047982111482, 0.6017970858220683, 0.5584941987031937]}