{"orig_r": [0.24101380580588622, 0.550934934869909, 0.3353321208418284], "orig_f": [0.4400046197358747, 0.6143055427804848, 0.512747171302303], "tmeasure1_r": [0.3846859340170238, 0.5448900180171126, 0.4509831069936465], "tmeasure0_r": [0.24101380580588622, 0.550934934869909, 0.3353321208418284], "tmeasure1_f": [0.4483154497601745, 0.5973150382939537, 0.512199219706393], "tmeasure0_f": [0.4400046197358747, 0.6143055427804848, 0.512747171302303]}