{"orig_r": [0.44808769211859945, 0.5473547186059967, 0.49277167616729584], "orig_f": [0.5100424621529351, 0.5568027595691213, 0.5323978486134545], "tmeasure1_r": [0.4469742440123859, 0.545757605743182, 0.49145112711178096], "tmeasure0_r": [0.44808769211859945, 0.5473547186059967, 0.49277167616729584], "tmeasure1_f": [0.516978077466209, 0.5552081898961471, 0.5354115629779824], "tmeasure0_f": [0.5100424621529351, 0.5568027595691213, 0.5323978486134545]}