{"orig_r": [0.5150347356508724, 0.5517517560423698, 0.532761376397145], "orig_f": [0.5673052965951313, 0.6035788987844626, 0.584880225635762], "tmeasure1_r": [0.5984912911750049, 0.5462839644545577, 0.5711971736405266], "tmeasure0_r": [0.5150347356508724, 0.5517517560423698, 0.532761376397145], "tmeasure1_f": [0.577850521815427, 0.6034659617915522, 0.5903805216606338], "tmeasure0_f": [0.5673052965951313, 0.6035788987844626, 0.584880225635762]}