{"orig_r": [0.38381444987668467, 0.4511241300426474, 0.41475616042354974], "orig_f": [0.6337357572211904, 0.47592350695912755, 0.5436078511630325], "tmeasure1_r": [0.41829702700895577, 0.4501821583002867, 0.43365428121903205], "tmeasure0_r": [0.38381444987668467, 0.4511241300426474, 0.41475616042354974], "tmeasure1_f": [0.6363743204662052, 0.47163262615794743, 0.5417563362673834], "tmeasure0_f": [0.6337357572211904, 0.47592350695912755, 0.5436078511630325]}