{"orig_r": [0.622397950476922, 0.7106736933879311, 0.6636130207377743], "orig_f": [0.8321535999389437, 0.7984970791176138, 0.8149780053602852], "tmeasure1_r": [0.686805359543257, 0.7126581668162043, 0.6994929689449032], "tmeasure0_r": [0.622397950476922, 0.7106736933879311, 0.6636130207377743], "tmeasure1_f": [0.8407242934949328, 0.7990539184535123, 0.8193596379817097], "tmeasure0_f": [0.8321535999389437, 0.7984970791176138, 0.8149780053602852]}