{"orig_r": [0.48809101567632884, 0.0, 0.0], "orig_f": [0.764639445729012, 0.8839963755673532, 0.8199973455735887], "tmeasure1_r": [0.22246170994626485, 0.0, 0.0], "tmeasure0_r": [0.48809101567632884, 0.0, 0.0], "tmeasure1_f": [0.7740957552012566, 0.8855967121939055, 0.8261008219256675], "tmeasure0_f": [0.764639445729012, 0.8839963755673532, 0.8199973455735887]}