{"orig_r": [0.4384928476644429, 0.41264702335152154, 0.42517751667227605], "orig_f": [0.5334456425263757, 0.4440759636022709, 0.4846755023093718], "tmeasure1_r": [0.46690250472391076, 0.41204603343620705, 0.4377624325438506], "tmeasure0_r": [0.4384928476644429, 0.41264702335152154, 0.42517751667227605], "tmeasure1_f": [0.5413933277023776, 0.44076085298713513, 0.48592163961898316], "tmeasure0_f": [0.5334456425263757, 0.4440759636022709, 0.4846755023093718]}