{"orig_r": [0.48460887901326866, 0.47559659357412254, 0.48006044259138114], "orig_f": [0.5266652928259605, 0.46978616599119427, 0.49660235124958213], "tmeasure1_r": [0.5394346744393907, 0.4691470992810303, 0.5018417333307855], "tmeasure0_r": [0.48460887901326866, 0.47559659357412254, 0.48006044259138114], "tmeasure1_f": [0.5329548418857909, 0.4650574406156049, 0.49669652183013824], "tmeasure0_f": [0.5266652928259605, 0.46978616599119427, 0.49660235124958213]}