{"orig_r": [0.3413856467689357, 0.48493670574832315, 0.4006921280286451], "orig_f": [0.5484431088643846, 0.5397068928529482, 0.5440399314885989], "tmeasure1_r": [0.35680650964553123, 0.48231521274151984, 0.4101745980730655], "tmeasure0_r": [0.3413856467689357, 0.48493670574832315, 0.4006921280286451], "tmeasure1_f": [0.5495421052299752, 0.5393077823153826, 0.544376846524969], "tmeasure0_f": [0.5484431088643846, 0.5397068928529482, 0.5440399314885989]}