{"orig_r": [0.4347790791118753, 0.47003678311394187, 0.4517209926189042], "orig_f": [0.5385632385060454, 0.5153673948094242, 0.5267100592680213], "tmeasure1_r": [0.4649708909729729, 0.47172400864796704, 0.4683231064525897], "tmeasure0_r": [0.4347790791118753, 0.47003678311394187, 0.4517209926189042], "tmeasure1_f": [0.543126691789927, 0.5180450036302287, 0.5302894342815746], "tmeasure0_f": [0.5385632385060454, 0.5153673948094242, 0.5267100592680213]}