{"orig_r": [0.15066781164102153, 0.3889842591420288, 0.21720441840496413], "orig_f": [0.6572613044234743, 0.5257470448682612, 0.5841939978086919], "tmeasure1_r": [0.8306046026364007, 0.39024694782977215, 0.5310079033088755], "tmeasure0_r": [0.15066781164102153, 0.3889842591420288, 0.21720441840496413], "tmeasure1_f": [0.6801587810732072, 0.5264390604852953, 0.5935070283674829], "tmeasure0_f": [0.6572613044234743, 0.5257470448682612, 0.5841939978086919]}