{"orig_r": [0.18958836181375424, 0.4048676281528116, 0.25824683969364626], "orig_f": [0.6690069402344954, 0.5221046515866602, 0.5864969123608944], "tmeasure1_r": [0.5139065573384922, 0.4057486492330086, 0.45346753866470335], "tmeasure0_r": [0.18958836181375424, 0.4048676281528116, 0.25824683969364626], "tmeasure1_f": [0.691878187978155, 0.5227482316075849, 0.595538008100951], "tmeasure0_f": [0.6690069402344954, 0.5221046515866602, 0.5864969123608944]}