{"orig_r": [0.12455253516675707, 0.2705989102368239, 0.17058664810872898], "orig_f": [0.44175716621036265, 0.5796134009701601, 0.5013819307853096], "tmeasure1_r": [0.2250211089220383, 0.2649009399910814, 0.2433379081571162], "tmeasure0_r": [0.12455253516675707, 0.2705989102368239, 0.17058664810872898], "tmeasure1_f": [0.44800445945130035, 0.5632881074031045, 0.4990753266533311], "tmeasure0_f": [0.44175716621036265, 0.5796134009701601, 0.5013819307853096]}