{"orig_r": [0.09198112895854836, 0.4027238851065243, 0.14975792263062954], "orig_f": [0.5322069729328847, 0.5522807964766124, 0.5420581018849551], "tmeasure1_r": [0.23269068392907405, 0.3959174720812597, 0.2931120332347197], "tmeasure0_r": [0.09198112895854836, 0.4027238851065243, 0.14975792263062954], "tmeasure1_f": [0.5546973248977501, 0.5481174837166514, 0.5513877753043843], "tmeasure0_f": [0.5322069729328847, 0.5522807964766124, 0.5420581018849551]}