{"orig_r": [0.13601339781563027, 0.619006111649416, 0.2230223814315256], "orig_f": [0.5224540916052527, 0.6394230455400982, 0.5750507962139616], "tmeasure1_r": [0.23744277325105004, 0.6151431719461309, 0.34263126554251766], "tmeasure0_r": [0.13601339781563027, 0.619006111649416, 0.2230223814315256], "tmeasure1_f": [0.5249091906144322, 0.636647918576642, 0.5754040692483174], "tmeasure0_f": [0.5224540916052527, 0.6394230455400982, 0.5750507962139616]}