{"orig_r": [0.14554930907165076, 0.6379565629187448, 0.23702218520625618], "orig_f": [0.471433613657622, 0.5873378254120346, 0.5230416750098759], "tmeasure1_r": [0.12053234470122717, 0.6295042408123125, 0.20232512282723641], "tmeasure0_r": [0.14554930907165076, 0.6379565629187448, 0.23702218520625618], "tmeasure1_f": [0.4723672371387651, 0.5826264870011736, 0.5217351679944279], "tmeasure0_f": [0.471433613657622, 0.5873378254120346, 0.5230416750098759]}