{"orig_r": [0.4255019572016682, 0.4711392381225445, 0.44715917354914336], "orig_f": [0.5260134193015554, 0.5252440873774593, 0.5256284718330231], "tmeasure1_r": [0.3445907262285702, 0.4723278363068853, 0.39847250287912217], "tmeasure0_r": [0.4255019572016682, 0.4711392381225445, 0.44715917354914336], "tmeasure1_f": [0.528079811253146, 0.5244505395892203, 0.5262589183033718], "tmeasure0_f": [0.5260134193015554, 0.5252440873774593, 0.5256284718330231]}