{"orig_r": [0.42110893110692477, 0.4742906231453456, 0.4461204305904809], "orig_f": [0.5477732192971251, 0.5433355487306996, 0.5455453597439984], "tmeasure1_r": [0.3375633252231187, 0.47439196718051413, 0.394448638733633], "tmeasure0_r": [0.42110893110692477, 0.4742906231453456, 0.4461204305904809], "tmeasure1_f": [0.5492927491045366, 0.5417997430971083, 0.5455205172375828], "tmeasure0_f": [0.5477732192971251, 0.5433355487306996, 0.5455453597439984]}