{"orig_r": [0.3182870096646939, 0.603998681539669, 0.4168880337667101], "orig_f": [0.27458203579661505, 0.5269871384662188, 0.3610448254868634], "tmeasure1_r": [0.33648994685630074, 0.6067598771386704, 0.43290461046301826], "tmeasure0_r": [0.3182870096646939, 0.603998681539669, 0.4168880337667101], "tmeasure1_f": [0.2775293404974544, 0.5278490769059727, 0.36378825910981344], "tmeasure0_f": [0.27458203579661505, 0.5269871384662188, 0.3610448254868634]}