{"orig_r": [0.21680086485626268, 0.38761890138388977, 0.27807202129545133], "orig_f": [0.3136059948255519, 0.41710730546984914, 0.35802646928144516], "tmeasure1_r": [0.2434287895486487, 0.3868777753047783, 0.2988297879068306], "tmeasure0_r": [0.21680086485626268, 0.38761890138388977, 0.27807202129545133], "tmeasure1_f": [0.315140475421786, 0.41606820066845757, 0.3586388806753227], "tmeasure0_f": [0.3136059948255519, 0.41710730546984914, 0.35802646928144516]}