{"orig_r": [0.44379684685903614, 0.506320118210375, 0.4730012834717525], "orig_f": [0.6092291519063199, 0.5330486062799812, 0.5685985707091629], "tmeasure1_r": [0.359164891177082, 0.5028660408575859, 0.4190379257388442], "tmeasure0_r": [0.44379684685903614, 0.506320118210375, 0.4730012834717525], "tmeasure1_f": [0.6211590162924462, 0.5294318692527223, 0.5716391173098372], "tmeasure0_f": [0.6092291519063199, 0.5330486062799812, 0.5685985707091629]}