{"orig_r": [0.29297778141997666, 0.8371293018046156, 0.43404786899407205], "orig_f": [0.4301427824956034, 0.8134041917780926, 0.5627128682442679], "tmeasure1_r": [0.027729971404716124, 0.8351623147914039, 0.05367767791633386], "tmeasure0_r": [0.29297778141997666, 0.8371293018046156, 0.43404786899407205], "tmeasure1_f": [0.4406953780100502, 0.8074980518749769, 0.570201141414758], "tmeasure0_f": [0.4301427824956034, 0.8134041917780926, 0.5627128682442679]}