{"orig_r": [0.30724173080272804, 0.4222615459869754, 0.35568412745560196], "orig_f": [0.5416596308304827, 0.48354824188843515, 0.5109569857191862], "tmeasure1_r": [0.3105807358036268, 0.4171330609352381, 0.3560561681635252], "tmeasure0_r": [0.30724173080272804, 0.4222615459869754, 0.35568412745560196], "tmeasure1_f": [0.5482815860847776, 0.47845137374299435, 0.5109918320032372], "tmeasure0_f": [0.5416596308304827, 0.48354824188843515, 0.5109569857191862]}