{"orig_r": [0.3383108481400723, 0.5307147101778891, 0.4132134941306326], "orig_f": [0.6347897158829585, 0.5967752234845412, 0.615195776450565], "tmeasure1_r": [0.29591269992887437, 0.5248001626743333, 0.37843937907222824], "tmeasure0_r": [0.3383108481400723, 0.5307147101778891, 0.4132134941306326], "tmeasure1_f": [0.6431485002039419, 0.5842987702127057, 0.6123128655551127], "tmeasure0_f": [0.6347897158829585, 0.5967752234845412, 0.615195776450565]}