{"orig_r": [0.26713407711847115, 0.4647992760765289, 0.33927604232828995], "orig_f": [0.5289659067779942, 0.5469989223482925, 0.5378312991912669], "tmeasure1_r": [0.22750887512907006, 0.4499714411736955, 0.30221541189658346], "tmeasure0_r": [0.26713407711847115, 0.4647992760765289, 0.33927604232828995], "tmeasure1_f": [0.5399411961599472, 0.536608472896353, 0.5382696758974473], "tmeasure0_f": [0.5289659067779942, 0.5469989223482925, 0.5378312991912669]}