{"orig_r": [0.27689928473209163, 0.510952281147367, 0.3591598400239349], "orig_f": [0.5152853584925343, 0.5110607037248542, 0.513164336327975], "tmeasure1_r": [0.2947384586054499, 0.5066974723787089, 0.3726891351247143], "tmeasure0_r": [0.27689928473209163, 0.510952281147367, 0.3591598400239349], "tmeasure1_f": [0.521660481483486, 0.5053392119611143, 0.5133701564017857], "tmeasure0_f": [0.5152853584925343, 0.5110607037248542, 0.513164336327975]}