{"orig_r": [0.07886387283085533, 0.5656514256095457, 0.13842793865036027], "orig_f": [0.27061010567030125, 0.5075998135385087, 0.35301950229453205], "tmeasure1_r": [0.0966544670175493, 0.5685091780342618, 0.16521934716743733], "tmeasure0_r": [0.07886387283085533, 0.5656514256095457, 0.13842793865036027], "tmeasure1_f": [0.2772856269288999, 0.5072464723738048, 0.3585631645273803], "tmeasure0_f": [0.27061010567030125, 0.5075998135385087, 0.35301950229453205]}