{"orig_r": [0.26345061280637816, 0.30522943289703314, 0.2828053551406131], "orig_f": [0.5673708987551055, 0.3357960961741391, 0.42189525072205014], "tmeasure1_r": [0.3462953267184532, 0.3033738464451615, 0.32341674689897343], "tmeasure0_r": [0.26345061280637816, 0.30522943289703314, 0.2828053551406131], "tmeasure1_f": [0.5699409480815013, 0.3343684326071036, 0.4214713803886554], "tmeasure0_f": [0.5673708987551055, 0.3357960961741391, 0.42189525072205014]}