{"orig_r": [0.30588344385266186, 0.2934921169884382, 0.2995596929646313], "orig_f": [0.5641754400382308, 0.30438191018040744, 0.3954253523327643], "tmeasure1_r": [0.38767085803679374, 0.29368896764364955, 0.33419831868910754], "tmeasure0_r": [0.30588344385266186, 0.2934921169884382, 0.2995596929646313], "tmeasure1_f": [0.5684491366500067, 0.30415292079325135, 0.3962756304771705], "tmeasure0_f": [0.5641754400382308, 0.30438191018040744, 0.3954253523327643]}