{"orig_r": [0.3932932489626081, 0.48095438096115667, 0.43272890795828145], "orig_f": [0.5068412753937621, 0.5001095069035622, 0.5034528892012967], "tmeasure1_r": [0.33782256326490906, 0.4762283493541863, 0.3952595081814641], "tmeasure0_r": [0.3932932489626081, 0.48095438096115667, 0.43272890795828145], "tmeasure1_f": [0.5096720200638403, 0.49430795812891937, 0.5018724297803241], "tmeasure0_f": [0.5068412753937621, 0.5001095069035622, 0.5034528892012967]}