{"orig_r": [0.2661801854963361, 0.5296206300905822, 0.3542959866313436], "orig_f": [0.44533525574423405, 0.5486685410359805, 0.49163080831793], "tmeasure1_r": [0.2734775929381191, 0.5215968671388772, 0.3588218786335812], "tmeasure0_r": [0.2661801854963361, 0.5296206300905822, 0.3542959866313436], "tmeasure1_f": [0.4456318039517498, 0.540860537457727, 0.4886498290483016], "tmeasure0_f": [0.44533525574423405, 0.5486685410359805, 0.49163080831793]}