{"orig_r": [0.3564763992486503, 0.4916798542652902, 0.41330182570825313], "orig_f": [0.5677684711694017, 0.5470853302659743, 0.557235040440995], "tmeasure1_r": [0.34119477264739734, 0.4912206328395485, 0.4026881555450232], "tmeasure0_r": [0.3564763992486503, 0.4916798542652902, 0.41330182570825313], "tmeasure1_f": [0.5712499350518698, 0.5464567525341114, 0.5585783602457925], "tmeasure0_f": [0.5677684711694017, 0.5470853302659743, 0.557235040440995]}