{"orig_r": [0.34707906481775747, 0.5705255521444262, 0.4315965099401475], "orig_f": [0.5864847649252356, 0.6694514217211394, 0.6252277207576554], "tmeasure1_r": [0.31326785161972065, 0.5697339774552058, 0.40425587634203186], "tmeasure0_r": [0.34707906481775747, 0.5705255521444262, 0.4315965099401475], "tmeasure1_f": [0.5898475715112205, 0.6687866571293073, 0.6268416615253124], "tmeasure0_f": [0.5864847649252356, 0.6694514217211394, 0.6252277207576554]}