{"orig_r": [0.27817749065454217, 0.4582239627954792, 0.3461904957711433], "orig_f": [0.5180933597370221, 0.5090808139157424, 0.513547548263077], "tmeasure1_r": [0.37094287467973003, 0.4498198331619876, 0.40659123619257403], "tmeasure0_r": [0.27817749065454217, 0.4582239627954792, 0.3461904957711433], "tmeasure1_f": [0.5199001945442817, 0.502107659169053, 0.5108490482449578], "tmeasure0_f": [0.5180933597370221, 0.5090808139157424, 0.513547548263077]}