{"orig_r": [0.2621510844423962, 0.28857523826628834, 0.2747292385904235], "orig_f": [0.4558559686245723, 0.3106053365767378, 0.36946756634494765], "tmeasure1_r": [0.28509065835164055, 0.28598630105784745, 0.28553777736870684], "tmeasure0_r": [0.2621510844423962, 0.28857523826628834, 0.2747292385904235], "tmeasure1_f": [0.457303938509599, 0.30794723106764943, 0.3680503531883749], "tmeasure0_f": [0.4558559686245723, 0.3106053365767378, 0.36946756634494765]}