{"orig_r": [0.42830247309702246, 0.5820755315536436, 0.4934873652161211], "orig_f": [0.5402922611769867, 0.5790244778842307, 0.5589882354395581], "tmeasure1_r": [0.47163672227745923, 0.5709512764614212, 0.5165637604425151], "tmeasure0_r": [0.42830247309702246, 0.5820755315536436, 0.4934873652161211], "tmeasure1_f": [0.5380898308658059, 0.5661257139246249, 0.5517518587592427], "tmeasure0_f": [0.5402922611769867, 0.5790244778842307, 0.5589882354395581]}