{"orig_r": [0.2779713887665133, 0.5836424614545775, 0.3765861134010445], "orig_f": [0.532147187384809, 0.5743167593154226, 0.5524283896445127], "tmeasure1_r": [0.34665440837231337, 0.5804978659682706, 0.43408650306497515], "tmeasure0_r": [0.2779713887665133, 0.5836424614545775, 0.3765861134010445], "tmeasure1_f": [0.5320064171676427, 0.5625330540509004, 0.5468440426197055], "tmeasure0_f": [0.532147187384809, 0.5743167593154226, 0.5524283896445127]}