{"orig_r": [0.7029757185995749, 0.5512777451179561, 0.6179530377753453], "orig_f": [0.70760832584487, 0.5029688483235316, 0.5879921616047703], "tmeasure1_r": [0.34770106446956445, 0.5413777376634149, 0.42344416538577934], "tmeasure0_r": [0.7029757185995749, 0.5512777451179561, 0.6179530377753453], "tmeasure1_f": [0.7212309458788195, 0.495671905585962, 0.5875471766394601], "tmeasure0_f": [0.70760832584487, 0.5029688483235316, 0.5879921616047703]}