{"orig_r": [0.1336985155833864, 0.567852286450462, 0.21643766224472413], "orig_f": [0.713812157876483, 0.5838317086243203, 0.6423120896700699], "tmeasure1_r": [0.3047106982833265, 0.5594922563367183, 0.3945445342464259], "tmeasure0_r": [0.1336985155833864, 0.567852286450462, 0.21643766224472413], "tmeasure1_f": [0.7165088508620786, 0.5751827572701164, 0.6381144444272261], "tmeasure0_f": [0.713812157876483, 0.5838317086243203, 0.6423120896700699]}