{"orig_r": [0.1502364469153678, 0.5218908714516739, 0.2333100532052684], "orig_f": [0.6591764489494845, 0.7446633147392893, 0.6993170191774393], "tmeasure1_r": [0.3228849163123434, 0.5218908714516739, 0.398947727417401], "tmeasure0_r": [0.1502364469153678, 0.5218908714516739, 0.2333100532052684], "tmeasure1_f": [0.6630479161422668, 0.7347858283554115, 0.697076049594157], "tmeasure0_f": [0.6591764489494845, 0.7446633147392893, 0.6993170191774393]}