{"orig_r": [0.17176004315454022, 0.4417096820458043, 0.24734089045776103], "orig_f": [0.5918698645852761, 0.47948816328661714, 0.5297847906892752], "tmeasure1_r": [0.1460970432393976, 0.43495414341036864, 0.2187260460248656], "tmeasure0_r": [0.17176004315454022, 0.4417096820458043, 0.24734089045776103], "tmeasure1_f": [0.5916128613924793, 0.4726246086239908, 0.5254669281062103], "tmeasure0_f": [0.5918698645852761, 0.47948816328661714, 0.5297847906892752]}