{"orig_r": [0.3770982697861699, 0.6968125390916048, 0.4893642948455664], "orig_f": [0.7478717147191836, 0.7382141608979518, 0.7430115572715005], "tmeasure1_r": [0.302488495179694, 0.6894292061670436, 0.4204873102340184], "tmeasure0_r": [0.3770982697861699, 0.6968125390916048, 0.4893642948455664], "tmeasure1_f": [0.7511889599790249, 0.7289489546497444, 0.739901872263675], "tmeasure0_f": [0.7478717147191836, 0.7382141608979518, 0.7430115572715005]}