{"orig_r": [0.4753767059571238, 0.6996835856403423, 0.5661212118772141], "orig_f": [0.8058030610463028, 0.7744005986717701, 0.789789808482197], "tmeasure1_r": [0.4076656098086777, 0.6927513200538981, 0.513279797268854], "tmeasure0_r": [0.4753767059571238, 0.6996835856403423, 0.5661212118772141], "tmeasure1_f": [0.8130466535369905, 0.7670313302510748, 0.7893689585163031], "tmeasure0_f": [0.8058030610463028, 0.7744005986717701, 0.789789808482197]}