{"orig_r": [0.5163753720777814, 0.5933039118511829, 0.5521731056429631], "orig_f": [0.6446849302734293, 0.6296608708985341, 0.6370843365714526], "tmeasure1_r": [0.4657624249876655, 0.5878808967115157, 0.5197448252501777], "tmeasure0_r": [0.5163753720777814, 0.5933039118511829, 0.5521731056429631], "tmeasure1_f": [0.6451627888116003, 0.6232339854595024, 0.6340088279904126], "tmeasure0_f": [0.6446849302734293, 0.6296608708985341, 0.6370843365714526]}