{"orig_r": [0.6696189793929934, 0.5875830274788849, 0.6259244656283043], "orig_f": [0.6400189201511826, 0.631606776507437, 0.6357850240407361], "tmeasure1_r": [0.6675200693724992, 0.5827931209192515, 0.6222858520992776], "tmeasure0_r": [0.6696189793929934, 0.5875830274788849, 0.6259244656283043], "tmeasure1_f": [0.6413392889430382, 0.6262939323634981, 0.6337273250654495], "tmeasure0_f": [0.6400189201511826, 0.631606776507437, 0.6357850240407361]}