{"orig_r": [0.3360965343229432, 0.4134395466021452, 0.37077761111520857], "orig_f": [0.554558127433315, 0.4518406005141014, 0.4979574603209093], "tmeasure1_r": [0.3013950144770529, 0.4110301115408173, 0.3477766908946496], "tmeasure0_r": [0.3360965343229432, 0.4134395466021452, 0.37077761111520857], "tmeasure1_f": [0.5585969036137796, 0.4490220230694767, 0.4978515291820247], "tmeasure0_f": [0.554558127433315, 0.4518406005141014, 0.4979574603209093]}