{"orig_r": [0.45408037605076246, 0.5504835371006986, 0.49765628301790543], "orig_f": [0.6232776898392838, 0.5782328163894174, 0.5999108823770181], "tmeasure1_r": [0.4971735539680647, 0.5494108013350305, 0.5219885416862998], "tmeasure0_r": [0.45408037605076246, 0.5504835371006986, 0.49765628301790543], "tmeasure1_f": [0.6299157875609043, 0.5745743375483272, 0.6009737046473781], "tmeasure0_f": [0.6232776898392838, 0.5782328163894174, 0.5999108823770181]}