{"orig_r": [0.45605321134535504, 0.5739134121559714, 0.5082398762751053], "orig_f": [0.46773535078618006, 0.5860509703948865, 0.5202511186689307], "tmeasure1_r": [0.6022252203364197, 0.5682890551603311, 0.5847651901784194], "tmeasure0_r": [0.45605321134535504, 0.5739134121559714, 0.5082398762751053], "tmeasure1_f": [0.4688283676817798, 0.5815625582743442, 0.5191458116461105], "tmeasure0_f": [0.46773535078618006, 0.5860509703948865, 0.5202511186689307]}