{"orig_r": [0.31029943628744416, 0.39453257968467015, 0.34738273602494185], "orig_f": [0.5420866252258986, 0.4315277546294157, 0.480529928559873], "tmeasure1_r": [0.20696867354748982, 0.38749689149220923, 0.269821238949517], "tmeasure0_r": [0.31029943628744416, 0.39453257968467015, 0.34738273602494185], "tmeasure1_f": [0.5449878540982575, 0.42429176241667593, 0.47712518280831784], "tmeasure0_f": [0.5420866252258986, 0.4315277546294157, 0.480529928559873]}