{"orig_r": [0.43015257391458445, 0.40534266168031424, 0.4173792543892284], "orig_f": [0.4784389038495635, 0.4275000128514298, 0.4515373691840611], "tmeasure1_r": [0.42231883493565825, 0.3971535688809693, 0.40934980047938596], "tmeasure0_r": [0.43015257391458445, 0.40534266168031424, 0.4173792543892284], "tmeasure1_f": [0.4812282425253791, 0.4193512938165183, 0.44816404988232805], "tmeasure0_f": [0.4784389038495635, 0.4275000128514298, 0.4515373691840611]}