{"orig_r": [0.33544830609281856, 0.4130835835657084, 0.370239906398862], "orig_f": [0.5077327883994612, 0.4561444224235523, 0.4805580563777808], "tmeasure1_r": [0.3334579266477064, 0.4071364755242859, 0.366632220262054], "tmeasure0_r": [0.33544830609281856, 0.4130835835657084, 0.370239906398862], "tmeasure1_f": [0.511115266579701, 0.44888878483738326, 0.47798529722478666], "tmeasure0_f": [0.5077327883994612, 0.4561444224235523, 0.4805580563777808]}