{"orig_r": [0.18710339866109105, 0.4385092343110485, 0.26229191598668905], "orig_f": [0.39377400435009063, 0.4759194792255731, 0.43096728358218034], "tmeasure1_r": [0.18026262964556866, 0.4385092343110485, 0.25549586949647246], "tmeasure0_r": [0.18710339866109105, 0.4385092343110485, 0.26229191598668905], "tmeasure1_f": [0.39431313834231313, 0.4754230933096296, 0.4310860353771067], "tmeasure0_f": [0.39377400435009063, 0.4759194792255731, 0.43096728358218034]}