{"orig_r": [0.28067120158844777, 0.6391993902478386, 0.3900654342201071], "orig_f": [0.6504793513585062, 0.6293327487527348, 0.6397313451900675], "tmeasure1_r": [0.30488922829411363, 0.6390285877873672, 0.41281757726998825], "tmeasure0_r": [0.28067120158844777, 0.6391993902478386, 0.3900654342201071], "tmeasure1_f": [0.651811727913911, 0.6291704739779295, 0.6402910098052952], "tmeasure0_f": [0.6504793513585062, 0.6293327487527348, 0.6397313451900675]}