{"orig_r": [0.4124486067782933, 0.5643475103476808, 0.47658736618765773], "orig_f": [0.4925718781110843, 0.6133883410637576, 0.5463810396266202], "tmeasure1_r": [0.4312397546703712, 0.5602242718294717, 0.4873418925687406], "tmeasure0_r": [0.4124486067782933, 0.5643475103476808, 0.47658736618765773], "tmeasure1_f": [0.49578846383131414, 0.6064513362103824, 0.5455647244035631], "tmeasure0_f": [0.4925718781110843, 0.6133883410637576, 0.5463810396266202]}