{"orig_r": [0.3512701701163655, 0.5867455727575993, 0.4394515096859721], "orig_f": [0.5274985334063994, 0.6604371986660336, 0.5865294633331587], "tmeasure1_r": [0.35531247253827475, 0.5743149882892846, 0.43901732060109233], "tmeasure0_r": [0.3512701701163655, 0.5867455727575993, 0.4394515096859721], "tmeasure1_f": [0.5309561811794322, 0.6490011443795026, 0.5840739520602449], "tmeasure0_f": [0.5274985334063994, 0.6604371986660336, 0.5865294633331587]}