{"orig_r": [0.3549709050168893, 0.5055203206402948, 0.4170757362111758], "orig_f": [0.6337436352232628, 0.547169080311359, 0.5872828998734304], "tmeasure1_r": [0.30678740690894146, 0.49870982767894295, 0.37988434538054267], "tmeasure0_r": [0.3549709050168893, 0.5055203206402948, 0.4170757362111758], "tmeasure1_f": [0.6563787879938414, 0.5398812101121131, 0.592457450579486], "tmeasure0_f": [0.6337436352232628, 0.547169080311359, 0.5872828998734304]}