{"orig_r": [0.348093837713368, 0.5062534738307968, 0.41253413495964736], "orig_f": [0.6347262637359082, 0.5481963681065524, 0.588296517718847], "tmeasure1_r": [0.30992081354285456, 0.4997132751658559, 0.3825716998269473], "tmeasure0_r": [0.348093837713368, 0.5062534738307968, 0.41253413495964736], "tmeasure1_f": [0.6591394261193436, 0.5415548891527051, 0.5945896042113934], "tmeasure0_f": [0.6347262637359082, 0.5481963681065524, 0.588296517718847]}