{"orig_r": [0.5055983767701109, 0.5347107170667467, 0.5197472024269848], "orig_f": [0.5654581682283588, 0.5537390500827627, 0.5595372536911871], "tmeasure1_r": [0.586330188873859, 0.5306792613060484, 0.5571184227007219], "tmeasure0_r": [0.5055983767701109, 0.5347107170667467, 0.5197472024269848], "tmeasure1_f": [0.5674388153066953, 0.5498789389604207, 0.5585208907567557], "tmeasure0_f": [0.5654581682283588, 0.5537390500827627, 0.5595372536911871]}