{"orig_r": [0.5559106885710478, 0.5788055431649639, 0.5671271443033906], "orig_f": [0.613800816784404, 0.6016869026307751, 0.6076834942617783], "tmeasure1_r": [0.6509205364664722, 0.5746387640590511, 0.6104056693386553], "tmeasure0_r": [0.5559106885710478, 0.5788055431649639, 0.5671271443033906], "tmeasure1_f": [0.6160596465137399, 0.5976186592545333, 0.6066990539759342], "tmeasure0_f": [0.613800816784404, 0.6016869026307751, 0.6076834942617783]}