{"orig_r": [0.193379390417381, 0.5025518715381492, 0.27928957896813444], "orig_f": [0.6270031593799718, 0.5227004474425674, 0.5701205597877222], "tmeasure1_r": [0.0, 0.49182550354040017, 0.0], "tmeasure0_r": [0.193379390417381, 0.5025518715381492, 0.27928957896813444], "tmeasure1_f": [0.6307049398529527, 0.5116969693348166, 0.5650022179964839], "tmeasure0_f": [0.6270031593799718, 0.5227004474425674, 0.5701205597877222]}