{"orig_r": [0.2184706792715357, 0.5812837257294475, 0.3175811214430143], "orig_f": [0.6357060497190901, 0.5693555379428457, 0.6007041691762434], "tmeasure1_r": [0.2482537389235279, 0.5715591872843621, 0.3461563015742316], "tmeasure0_r": [0.2184706792715357, 0.5812837257294475, 0.3175811214430143], "tmeasure1_f": [0.6390198553498594, 0.560752980138954, 0.5973335579137439], "tmeasure0_f": [0.6357060497190901, 0.5693555379428457, 0.6007041691762434]}