{"orig_r": [0.337779552422667, 0.5713463929903274, 0.42455972107342643], "orig_f": [0.6522132397927685, 0.5797752532525563, 0.6138646560582947], "tmeasure1_r": [0.32930765442221926, 0.5626567880306144, 0.4154586848811504], "tmeasure0_r": [0.337779552422667, 0.5713463929903274, 0.42455972107342643], "tmeasure1_f": [0.6539306588778758, 0.5709097040830634, 0.6096065581122863], "tmeasure0_f": [0.6522132397927685, 0.5797752532525563, 0.6138646560582947]}