{"orig_r": [0.49015965365572506, 0.3331311080520171, 0.3966701343909641], "orig_f": [0.7380652025746426, 0.43593787844644116, 0.5481256118777669], "tmeasure1_r": [0.24166140520290252, 0.3266588662639391, 0.2778040643863829], "tmeasure0_r": [0.49015965365572506, 0.3331311080520171, 0.3966701343909641], "tmeasure1_f": [0.7507979564926409, 0.42768871764064004, 0.5449494207572769], "tmeasure0_f": [0.7380652025746426, 0.43593787844644116, 0.5481256118777669]}