{"orig_r": [0.457174685400961, 0.3181835141249086, 0.37522127981307024], "orig_f": [0.6993139899700287, 0.3581111859592928, 0.47366408140604155], "tmeasure1_r": [0.22718389930790608, 0.312183727986236, 0.26298618246776656], "tmeasure0_r": [0.457174685400961, 0.3181835141249086, 0.37522127981307024], "tmeasure1_f": [0.7060256487051311, 0.3510754055263802, 0.46895845943768205], "tmeasure0_f": [0.6993139899700287, 0.3581111859592928, 0.47366408140604155]}