{"orig_r": [0.35077135541795196, 0.3826716060086346, 0.3660277485205615], "orig_f": [0.5844256660943559, 0.3971272335067796, 0.4729064486707161], "tmeasure1_r": [0.253968985072924, 0.3699628818434798, 0.3011838394496737], "tmeasure0_r": [0.35077135541795196, 0.3826716060086346, 0.3660277485205615], "tmeasure1_f": [0.594113372135737, 0.3839011208778284, 0.4664159705622118], "tmeasure0_f": [0.5844256660943559, 0.3971272335067796, 0.4729064486707161]}