{"orig_r": [0.458683297654534, 0.33103251449001764, 0.3845410793151514], "orig_f": [0.5924619920075631, 0.3557507322437689, 0.44456013316992027], "tmeasure1_r": [0.48112800904547776, 0.3209900857786626, 0.3850737737761284], "tmeasure0_r": [0.458683297654534, 0.33103251449001764, 0.3845410793151514], "tmeasure1_f": [0.5991560022572255, 0.34519385280226766, 0.4380261568118652], "tmeasure0_f": [0.5924619920075631, 0.3557507322437689, 0.44456013316992027]}