{"orig_r": [0.3689542211229322, 0.574802612103959, 0.449429010909757], "orig_f": [0.7310574090946841, 0.694249534402394, 0.7121781988097714], "tmeasure1_r": [0.055871429275790044, 0.5675143521066974, 0.10172781906063509], "tmeasure0_r": [0.3689542211229322, 0.574802612103959, 0.449429010909757], "tmeasure1_f": [0.7356913098381943, 0.6869525564736161, 0.7104870558771342], "tmeasure0_f": [0.7310574090946841, 0.694249534402394, 0.7121781988097714]}