{"orig_r": [0.26112922218565626, 0.6425804219994155, 0.37135052584229117], "orig_f": [0.802344474266496, 0.7657188362470513, 0.7836039182670305], "tmeasure1_r": [0.05971835882764602, 0.6348602254260527, 0.10916780795402524], "tmeasure0_r": [0.26112922218565626, 0.6425804219994155, 0.37135052584229117], "tmeasure1_f": [0.8095694178601438, 0.7594316165958299, 0.7836994345453067], "tmeasure0_f": [0.802344474266496, 0.7657188362470513, 0.7836039182670305]}