{"orig_r": [0.3420877573036092, 0.2805908238644875, 0.30830251291351946], "orig_f": [0.4991620033240931, 0.3263949590056464, 0.3947007149025036], "tmeasure1_r": [0.47173921493781507, 0.2806007767110651, 0.35188981467409947], "tmeasure0_r": [0.3420877573036092, 0.2805908238644875, 0.30830251291351946], "tmeasure1_f": [0.4992636607591017, 0.3230056685328507, 0.3922437254385145], "tmeasure0_f": [0.4991620033240931, 0.3263949590056464, 0.3947007149025036]}