{"orig_r": [0.35932737233206985, 0.2834689669438168, 0.31692202586079377], "orig_f": [0.4928816511735082, 0.3282200611598581, 0.39404045385076675], "tmeasure1_r": [0.4600014535665728, 0.28060192622607943, 0.34857333212201846], "tmeasure0_r": [0.35932737233206985, 0.2834689669438168, 0.31692202586079377], "tmeasure1_f": [0.49791144402729226, 0.3269648974761516, 0.39472477523567456], "tmeasure0_f": [0.4928816511735082, 0.3282200611598581, 0.39404045385076675]}