{"orig_r": [0.0, 0.34902756942987084, 0.0], "orig_f": [0.4926256731609388, 0.31523840186638413, 0.3844570757038646], "tmeasure1_r": [0.0, 0.34902756942987084, 0.0], "tmeasure0_r": [0.0, 0.34902756942987084, 0.0], "tmeasure1_f": [0.49351373742982363, 0.3158736873835384, 0.38519996539935425], "tmeasure0_f": [0.4926256731609388, 0.31523840186638413, 0.3844570757038646]}