{"orig_r": [0.3121093541179022, 0.5009138334539495, 0.3845890139860689], "orig_f": [0.6086016136677084, 0.5241340206158622, 0.5632184616964236], "tmeasure1_r": [0.29123399507662706, 0.494743336964318, 0.36664181697839127], "tmeasure0_r": [0.3121093541179022, 0.5009138334539495, 0.3845890139860689], "tmeasure1_f": [0.6142578051215757, 0.518340428831345, 0.5622375959540002], "tmeasure0_f": [0.6086016136677084, 0.5241340206158622, 0.5632184616964236]}