{"orig_r": [0.09869539959545279, 0.4615580693896339, 0.16261803136154515], "orig_f": [0.5718315415271267, 0.5447595119280173, 0.557967342660385], "tmeasure1_r": [0.29181152271103034, 0.44963742121797184, 0.35392694703478145], "tmeasure0_r": [0.09869539959545279, 0.4615580693896339, 0.16261803136154515], "tmeasure1_f": [0.5749608020704352, 0.5335296329859898, 0.5534709475311889], "tmeasure0_f": [0.5718315415271267, 0.5447595119280173, 0.557967342660385]}