{"orig_r": [0.48327522505819837, 0.6923423995646556, 0.5692189738551791], "orig_f": [0.48426397270225735, 0.6912232379463453, 0.5695247182609793], "tmeasure1_r": [0.48327522505819837, 0.6922308304469358, 0.5691812625035096], "tmeasure0_r": [0.48327522505819837, 0.6923423995646556, 0.5692189738551791], "tmeasure1_f": [0.4848416536928152, 0.6911135751596045, 0.5698867447478111], "tmeasure0_f": [0.48426397270225735, 0.6912232379463453, 0.5695247182609793]}