{"orig_r": [0.44320628280753693, 0.5466548090889427, 0.48952494021355464], "orig_f": [0.3227350329051187, 0.5744487366446608, 0.4132815109135386], "tmeasure1_r": [0.44320628280753693, 0.5466548090889427, 0.48952494021355464], "tmeasure0_r": [0.44320628280753693, 0.5466548090889427, 0.48952494021355464], "tmeasure1_f": [0.3232469712084585, 0.5744039533094855, 0.4136894043910593], "tmeasure0_f": [0.3227350329051187, 0.5744487366446608, 0.4132815109135386]}