{"orig_r": [0.2927478891597657, 0.6005624369565987, 0.3936221950820421], "orig_f": [0.6117962496425698, 0.6304311146719912, 0.6209739097594731], "tmeasure1_r": [0.2980624260059161, 0.5934240273144926, 0.39681456644184643], "tmeasure0_r": [0.2927478891597657, 0.6005624369565987, 0.3936221950820421], "tmeasure1_f": [0.6174855506319746, 0.6232231370256246, 0.6203410772586724], "tmeasure0_f": [0.6117962496425698, 0.6304311146719912, 0.6209739097594731]}