{"orig_r": [0.39689168050219087, 0.3443051630530868, 0.36873296468518785], "orig_f": [0.6327925939029618, 0.363340969415659, 0.46162378816305405], "tmeasure1_r": [0.6645817415064657, 0.3416573612524522, 0.4513027639595892], "tmeasure0_r": [0.39689168050219087, 0.3443051630530868, 0.36873296468518785], "tmeasure1_f": [0.6352924849212176, 0.36091645709066955, 0.46032012603909656], "tmeasure0_f": [0.6327925939029618, 0.363340969415659, 0.46162378816305405]}