{"orig_r": [0.1679539850920997, 0.4512066397506963, 0.24478931703832352], "orig_f": [0.5802354660747071, 0.48460393973624544, 0.5281254455837072], "tmeasure1_r": [0.16257287736929543, 0.4442929530979106, 0.23804267814657237], "tmeasure0_r": [0.1679539850920997, 0.4512066397506963, 0.24478931703832352], "tmeasure1_f": [0.5964038163889402, 0.47754472001685855, 0.5303969116948919], "tmeasure0_f": [0.5802354660747071, 0.48460393973624544, 0.5281254455837072]}