{"orig_r": [0.41059941906109854, 0.439929137479062, 0.4247585736844656], "orig_f": [0.7020336370360282, 0.5232327636345736, 0.5995871589553914], "tmeasure1_r": [0.38251704740984044, 0.43233011247461045, 0.4059009990379127], "tmeasure0_r": [0.41059941906109854, 0.439929137479062, 0.4247585736844656], "tmeasure1_f": [0.7191940039743437, 0.5157257363727965, 0.6006979161096011], "tmeasure0_f": [0.7020336370360282, 0.5232327636345736, 0.5995871589553914]}