{"orig_r": [0.3026981171463055, 0.3687352949102922, 0.33246924412908024], "orig_f": [0.6520667939455107, 0.5042442029770791, 0.5687066916702257], "tmeasure1_r": [0.0, 0.3722829937231327, 0.0], "tmeasure0_r": [0.3026981171463055, 0.3687352949102922, 0.33246924412908024], "tmeasure1_f": [0.6593077940414399, 0.4982473258412909, 0.5675727049969723], "tmeasure0_f": [0.6520667939455107, 0.5042442029770791, 0.5687066916702257]}