{"orig_r": [0.19866440926592155, 0.25459451480202405, 0.2231787007370914], "orig_f": [0.4250434099626263, 0.433125034801566, 0.4290461688621632], "tmeasure1_r": [0.0, 0.2540837177541906, 0.0], "tmeasure0_r": [0.19866440926592155, 0.25459451480202405, 0.2231787007370914], "tmeasure1_f": [0.42938869457551954, 0.42526221299783307, 0.42731549191214946], "tmeasure0_f": [0.4250434099626263, 0.433125034801566, 0.4290461688621632]}