{"orig_r": [0.18422674107703377, 0.0, 0.0], "orig_f": [0.4251102203373049, 0.6255460745332336, 0.5062093681335178], "tmeasure1_r": [0.1803877588147657, 0.0, 0.0], "tmeasure0_r": [0.18422674107703377, 0.0, 0.0], "tmeasure1_f": [0.425040132113022, 0.6253451587626438, 0.5060938899384783], "tmeasure0_f": [0.4251102203373049, 0.6255460745332336, 0.5062093681335178]}