{"orig_r": [0.2727429882597307, 0.0, 0.0], "orig_f": [0.5041713793604486, 0.6232641461606463, 0.5574277857361093], "tmeasure1_r": [0.28193375913850655, 0.0, 0.0], "tmeasure0_r": [0.2727429882597307, 0.0, 0.0], "tmeasure1_f": [0.5042696053935616, 0.6232641461606463, 0.5574878172953284], "tmeasure0_f": [0.5041713793604486, 0.6232641461606463, 0.5574277857361093]}