{"orig_r": [0.14409262101418233, 0.47655256089064724, 0.22127846812249538], "orig_f": [0.3142555220548273, 0.45195866897365644, 0.3707331686845287], "tmeasure1_r": [0.09680134680134674, 0.480717662850637, 0.16115181116957208], "tmeasure0_r": [0.14409262101418233, 0.47655256089064724, 0.22127846812249538], "tmeasure1_f": [0.31890579336262115, 0.455815173559627, 0.3752631095766959], "tmeasure0_f": [0.3142555220548273, 0.45195866897365644, 0.3707331686845287]}