{"orig_r": [0.2026762232289437, 0.5559144712268589, 0.29705253779154955], "orig_f": [0.48984238086598675, 0.5281754618591027, 0.508287212450994], "tmeasure1_r": [0.1820486612153277, 0.5513200806463886, 0.27371519088204255], "tmeasure0_r": [0.2026762232289437, 0.5559144712268589, 0.29705253779154955], "tmeasure1_f": [0.49032803450446555, 0.5257368799307237, 0.5074154758040018], "tmeasure0_f": [0.48984238086598675, 0.5281754618591027, 0.508287212450994]}