{"orig_r": [0.21145674599586886, 0.45440615111040383, 0.288609701762606], "orig_f": [0.48841345196645053, 0.4987191980631119, 0.4935125285961308], "tmeasure1_r": [0.21305609729357514, 0.4498504111692764, 0.28916105588366564], "tmeasure0_r": [0.21145674599586886, 0.45440615111040383, 0.288609701762606], "tmeasure1_f": [0.4916444933009675, 0.4948684254568397, 0.49325119146079116], "tmeasure0_f": [0.48841345196645053, 0.4987191980631119, 0.4935125285961308]}