{"orig_r": [0.28200390967738037, 0.4272583848888793, 0.3397573391513507], "orig_f": [0.5420942915493052, 0.47650075105874135, 0.5071855374566098], "tmeasure1_r": [0.28064306745088824, 0.42234173148320364, 0.337211499354421], "tmeasure0_r": [0.28200390967738037, 0.4272583848888793, 0.3397573391513507], "tmeasure1_f": [0.5436320337502359, 0.4718274727164813, 0.5051910527965534], "tmeasure0_f": [0.5420942915493052, 0.47650075105874135, 0.5071855374566098]}