{"orig_r": [0.3816890263758765, 0.4328352013556796, 0.4056563106704882], "orig_f": [0.5664947812937791, 0.46880196366220794, 0.5130391207521992], "tmeasure1_r": [0.37619886050415996, 0.43060087260764085, 0.40156571936952723], "tmeasure0_r": [0.3816890263758765, 0.4328352013556796, 0.4056563106704882], "tmeasure1_f": [0.5720841094545683, 0.4671142906763021, 0.5142976797527815], "tmeasure0_f": [0.5664947812937791, 0.46880196366220794, 0.5130391207521992]}