{"orig_r": [0.31349551177002827, 0.38727932468626264, 0.3465031099130898], "orig_f": [0.5482143083454734, 0.4564340389350585, 0.4981318520802643], "tmeasure1_r": [0.3085891777109856, 0.3868178100900779, 0.34330339508699076], "tmeasure0_r": [0.31349551177002827, 0.38727932468626264, 0.3465031099130898], "tmeasure1_f": [0.5534599581476167, 0.45506470337980404, 0.49946243516861416], "tmeasure0_f": [0.5482143083454734, 0.4564340389350585, 0.4981318520802643]}