{"orig_r": [0.2696262411762037, 0.6046350615669142, 0.372944515380274], "orig_f": [0.45948365935980856, 0.5512617796401206, 0.5012058823136787], "tmeasure1_r": [0.3479670104035658, 0.6018217663679524, 0.4409698786938318], "tmeasure0_r": [0.2696262411762037, 0.6046350615669142, 0.372944515380274], "tmeasure1_f": [0.46340885372541907, 0.5457966516187932, 0.5012398354041289], "tmeasure0_f": [0.45948365935980856, 0.5512617796401206, 0.5012058823136787]}