{"orig_r": [0.19265256238154535, 0.616140223691542, 0.29352633931576033], "orig_f": [0.42369786499899065, 0.573865369633853, 0.4874789356089504], "tmeasure1_r": [0.233336492081206, 0.6187579275983761, 0.3388798258473128], "tmeasure0_r": [0.19265256238154535, 0.616140223691542, 0.29352633931576033], "tmeasure1_f": [0.43148027718735416, 0.5763034666162039, 0.4934859905183456], "tmeasure0_f": [0.42369786499899065, 0.573865369633853, 0.4874789356089504]}