{"orig_r": [0.24711195126952018, 0.821849212532175, 0.3799740709678761], "orig_f": [0.5792117718551159, 0.8157838717308381, 0.6774381324681621], "tmeasure1_r": [0.20967933201202243, 0.8217144457852146, 0.33410427676779136], "tmeasure0_r": [0.24711195126952018, 0.821849212532175, 0.3799740709678761], "tmeasure1_f": [0.5885694662266148, 0.8155056000166769, 0.6836980546785976], "tmeasure0_f": [0.5792117718551159, 0.8157838717308381, 0.6774381324681621]}