{"orig_r": [0.5823234748190792, 0.6514816685880037, 0.614964317599586], "orig_f": [0.6524120667536697, 0.6920913391081337, 0.6716661913406315], "tmeasure1_r": [0.7049088392727778, 0.6505391524643453, 0.6766335582930635], "tmeasure0_r": [0.5823234748190792, 0.6514816685880037, 0.614964317599586], "tmeasure1_f": [0.6567876896598867, 0.6886779174673439, 0.6723548724503172], "tmeasure0_f": [0.6524120667536697, 0.6920913391081337, 0.6716661913406315]}