{"orig_r": [0.2356240743873872, 0.5537470617738164, 0.3305824925641701], "orig_f": [0.41443423250866657, 0.5901208824406866, 0.4869146378573232], "tmeasure1_r": [0.3566860915653158, 0.5566417036710348, 0.43477567357577324], "tmeasure0_r": [0.2356240743873872, 0.5537470617738164, 0.3305824925641701], "tmeasure1_f": [0.4189263991951302, 0.5863790194690455, 0.4887065097413906], "tmeasure0_f": [0.41443423250866657, 0.5901208824406866, 0.4869146378573232]}