{"orig_r": [0.4481929884709443, 0.4735318853253245, 0.46051414441300675], "orig_f": [0.5449457087804659, 0.5275799232566707, 0.5361222270676611], "tmeasure1_r": [0.4411539632670136, 0.4718351359676749, 0.45597902628903897], "tmeasure0_r": [0.4481929884709443, 0.4735318853253245, 0.46051414441300675], "tmeasure1_f": [0.5479744250929803, 0.5245620620126742, 0.5360127097077815], "tmeasure0_f": [0.5449457087804659, 0.5275799232566707, 0.5361222270676611]}