{"orig_r": [0.44820849876971336, 0.5324260289012416, 0.4867009357431452], "orig_f": [0.5362657161945766, 0.5920157540251302, 0.5627633896512317], "tmeasure1_r": [0.36313397393192864, 0.5322863113012514, 0.43173300109468776], "tmeasure0_r": [0.44820849876971336, 0.5324260289012416, 0.4867009357431452], "tmeasure1_f": [0.5398517260142607, 0.5886939881877626, 0.5632159364356791], "tmeasure0_f": [0.5362657161945766, 0.5920157540251302, 0.5627633896512317]}