{"orig_r": [0.4891685740173238, 0.41170145528579, 0.44710425977606844], "orig_f": [0.4216999572923948, 0.44113507686955833, 0.4311986317448326], "tmeasure1_r": [0.6046572594924265, 0.4108054905762279, 0.48922823037963725], "tmeasure0_r": [0.4891685740173238, 0.41170145528579, 0.44710425977606844], "tmeasure1_f": [0.42845145529146655, 0.4403638942157655, 0.4343260082630288], "tmeasure0_f": [0.4216999572923948, 0.44113507686955833, 0.4311986317448326]}