{"orig_r": [0.43257979616602826, 0.0, 0.0], "orig_f": [0.36079044427931606, 0.471941969358613, 0.408948060650329], "tmeasure1_r": [0.519317926671599, 0.0, 0.0], "tmeasure0_r": [0.43257979616602826, 0.0, 0.0], "tmeasure1_f": [0.36572635659228947, 0.47338933793263976, 0.4126509823171873], "tmeasure0_f": [0.36079044427931606, 0.471941969358613, 0.408948060650329]}