{"orig_r": [0.4388349133412094, 0.0, 0.0], "orig_f": [0.3673009217425546, 0.5173722031976832, 0.42960791225871686], "tmeasure1_r": [0.5258746696107631, 0.0, 0.0], "tmeasure0_r": [0.4388349133412094, 0.0, 0.0], "tmeasure1_f": [0.3732261345688696, 0.5188861002792907, 0.4341647741704075], "tmeasure0_f": [0.3673009217425546, 0.5173722031976832, 0.42960791225871686]}