{"orig_r": [0.25976712551367537, 0.48303098763629676, 0.337845691772722], "orig_f": [0.49506340408891075, 0.4749437074755683, 0.484794896388413], "tmeasure1_r": [0.27984801424141326, 0.47484861029471676, 0.3521559162609174], "tmeasure0_r": [0.25976712551367537, 0.48303098763629676, 0.337845691772722], "tmeasure1_f": [0.49520141724572964, 0.4684863160783738, 0.4814735721124261], "tmeasure0_f": [0.49506340408891075, 0.4749437074755683, 0.484794896388413]}