{"orig_r": [0.16604489866122366, 0.46964927672391144, 0.24534711683552227], "orig_f": [0.5058727782084326, 0.4352079263893383, 0.46788727416317505], "tmeasure1_r": [0.20610667201640526, 0.458684950586543, 0.28441401923581466], "tmeasure0_r": [0.16604489866122366, 0.46964927672391144, 0.24534711683552227], "tmeasure1_f": [0.5078597826077783, 0.4271652681251698, 0.46403047712483625], "tmeasure0_f": [0.5058727782084326, 0.4352079263893383, 0.46788727416317505]}