{"orig_r": [0.14334213066669235, 0.44605161740756283, 0.216961884768649], "orig_f": [0.5054576824185613, 0.43121849272153806, 0.46539605838581943], "tmeasure1_r": [0.1705956778857794, 0.4378504347204594, 0.2455283719498747], "tmeasure0_r": [0.14334213066669235, 0.44605161740756283, 0.216961884768649], "tmeasure1_f": [0.5062964516171417, 0.42331131365343055, 0.4610998832819396], "tmeasure0_f": [0.5054576824185613, 0.43121849272153806, 0.46539605838581943]}