{"orig_r": [0.21300942262952452, 0.5120256244848503, 0.30085796011412513], "orig_f": [0.4250486713252434, 0.5117866402818521, 0.4644022887665114], "tmeasure1_r": [0.2029795606984841, 0.5121998224315554, 0.29074130882236227], "tmeasure0_r": [0.21300942262952452, 0.5120256244848503, 0.30085796011412513], "tmeasure1_f": [0.42703479198058625, 0.51155063680448, 0.46548755835279865], "tmeasure0_f": [0.4250486713252434, 0.5117866402818521, 0.4644022887665114]}