{"orig_r": [0.19206163881443522, 0.3026700103072991, 0.2350013317433751], "orig_f": [0.43681164200121936, 0.3155545394477763, 0.36641172853265996], "tmeasure1_r": [0.23984056017537767, 0.2990992492498824, 0.26621203419590783], "tmeasure0_r": [0.19206163881443522, 0.3026700103072991, 0.2350013317433751], "tmeasure1_f": [0.4374242990989757, 0.3119861375304122, 0.3642071443564029], "tmeasure0_f": [0.43681164200121936, 0.3155545394477763, 0.36641172853265996]}