{"orig_r": [0.23875905314182425, 0.5283466783145468, 0.32889221777945693], "orig_f": [0.3728070458907292, 0.5462919736462492, 0.44317639897271216], "tmeasure1_r": [0.2111471989363934, 0.5217765429336766, 0.3006360668029538], "tmeasure0_r": [0.23875905314182425, 0.5283466783145468, 0.32889221777945693], "tmeasure1_f": [0.37484104514282496, 0.5367175682495546, 0.4414061175517172], "tmeasure0_f": [0.3728070458907292, 0.5462919736462492, 0.44317639897271216]}