{"orig_r": [0.37536203447018357, 0.5131000055787058, 0.4335542843678216], "orig_f": [0.5328905567524824, 0.5677481014075125, 0.5497673548192493], "tmeasure1_r": [0.37097682359875933, 0.5142745189543577, 0.4310277055310314], "tmeasure0_r": [0.37536203447018357, 0.5131000055787058, 0.4335542843678216], "tmeasure1_f": [0.5408265548034572, 0.5662771065033037, 0.5532592968083283], "tmeasure0_f": [0.5328905567524824, 0.5677481014075125, 0.5497673548192493]}