{"orig_r": [0.19735658090327446, 0.40270426972495826, 0.2648942609898985], "orig_f": [0.38585377162687, 0.4647302381437018, 0.4216348135328062], "tmeasure1_r": [0.21401443776624365, 0.3975708789608571, 0.2782470599143107], "tmeasure0_r": [0.19735658090327446, 0.40270426972495826, 0.2648942609898985], "tmeasure1_f": [0.38646157869699244, 0.4621408722425646, 0.42092664443644795], "tmeasure0_f": [0.38585377162687, 0.4647302381437018, 0.4216348135328062]}