{"orig_r": [0.21559775773424858, 0.41693954890873397, 0.2842242849912681], "orig_f": [0.425376749424993, 0.47842936221591237, 0.4503459852896764], "tmeasure1_r": [0.24173804288101294, 0.4140767641419607, 0.3052633319475322], "tmeasure0_r": [0.21559775773424858, 0.41693954890873397, 0.2842242849912681], "tmeasure1_f": [0.4257584499924426, 0.4744052590348908, 0.4487673647123785], "tmeasure0_f": [0.425376749424993, 0.47842936221591237, 0.4503459852896764]}