{"orig_r": [0.1827374820758893, 0.5207714992445472, 0.27054231014995], "orig_f": [0.5774030097655404, 0.6031421484354375, 0.5899919870134916], "tmeasure1_r": [0.23361144366165892, 0.5069726020758273, 0.3198410825874667], "tmeasure0_r": [0.1827374820758893, 0.5207714992445472, 0.27054231014995], "tmeasure1_f": [0.5832198713310227, 0.5922014540047965, 0.5876763478117865], "tmeasure0_f": [0.5774030097655404, 0.6031421484354375, 0.5899919870134916]}