{"orig_r": [0.2939214880285911, 0.45329543002613765, 0.3566120201258184], "orig_f": [0.47155144385482667, 0.4798918787539934, 0.47568510481562387], "tmeasure1_r": [0.2809991774495232, 0.44673479799784815, 0.34499450351566696], "tmeasure0_r": [0.2939214880285911, 0.45329543002613765, 0.3566120201258184], "tmeasure1_f": [0.47325619279450654, 0.47298260229858563, 0.4731193579942894], "tmeasure0_f": [0.47155144385482667, 0.4798918787539934, 0.47568510481562387]}