{"orig_r": [0.2855559995883049, 0.6621540516525398, 0.3990293483824939], "orig_f": [0.6862223413519128, 0.6547477898914884, 0.6701156884944426], "tmeasure1_r": [0.18632377061151184, 0.6611452653394464, 0.29071759211064035], "tmeasure0_r": [0.2855559995883049, 0.6621540516525398, 0.3990293483824939], "tmeasure1_f": [0.692423537548058, 0.6519081563396739, 0.6715553219811934], "tmeasure0_f": [0.6862223413519128, 0.6547477898914884, 0.6701156884944426]}