{"orig_r": [0.32236359871369, 0.5325213372945793, 0.401610760586491], "orig_f": [0.727903965965348, 0.5929685182111392, 0.6535439889454353], "tmeasure1_r": [0.1942083338798633, 0.5282387695341512, 0.2840024434652236], "tmeasure0_r": [0.32236359871369, 0.5325213372945793, 0.401610760586491], "tmeasure1_f": [0.7333424755954735, 0.5880941211974572, 0.6527356662722554], "tmeasure0_f": [0.727903965965348, 0.5929685182111392, 0.6535439889454353]}