{"orig_r": [0.4579987308423959, 0.6752359256089328, 0.5457955158493053], "orig_f": [0.6540229418237646, 0.6960829848317643, 0.6743978120604054], "tmeasure1_r": [0.3027532911136426, 0.6699652168563898, 0.4170459853966019], "tmeasure0_r": [0.4579987308423959, 0.6752359256089328, 0.5457955158493053], "tmeasure1_f": [0.6575083943570778, 0.6899979737468953, 0.6733615076956021], "tmeasure0_f": [0.6540229418237646, 0.6960829848317643, 0.6743978120604054]}