{"orig_r": [0.30843977320042576, 0.3556613082798744, 0.33037167479832], "orig_f": [0.6898022871278198, 0.4184524163105424, 0.52090811422616], "tmeasure1_r": [0.2570934281957009, 0.35540870599083235, 0.298360568996659], "tmeasure0_r": [0.30843977320042576, 0.3556613082798744, 0.33037167479832], "tmeasure1_f": [0.6988003181685581, 0.4169131859240035, 0.5222470928310837], "tmeasure0_f": [0.6898022871278198, 0.4184524163105424, 0.52090811422616]}