{"orig_r": [0.36785321335263593, 0.41792984725564364, 0.3912958804430225], "orig_f": [0.6322488613241927, 0.4389451902829092, 0.5181555971557833], "tmeasure1_r": [0.4215048931315494, 0.416304804829639, 0.41888871111634324], "tmeasure0_r": [0.36785321335263593, 0.41792984725564364, 0.3912958804430225], "tmeasure1_f": [0.6420045060531808, 0.4369893288540318, 0.5200198724871664], "tmeasure0_f": [0.6322488613241927, 0.4389451902829092, 0.5181555971557833]}