{"orig_r": [0.4317726856517828, 0.5133305388569598, 0.4690325874288584], "orig_f": [0.5938838831743678, 0.5653208269052304, 0.5792504550792745], "tmeasure1_r": [0.49178766843514954, 0.5136790423687776, 0.5024950420657027], "tmeasure0_r": [0.4317726856517828, 0.5133305388569598, 0.4690325874288584], "tmeasure1_f": [0.5953571085755801, 0.5601238069339286, 0.5772032850814938], "tmeasure0_f": [0.5938838831743678, 0.5653208269052304, 0.5792504550792745]}