{"orig_r": [0.38792646178789136, 0.4804585458682482, 0.42926255541304337], "orig_f": [0.5718451225454173, 0.5553061850841388, 0.5634543140929072], "tmeasure1_r": [0.39914746143195434, 0.4776514950644194, 0.4348850561272975], "tmeasure0_r": [0.38792646178789136, 0.4804585458682482, 0.42926255541304337], "tmeasure1_f": [0.5728126881483362, 0.5497215301211938, 0.5610296101033964], "tmeasure0_f": [0.5718451225454173, 0.5553061850841388, 0.5634543140929072]}