{"orig_r": [0.3135554391980644, 0.3675081069340449, 0.3383947548888518], "orig_f": [0.407085047338436, 0.4006186430165372, 0.4038259604468894], "tmeasure1_r": [0.44948477469861153, 0.36040406585223816, 0.400045369756853], "tmeasure0_r": [0.3135554391980644, 0.3675081069340449, 0.3383947548888518], "tmeasure1_f": [0.4047696205433973, 0.393395143453166, 0.3990013343656924], "tmeasure0_f": [0.407085047338436, 0.4006186430165372, 0.4038259604468894]}