{"orig_r": [0.2929856803563994, 0.44815716662749466, 0.3543274630667957], "orig_f": [0.43889160604509314, 0.43868923166789375, 0.43879039552223936], "tmeasure1_r": [0.45377410619760145, 0.44563456691173725, 0.44966750563355035], "tmeasure0_r": [0.2929856803563994, 0.44815716662749466, 0.3543274630667957], "tmeasure1_f": [0.44091625721173644, 0.4351814207108048, 0.43803006916509307], "tmeasure0_f": [0.43889160604509314, 0.43868923166789375, 0.43879039552223936]}