{"orig_r": [0.4231665379895828, 0.4908879219002728, 0.4545185250263326], "orig_f": [0.5781771117447282, 0.526051824818574, 0.5508841774211389], "tmeasure1_r": [0.3769856821190606, 0.49041096516694904, 0.4262822845824737], "tmeasure0_r": [0.4231665379895828, 0.4908879219002728, 0.4545185250263326], "tmeasure1_f": [0.5930672902944312, 0.5259348435077635, 0.5574873239083779], "tmeasure0_f": [0.5781771117447282, 0.526051824818574, 0.5508841774211389]}