{"orig_r": [0.3822688185541761, 0.4213445437226433, 0.4008566519520386], "orig_f": [0.5614494799035624, 0.48851087308583824, 0.5224467282795542], "tmeasure1_r": [0.28860378914199514, 0.41685175490976106, 0.3410703820866735], "tmeasure0_r": [0.3822688185541761, 0.4213445437226433, 0.4008566519520386], "tmeasure1_f": [0.5679599397493681, 0.4854230844801504, 0.5234579625316366], "tmeasure0_f": [0.5614494799035624, 0.48851087308583824, 0.5224467282795542]}