{"orig_r": [0.5533009406956048, 0.4257854799177684, 0.48123945264288537], "orig_f": [0.4649532081724442, 0.46291821487485235, 0.46393347996568757], "tmeasure1_r": [0.6403299048219941, 0.4209535966846365, 0.5079682782534339], "tmeasure0_r": [0.5533009406956048, 0.4257854799177684, 0.48123945264288537], "tmeasure1_f": [0.46635898429023914, 0.4570565464916354, 0.4616609092648964], "tmeasure0_f": [0.4649532081724442, 0.46291821487485235, 0.46393347996568757]}