{"orig_r": [0.5449490445404526, 0.43864020882072285, 0.4860495615970358], "orig_f": [0.5116206741161182, 0.486692380812461, 0.49884529252452536], "tmeasure1_r": [0.5430856083784212, 0.43241385973685464, 0.4814718034447969], "tmeasure0_r": [0.5449490445404526, 0.43864020882072285, 0.4860495615970358], "tmeasure1_f": [0.5124485417393434, 0.4796429638042322, 0.4955033602920402], "tmeasure0_f": [0.5116206741161182, 0.486692380812461, 0.49884529252452536]}