{"orig_r": [0.2068822826296308, 0.5031038156882729, 0.2931980387668452], "orig_f": [0.5307743729122975, 0.5416180407322357, 0.5361413830794403], "tmeasure1_r": [0.17737505528262526, 0.4978030777647297, 0.26155423025877816], "tmeasure0_r": [0.2068822826296308, 0.5031038156882729, 0.2931980387668452], "tmeasure1_f": [0.5325850311453876, 0.5364751517506687, 0.5345230137181839], "tmeasure0_f": [0.5307743729122975, 0.5416180407322357, 0.5361413830794403]}