{"orig_r": [0.33686656312039076, 0.6310040307489955, 0.43924086649586325], "orig_f": [0.4572062061306707, 0.6383759343015455, 0.532811604416967], "tmeasure1_r": [0.4279756979427388, 0.6362963976901074, 0.5117476931271893], "tmeasure0_r": [0.33686656312039076, 0.6310040307489955, 0.43924086649586325], "tmeasure1_f": [0.4619463844772081, 0.6415776251158671, 0.5371418504850413], "tmeasure0_f": [0.4572062061306707, 0.6383759343015455, 0.532811604416967]}