{"orig_r": [0.2624103675719434, 0.38636192086380505, 0.312545327464966], "orig_f": [0.49409010888638966, 0.42301082893954467, 0.45579599346245747], "tmeasure1_r": [0.2478229394176942, 0.38019502342590406, 0.30005845001873455], "tmeasure0_r": [0.2624103675719434, 0.38636192086380505, 0.312545327464966], "tmeasure1_f": [0.498562779098671, 0.4177638241082117, 0.45460099581383395], "tmeasure0_f": [0.49409010888638966, 0.42301082893954467, 0.45579599346245747]}