{"orig_r": [0.19193105107381483, 0.3988676998148529, 0.2591579509933185], "orig_f": [0.5200429084996263, 0.4737321566383109, 0.495808472622107], "tmeasure1_r": [0.203299050244841, 0.39363865688339966, 0.2681230022108751], "tmeasure0_r": [0.19193105107381483, 0.3988676998148529, 0.2591579509933185], "tmeasure1_f": [0.5256050474071731, 0.4672633731246559, 0.49472011054851983], "tmeasure0_f": [0.5200429084996263, 0.4737321566383109, 0.495808472622107]}