{"orig_r": [0.38649241595997386, 0.7224384263043561, 0.5035786942214683], "orig_f": [0.6390046495329738, 0.7496012640708173, 0.689898679451712], "tmeasure1_r": [0.32735346908335927, 0.7152446371380902, 0.44914298580298995], "tmeasure0_r": [0.38649241595997386, 0.7224384263043561, 0.5035786942214683], "tmeasure1_f": [0.6472811227089276, 0.7450681674189757, 0.6927407703239981], "tmeasure0_f": [0.6390046495329738, 0.7496012640708173, 0.689898679451712]}