{"orig_r": [0.3687152988676742, 0.655251814620727, 0.47189282835147206], "orig_f": [0.5826342657895976, 0.6554182329199176, 0.6168867981292445], "tmeasure1_r": [0.3763296708039285, 0.6494606827516244, 0.4765327029891534], "tmeasure0_r": [0.3687152988676742, 0.655251814620727, 0.47189282835147206], "tmeasure1_f": [0.5915188916603229, 0.6511819059416987, 0.6199181653623551], "tmeasure0_f": [0.5826342657895976, 0.6554182329199176, 0.6168867981292445]}