{"orig_r": [0.275982393126708, 0.3380657308681093, 0.3038855939567951], "orig_f": [0.6003412237125957, 0.35731275225533266, 0.44798973391254593], "tmeasure1_r": [0.3448531064227444, 0.336093191339252, 0.34041680367982574], "tmeasure0_r": [0.275982393126708, 0.3380657308681093, 0.3038855939567951], "tmeasure1_f": [0.6029432449938931, 0.35529793352239636, 0.4471201901577986], "tmeasure0_f": [0.6003412237125957, 0.35731275225533266, 0.44798973391254593]}