{"orig_r": [0.3848394951301971, 0.5534056980579694, 0.4539801983298652], "orig_f": [0.627924984533238, 0.6114314859573997, 0.6195684865564838], "tmeasure1_r": [0.41627510517481703, 0.551419100394736, 0.474410289306467], "tmeasure0_r": [0.3848394951301971, 0.5534056980579694, 0.4539801983298652], "tmeasure1_f": [0.6314605327473967, 0.6068663980586835, 0.6189192360941076], "tmeasure0_f": [0.627924984533238, 0.6114314859573997, 0.6195684865564838]}