{"orig_r": [0.368278768372437, 0.5583996007797639, 0.4438362307366124], "orig_f": [0.6360240117032742, 0.6322777853516126, 0.6341453658490579], "tmeasure1_r": [0.44164188905132545, 0.555941420113323, 0.4922436386517388], "tmeasure0_r": [0.368278768372437, 0.5583996007797639, 0.4438362307366124], "tmeasure1_f": [0.6395155566488046, 0.6278066659960937, 0.6336070216371792], "tmeasure0_f": [0.6360240117032742, 0.6322777853516126, 0.6341453658490579]}