{"orig_r": [0.2185576340712189, 0.38016484213972235, 0.2775507242719336], "orig_f": [0.36302073357168796, 0.3979070317014572, 0.3796641655985418], "tmeasure1_r": [0.16009977776538514, 0.3842709759081703, 0.22602866678425068], "tmeasure0_r": [0.2185576340712189, 0.38016484213972235, 0.2775507242719336], "tmeasure1_f": [0.3662681708462711, 0.40252673912856407, 0.383542426060441], "tmeasure0_f": [0.36302073357168796, 0.3979070317014572, 0.3796641655985418]}