{"orig_r": [0.6123444104914026, 0.395166312412188, 0.48034800448125403], "orig_f": [0.5227231517388641, 0.3862224014804106, 0.4442232876522796], "tmeasure1_r": [0.6495228867841635, 0.3938492424375109, 0.4903602266941861], "tmeasure0_r": [0.6123444104914026, 0.395166312412188, 0.48034800448125403], "tmeasure1_f": [0.5237148071653144, 0.385240127498449, 0.44392950935422126], "tmeasure0_f": [0.5227231517388641, 0.3862224014804106, 0.4442232876522796]}