{"orig_r": [0.6438894077621223, 0.3122197382265928, 0.42052726549430686], "orig_f": [0.589625072562095, 0.43215740093961774, 0.4987575056244911], "tmeasure1_r": [0.6896192574535096, 0.3121347001419941, 0.4297544292294434], "tmeasure0_r": [0.6438894077621223, 0.3122197382265928, 0.42052726549430686], "tmeasure1_f": [0.5904675453322825, 0.43098445750598746, 0.4982756585582198], "tmeasure0_f": [0.589625072562095, 0.43215740093961774, 0.4987575056244911]}