{"orig_r": [0.14037644775984556, 0.273034620418411, 0.1854214029570589], "orig_f": [0.5302948093913598, 0.38573597930977205, 0.44660897897003693], "tmeasure1_r": [0.19902709792524947, 0.2715026712090071, 0.22968318807587976], "tmeasure0_r": [0.14037644775984556, 0.273034620418411, 0.1854214029570589], "tmeasure1_f": [0.5328279455241993, 0.38384800333001917, 0.4462317207373929], "tmeasure0_f": [0.5302948093913598, 0.38573597930977205, 0.44660897897003693]}