{"orig_r": [0.1493465455628983, 0.3243808108267511, 0.20452757431226012], "orig_f": [0.5163708100535316, 0.4305247880076812, 0.46955637767634834], "tmeasure1_r": [0.18409972983501735, 0.3251333605316491, 0.23508670181322544], "tmeasure0_r": [0.1493465455628983, 0.3243808108267511, 0.20452757431226012], "tmeasure1_f": [0.524463795245024, 0.4303350899195608, 0.47275961041244197], "tmeasure0_f": [0.5163708100535316, 0.4305247880076812, 0.46955637767634834]}