{"orig_r": [0.47366606839047465, 0.6240758100861263, 0.5385665631183205], "orig_f": [0.6303326134881715, 0.651209535887067, 0.640601027261141], "tmeasure1_r": [0.439384782858099, 0.6145172854102741, 0.5123996852120886], "tmeasure0_r": [0.47366606839047465, 0.6240758100861263, 0.5385665631183205], "tmeasure1_f": [0.6329959392964759, 0.6426111530777562, 0.6377673076240771], "tmeasure0_f": [0.6303326134881715, 0.651209535887067, 0.640601027261141]}