{"orig_r": [0.3266877732456206, 0.5044064932890704, 0.39654571265499206], "orig_f": [0.4901163115255635, 0.5367904173287383, 0.5123926682162319], "tmeasure1_r": [0.23377898728021212, 0.49933529116350855, 0.3184608515040299], "tmeasure0_r": [0.3266877732456206, 0.5044064932890704, 0.39654571265499206], "tmeasure1_f": [0.4932763134142553, 0.5316638021522629, 0.5117511868613243], "tmeasure0_f": [0.4901163115255635, 0.5367904173287383, 0.5123926682162319]}