{"orig_r": [0.36203360688898023, 0.5624944183901294, 0.44053155248207726], "orig_f": [0.5732418870392021, 0.5886994420350853, 0.5808678469505444], "tmeasure1_r": [0.16015859738552146, 0.5582739497609549, 0.24890958269005017], "tmeasure0_r": [0.36203360688898023, 0.5624944183901294, 0.44053155248207726], "tmeasure1_f": [0.5780865604805505, 0.5832969922652018, 0.5806800883309203], "tmeasure0_f": [0.5732418870392021, 0.5886994420350853, 0.5808678469505444]}