{"orig_r": [0.20205829532358557, 0.480712617424265, 0.2845228764253379], "orig_f": [0.6335779334040268, 0.5773709643132522, 0.6041700076141219], "tmeasure1_r": [0.07853894136747538, 0.47654959814817466, 0.1348530848080974], "tmeasure0_r": [0.20205829532358557, 0.480712617424265, 0.2845228764253379], "tmeasure1_f": [0.6340645843118603, 0.5609307345677323, 0.5952597594690201], "tmeasure0_f": [0.6335779334040268, 0.5773709643132522, 0.6041700076141219]}