{"orig_r": [0.3546197340655881, 0.5678405031628957, 0.436587811802709], "orig_f": [0.6649966331126338, 0.5864186928761044, 0.6232406592092999], "tmeasure1_r": [0.3172597205571165, 0.557676222950049, 0.40443692813731513], "tmeasure0_r": [0.3546197340655881, 0.5678405031628957, 0.436587811802709], "tmeasure1_f": [0.6671133748628882, 0.5756330585712841, 0.6180062192171673], "tmeasure0_f": [0.6649966331126338, 0.5864186928761044, 0.6232406592092999]}