{"orig_r": [0.4893558154395269, 0.2956752637220391, 0.36862339243569514], "orig_f": [0.6806826411581426, 0.34691601495688357, 0.45959520852949903], "tmeasure1_r": [0.5552590757875983, 0.291529650410236, 0.38232555357297165], "tmeasure0_r": [0.4893558154395269, 0.2956752637220391, 0.36862339243569514], "tmeasure1_f": [0.6856197228930858, 0.3446369800857602, 0.4587010404337268], "tmeasure0_f": [0.6806826411581426, 0.34691601495688357, 0.45959520852949903]}