{"orig_r": [0.5172216263658336, 0.23889916536510158, 0.3268361780257674], "orig_f": [0.6342116181050491, 0.35728359318087016, 0.45707413041308703], "tmeasure1_r": [0.4599958345117407, 0.23787121034324765, 0.31358341596685263], "tmeasure0_r": [0.5172216263658336, 0.23889916536510158, 0.3268361780257674], "tmeasure1_f": [0.6367109921473618, 0.349777707439846, 0.45151517950128567], "tmeasure0_f": [0.6342116181050491, 0.35728359318087016, 0.45707413041308703]}