{"orig_r": [0.5169155057185381, 0.46339226060445954, 0.48869274112735633], "orig_f": [0.44429679634562036, 0.45930329110307677, 0.45167543390633635], "tmeasure1_r": [0.5059218630472078, 0.4612780424337858, 0.48256962245010443], "tmeasure0_r": [0.5169155057185381, 0.46339226060445954, 0.48869274112735633], "tmeasure1_f": [0.4546493841720287, 0.4581908456996245, 0.4564132451960074], "tmeasure0_f": [0.44429679634562036, 0.45930329110307677, 0.45167543390633635]}