{"orig_r": [0.5766890989688069, 0.550229356332791, 0.5631485938258445], "orig_f": [0.5171559107735301, 0.6252566122760034, 0.5660917510351], "tmeasure1_r": [0.5669345558137062, 0.5454131125493101, 0.5559656382489971], "tmeasure0_r": [0.5766890989688069, 0.550229356332791, 0.5631485938258445], "tmeasure1_f": [0.5345898672751848, 0.623151831661547, 0.5754835561095906], "tmeasure0_f": [0.5171559107735301, 0.6252566122760034, 0.5660917510351]}