{"orig_r": [0.31386553634393943, 0.4790448026055181, 0.3792500778884197], "orig_f": [0.4631137704548533, 0.5202258856115117, 0.4900112995290462], "tmeasure1_r": [0.16708875088092415, 0.4694844566031797, 0.24646205806201368], "tmeasure0_r": [0.31386553634393943, 0.4790448026055181, 0.3792500778884197], "tmeasure1_f": [0.46779499768809035, 0.5105043838906259, 0.48821741397096047], "tmeasure0_f": [0.4631137704548533, 0.5202258856115117, 0.4900112995290462]}