{"orig_r": [0.2056749875789447, 0.4237158470562748, 0.2769272979032502], "orig_f": [0.5387709026423134, 0.4553184130219742, 0.4935417945008047], "tmeasure1_r": [0.17063891012124427, 0.4192556875808068, 0.24255632741717853], "tmeasure0_r": [0.2056749875789447, 0.4237158470562748, 0.2769272979032502], "tmeasure1_f": [0.5423324010315583, 0.45084083081590987, 0.492372493375871], "tmeasure0_f": [0.5387709026423134, 0.4553184130219742, 0.4935417945008047]}