{"orig_r": [0.17606615705513917, 0.4526644006578425, 0.2535231681736616], "orig_f": [0.5624254206274426, 0.4725695438140899, 0.5135969421817849], "tmeasure1_r": [0.13450002845391373, 0.44746471247590136, 0.20683045664922592], "tmeasure0_r": [0.17606615705513917, 0.4526644006578425, 0.2535231681736616], "tmeasure1_f": [0.5685453184522351, 0.46758553705688305, 0.5131467066272026], "tmeasure0_f": [0.5624254206274426, 0.4725695438140899, 0.5135969421817849]}