{"orig_r": [0.22084254382168172, 0.5779578236313949, 0.3195734033006635], "orig_f": [0.4917029534020378, 0.5432088377476355, 0.5161742133363557], "tmeasure1_r": [0.20283822464120663, 0.5744469289421973, 0.29981222381530004], "tmeasure0_r": [0.22084254382168172, 0.5779578236313949, 0.3195734033006635], "tmeasure1_f": [0.4943865571757044, 0.5332098916618526, 0.5130648376392074], "tmeasure0_f": [0.4917029534020378, 0.5432088377476355, 0.5161742133363557]}