{"orig_r": [0.30685559093881437, 0.4481105151547674, 0.36426858324860545], "orig_f": [0.4002540651985763, 0.49407494109573247, 0.44224329591124995], "tmeasure1_r": [0.12737422178850397, 0.43679928927618183, 0.19723354059757045], "tmeasure0_r": [0.30685559093881437, 0.4481105151547674, 0.36426858324860545], "tmeasure1_f": [0.4014678938842178, 0.4772032883418409, 0.4360716568395049], "tmeasure0_f": [0.4002540651985763, 0.49407494109573247, 0.44224329591124995]}