{"orig_r": [0.18501666987006737, 0.5474190347657081, 0.2765611949139021], "orig_f": [0.44916812292294106, 0.5709160218250386, 0.502776715411336], "tmeasure1_r": [0.25188527518845993, 0.538722055962051, 0.3432706679272144], "tmeasure0_r": [0.18501666987006737, 0.5474190347657081, 0.2765611949139021], "tmeasure1_f": [0.4483436980156362, 0.5623221707520226, 0.498905937762701], "tmeasure0_f": [0.44916812292294106, 0.5709160218250386, 0.502776715411336]}