{"orig_r": [0.23374815172511756, 0.43806240706733474, 0.30483676284069733], "orig_f": [0.48510237624756025, 0.5355127441022534, 0.5090626221289299], "tmeasure1_r": [0.23643603003357505, 0.4331441428711747, 0.30589580073281086], "tmeasure0_r": [0.23374815172511756, 0.43806240706733474, 0.30483676284069733], "tmeasure1_f": [0.4875576424358285, 0.5322337839275021, 0.5089171024741298], "tmeasure0_f": [0.48510237624756025, 0.5355127441022534, 0.5090626221289299]}