{"orig_r": [0.3118188790282478, 0.3516667747175608, 0.33054622617633916], "orig_f": [0.4743397347045479, 0.3559250229312528, 0.4066880579940943], "tmeasure1_r": [0.3367047351790918, 0.3472837746619631, 0.34191244354886696], "tmeasure0_r": [0.3118188790282478, 0.3516667747175608, 0.33054622617633916], "tmeasure1_f": [0.47672791162406614, 0.3518670951170986, 0.4048898775872082], "tmeasure0_f": [0.4743397347045479, 0.3559250229312528, 0.4066880579940943]}