{"orig_r": [0.384024029310548, 0.46285870311631927, 0.4197720826419924], "orig_f": [0.5368988020107286, 0.45209526715359427, 0.49086119906580594], "tmeasure1_r": [0.39026123452657335, 0.4575987033754855, 0.421255980885148], "tmeasure0_r": [0.384024029310548, 0.46285870311631927, 0.4197720826419924], "tmeasure1_f": [0.5465433716338444, 0.44720402061906683, 0.4919084973561399], "tmeasure0_f": [0.5368988020107286, 0.45209526715359427, 0.49086119906580594]}