{"orig_r": [0.3408299138957072, 0.4259096483771061, 0.3786494291579798], "orig_f": [0.4817694465099405, 0.38262095619142367, 0.4265088684727838], "tmeasure1_r": [0.3646229032650518, 0.4221428975438317, 0.3912802735881583], "tmeasure0_r": [0.3408299138957072, 0.4259096483771061, 0.3786494291579798], "tmeasure1_f": [0.48565280614981543, 0.3793442301675691, 0.4259658291130235], "tmeasure0_f": [0.4817694465099405, 0.38262095619142367, 0.4265088684727838]}