{"orig_r": [0.35821032577263956, 0.3039845767786593, 0.32887723495970583], "orig_f": [0.5683929433935604, 0.34479043544442367, 0.42921598223914514], "tmeasure1_r": [0.38077799381974986, 0.30077317334269443, 0.33607984567630833], "tmeasure0_r": [0.35821032577263956, 0.3039845767786593, 0.32887723495970583], "tmeasure1_f": [0.5756600202348121, 0.34189672106855146, 0.4290007680374431], "tmeasure0_f": [0.5683929433935604, 0.34479043544442367, 0.42921598223914514]}