{"orig_r": [0.281953574846641, 0.28948748800550933, 0.2856708676451753], "orig_f": [0.6363882234515006, 0.37989150334604804, 0.47577152735404626], "tmeasure1_r": [0.32482950749689604, 0.28635991182439113, 0.3043840295143401], "tmeasure0_r": [0.281953574846641, 0.28948748800550933, 0.2856708676451753], "tmeasure1_f": [0.6432720278008015, 0.37706736507463046, 0.4754435440652935], "tmeasure0_f": [0.6363882234515006, 0.37989150334604804, 0.47577152735404626]}