{"orig_r": [0.1624862616879385, 0.29882359765781386, 0.21050809257110176], "orig_f": [0.493136070763493, 0.31138150976158824, 0.3817280267064263], "tmeasure1_r": [0.20963953289111248, 0.29594244090171906, 0.2454250281427724], "tmeasure0_r": [0.1624862616879385, 0.29882359765781386, 0.21050809257110176], "tmeasure1_f": [0.4939508753766501, 0.30828414464716397, 0.379632450123377], "tmeasure0_f": [0.493136070763493, 0.31138150976158824, 0.3817280267064263]}