{"orig_r": [0.29200367317285675, 0.285514882117089, 0.2887228247821343], "orig_f": [0.4806864218816466, 0.3024324787900434, 0.37127232139511124], "tmeasure1_r": [0.30202382358225727, 0.2831520067629793, 0.2922836087987116], "tmeasure0_r": [0.29200367317285675, 0.285514882117089, 0.2887228247821343], "tmeasure1_f": [0.48312314774215115, 0.3003525536791795, 0.3704193273706752], "tmeasure0_f": [0.4806864218816466, 0.3024324787900434, 0.37127232139511124]}