{"orig_r": [0.40314050791895284, 0.4182581283574078, 0.4105602002740716], "orig_f": [0.5070378691912562, 0.44937837460111885, 0.4764700620619007], "tmeasure1_r": [0.46125717172783326, 0.4158128740235514, 0.4373577028863486], "tmeasure0_r": [0.40314050791895284, 0.4182581283574078, 0.4105602002740716], "tmeasure1_f": [0.5111043684108283, 0.4487878484092416, 0.4779233038716395], "tmeasure0_f": [0.5070378691912562, 0.44937837460111885, 0.4764700620619007]}