{"orig_r": [0.19537036208689704, 0.43247941098470477, 0.2691524716361531], "orig_f": [0.6461381029990173, 0.4650088691103958, 0.54081045281402], "tmeasure1_r": [0.28291128668949117, 0.42688099976609584, 0.3402951968108752], "tmeasure0_r": [0.19537036208689704, 0.43247941098470477, 0.2691524716361531], "tmeasure1_f": [0.6568113671551644, 0.45769005443266175, 0.5394628029400835], "tmeasure0_f": [0.6461381029990173, 0.4650088691103958, 0.54081045281402]}