{"orig_r": [0.19465435711846926, 0.4350347652664274, 0.2689626024867528], "orig_f": [0.6514917749923169, 0.46842759188727395, 0.5449976709382651], "tmeasure1_r": [0.2814573909131172, 0.4294367192486014, 0.34004540714088727], "tmeasure0_r": [0.19465435711846926, 0.4350347652664274, 0.2689626024867528], "tmeasure1_f": [0.6622761937283593, 0.46108744343743596, 0.5436658743665861], "tmeasure0_f": [0.6514917749923169, 0.46842759188727395, 0.5449976709382651]}