{"orig_r": [0.3999473303523683, 0.5379075716453893, 0.4587803439479449], "orig_f": [0.6131178707088805, 0.5912258402852424, 0.6019728836455482], "tmeasure1_r": [0.3830913268573041, 0.5319390441242782, 0.4454086786259851], "tmeasure0_r": [0.3999473303523683, 0.5379075716453893, 0.4587803439479449], "tmeasure1_f": [0.6140058559606874, 0.5848410533358763, 0.5990687030509143], "tmeasure0_f": [0.6131178707088805, 0.5912258402852424, 0.6019728836455482]}