{"orig_r": [0.4292244248431881, 0.5084424930110553, 0.4654871201554555], "orig_f": [0.6115906075531061, 0.6089234669551729, 0.6102541230562954], "tmeasure1_r": [0.44456009811669117, 0.503683140472384, 0.472278456066401], "tmeasure0_r": [0.4292244248431881, 0.5084424930110553, 0.4654871201554555], "tmeasure1_f": [0.6129671090667489, 0.602999907203618, 0.607942657885279], "tmeasure0_f": [0.6115906075531061, 0.6089234669551729, 0.6102541230562954]}