{"orig_r": [0.44072628093929395, 0.6224881234586416, 0.5160706522522353], "orig_f": [0.6684336503805643, 0.711735158685656, 0.6894051323277179], "tmeasure1_r": [0.22508669110936913, 0.6096880162429119, 0.3287896889459521], "tmeasure0_r": [0.44072628093929395, 0.6224881234586416, 0.5160706522522353], "tmeasure1_f": [0.6733183592858103, 0.7006661474460781, 0.6867200881728163], "tmeasure0_f": [0.6684336503805643, 0.711735158685656, 0.6894051323277179]}