{"orig_r": [0.3068495565074349, 0.6508964494581645, 0.41707777553639974], "orig_f": [0.6716026735672641, 0.7118557669419258, 0.6911436184472747], "tmeasure1_r": [0.31816462199641804, 0.6370462424943236, 0.4243787093973311], "tmeasure0_r": [0.3068495565074349, 0.6508964494581645, 0.41707777553639974], "tmeasure1_f": [0.6745348196585356, 0.6987355115238747, 0.6864219251703417], "tmeasure0_f": [0.6716026735672641, 0.7118557669419258, 0.6911436184472747]}