{"orig_r": [0.25404965659431583, 0.5469406341234587, 0.3469457292722677], "orig_f": [0.5127191507239908, 0.5719377659217499, 0.5407118898337369], "tmeasure1_r": [0.2393301406642239, 0.5418049031719219, 0.3320046763025587], "tmeasure0_r": [0.25404965659431583, 0.5469406341234587, 0.3469457292722677], "tmeasure1_f": [0.5161682339171307, 0.5686315728293975, 0.5411312813138272], "tmeasure0_f": [0.5127191507239908, 0.5719377659217499, 0.5407118898337369]}