{"orig_r": [0.2622848724454275, 0.5549428309455816, 0.3562118832367219], "orig_f": [0.5165737092590622, 0.5885960653729465, 0.5502380896115872], "tmeasure1_r": [0.24788879419875312, 0.5492803912434205, 0.34160992760106607], "tmeasure0_r": [0.2622848724454275, 0.5549428309455816, 0.3562118832367219], "tmeasure1_f": [0.5198403939438191, 0.5850482856964521, 0.5505201327822794], "tmeasure0_f": [0.5165737092590622, 0.5885960653729465, 0.5502380896115872]}