{"orig_r": [0.37648601198495435, 0.48095095805085925, 0.4223547957101688], "orig_f": [0.6121647266230871, 0.5238465269939038, 0.5645725162821229], "tmeasure1_r": [0.39554841517541495, 0.4696872156274518, 0.42944147733999305], "tmeasure0_r": [0.37648601198495435, 0.48095095805085925, 0.4223547957101688], "tmeasure1_f": [0.6144060209857394, 0.5110790771906999, 0.5579995021428084], "tmeasure0_f": [0.6121647266230871, 0.5238465269939038, 0.5645725162821229]}