{"orig_r": [0.2715349711672747, 0.5146110970818853, 0.35549350191293444], "orig_f": [0.6312536334607276, 0.5997472668272827, 0.6150972615118081], "tmeasure1_r": [0.22479347254358226, 0.5028656042130412, 0.3106974378650798], "tmeasure0_r": [0.2715349711672747, 0.5146110970818853, 0.35549350191293444], "tmeasure1_f": [0.6331152207032978, 0.5782888466055337, 0.6044613529526472], "tmeasure0_f": [0.6312536334607276, 0.5997472668272827, 0.6150972615118081]}