{"orig_r": [0.42640161362721335, 0.4462630540882846, 0.43610631530114735], "orig_f": [0.5954173752348185, 0.5002644378617983, 0.5437091954153449], "tmeasure1_r": [0.4455273300757557, 0.4415729649278676, 0.4435413339528753], "tmeasure0_r": [0.42640161362721335, 0.4462630540882846, 0.43610631530114735], "tmeasure1_f": [0.6045083719658492, 0.4933999861321907, 0.5433320916901317], "tmeasure0_f": [0.5954173752348185, 0.5002644378617983, 0.5437091954153449]}