{"orig_r": [0.437040057032052, 0.4542315446933572, 0.44546999997359477], "orig_f": [0.6043662248416223, 0.5041895104998614, 0.549751539505014], "tmeasure1_r": [0.4908351174328222, 0.44999445404775856, 0.46952835538335164], "tmeasure0_r": [0.437040057032052, 0.4542315446933572, 0.44546999997359477], "tmeasure1_f": [0.6140149295610332, 0.4969938375382328, 0.5493415447027524], "tmeasure0_f": [0.6043662248416223, 0.5041895104998614, 0.549751539505014]}