{"orig_r": [0.33499977726384317, 0.47824932072610776, 0.39400822285771564], "orig_f": [0.44688512792686913, 0.421625027455392, 0.4338877402041277], "tmeasure1_r": [0.372802904243093, 0.48889684007227774, 0.42302939755198665], "tmeasure0_r": [0.33499977726384317, 0.47824932072610776, 0.39400822285771564], "tmeasure1_f": [0.4576641586430464, 0.42943414685917525, 0.44309997278967106], "tmeasure0_f": [0.44688512792686913, 0.421625027455392, 0.4338877402041277]}