{"orig_r": [0.1773168379643866, 0.507083633754558, 0.2627539583513716], "orig_f": [0.3886400980599489, 0.4602534165902836, 0.4214260796415082], "tmeasure1_r": [0.18828822004894927, 0.515649938236759, 0.27585039366354], "tmeasure0_r": [0.1773168379643866, 0.507083633754558, 0.2627539583513716], "tmeasure1_f": [0.3955911517086868, 0.46668126962004824, 0.42820569547007226], "tmeasure0_f": [0.3886400980599489, 0.4602534165902836, 0.4214260796415082]}