{"orig_r": [0.39436088756288956, 0.36367316649753023, 0.3783958568999625], "orig_f": [0.528006722254449, 0.3860225529456438, 0.4459868155809441], "tmeasure1_r": [0.4309256663736395, 0.3575181846794507, 0.3908046508775733], "tmeasure0_r": [0.39436088756288956, 0.36367316649753023, 0.3783958568999625], "tmeasure1_f": [0.5350587381410075, 0.37715432209824423, 0.44243987388951955], "tmeasure0_f": [0.528006722254449, 0.3860225529456438, 0.4459868155809441]}