{"orig_r": [0.481344780569802, 0.36047733914614577, 0.4122340852013621], "orig_f": [0.614278454482482, 0.40107025383390976, 0.4852890709291573], "tmeasure1_r": [0.40917556255064874, 0.35163545208923, 0.37822962904780405], "tmeasure0_r": [0.481344780569802, 0.36047733914614577, 0.4122340852013621], "tmeasure1_f": [0.6202867860171745, 0.3902027856382584, 0.4790502318633254], "tmeasure0_f": [0.614278454482482, 0.40107025383390976, 0.4852890709291573]}