{"orig_r": [0.46075595114150836, 0.6846373099135608, 0.5508164324724796], "orig_f": [0.7537302038548271, 0.7168572678063223, 0.7348314670301677], "tmeasure1_r": [0.5244155031787174, 0.6795212684730565, 0.5919770810522418], "tmeasure0_r": [0.46075595114150836, 0.6846373099135608, 0.5508164324724796], "tmeasure1_f": [0.7590073709216774, 0.712910311067079, 0.7352370143075871], "tmeasure0_f": [0.7537302038548271, 0.7168572678063223, 0.7348314670301677]}