{"orig_r": [0.3389320012064175, 0.469165317632636, 0.393554430375593], "orig_f": [0.6190788149486262, 0.5511090418759278, 0.583119933371818], "tmeasure1_r": [0.24578794508179017, 0.4618794522568092, 0.3208411235918097], "tmeasure0_r": [0.3389320012064175, 0.469165317632636, 0.393554430375593], "tmeasure1_f": [0.6226939180295222, 0.546070778183641, 0.5818706767757894], "tmeasure0_f": [0.6190788149486262, 0.5511090418759278, 0.583119933371818]}