{"orig_r": [0.2066421738844941, 0.5233582882241326, 0.29629541353087413], "orig_f": [0.5503261158871514, 0.5555793927074311, 0.5529402772288908], "tmeasure1_r": [0.265152887342095, 0.5146830088642373, 0.3499959069085014], "tmeasure0_r": [0.2066421738844941, 0.5233582882241326, 0.29629541353087413], "tmeasure1_f": [0.5490041798086153, 0.5468229128436193, 0.5479113753971429], "tmeasure0_f": [0.5503261158871514, 0.5555793927074311, 0.5529402772288908]}