{"orig_r": [0.3348990873741682, 0.5491495433101194, 0.4160623624158483], "orig_f": [0.6359497664280563, 0.6020536501723617, 0.6185376761813096], "tmeasure1_r": [0.33442657182389124, 0.5427351233224138, 0.4138462673540659], "tmeasure0_r": [0.3348990873741682, 0.5491495433101194, 0.4160623624158483], "tmeasure1_f": [0.6364293621922638, 0.5951724801061815, 0.6151098981818128], "tmeasure0_f": [0.6359497664280563, 0.6020536501723617, 0.6185376761813096]}