{"orig_r": [0.24401982366816805, 0.5519785712289845, 0.33842709855541186], "orig_f": [0.5756730317604727, 0.5878548657433392, 0.5817001784377156], "tmeasure1_r": [0.18281600635073292, 0.5420784591023788, 0.27342081846330807], "tmeasure0_r": [0.24401982366816805, 0.5519785712289845, 0.33842709855541186], "tmeasure1_f": [0.5769658461913263, 0.573393367225406, 0.5751740594819811], "tmeasure0_f": [0.5756730317604727, 0.5878548657433392, 0.5817001784377156]}