{"orig_r": [0.31585065510411864, 0.4947138447323533, 0.3855478298872328], "orig_f": [0.6257762669220445, 0.5514285967043074, 0.5862546772983934], "tmeasure1_r": [0.2769158412432684, 0.4864988429138406, 0.3529385513408279], "tmeasure0_r": [0.31585065510411864, 0.4947138447323533, 0.3855478298872328], "tmeasure1_f": [0.630469077201899, 0.5414942678097685, 0.5826042133301429], "tmeasure0_f": [0.6257762669220445, 0.5514285967043074, 0.5862546772983934]}