{"orig_r": [0.421263143668075, 0.6115438574506228, 0.49887517726255765], "orig_f": [0.578414804881095, 0.6505019118192668, 0.6123440771641181], "tmeasure1_r": [0.3108587362903559, 0.6064794181933714, 0.4110358314525901], "tmeasure0_r": [0.421263143668075, 0.6115438574506228, 0.49887517726255765], "tmeasure1_f": [0.580719077632584, 0.64450333965587, 0.6109509255705386], "tmeasure0_f": [0.578414804881095, 0.6505019118192668, 0.6123440771641181]}