{"orig_r": [0.4217396529997081, 0.6139157378496849, 0.49999761028509415], "orig_f": [0.5932837788577081, 0.6279743402382292, 0.6101363565599277], "tmeasure1_r": [0.3175090422076006, 0.6091585029265081, 0.4174384520800724], "tmeasure0_r": [0.4217396529997081, 0.6139157378496849, 0.49999761028509415], "tmeasure1_f": [0.5962727085893264, 0.62270663644233, 0.6092030587415318], "tmeasure0_f": [0.5932837788577081, 0.6279743402382292, 0.6101363565599277]}