{"orig_r": [0.246975325901596, 0.3667633097239194, 0.29517935710693316], "orig_f": [0.5917215275855711, 0.421497490268083, 0.49231041743225207], "tmeasure1_r": [0.3302759944033067, 0.3650413800210838, 0.346789564649169], "tmeasure0_r": [0.246975325901596, 0.3667633097239194, 0.29517935710693316], "tmeasure1_f": [0.5962063112954494, 0.4201785294286726, 0.4929492866850269], "tmeasure0_f": [0.5917215275855711, 0.421497490268083, 0.49231041743225207]}