{"orig_r": [0.166077838727167, 0.380081946942945, 0.23115282356444064], "orig_f": [0.4853171604629665, 0.39773662226009665, 0.43718380896837805], "tmeasure1_r": [0.21119557010350545, 0.3759312225021258, 0.2704526853686722], "tmeasure0_r": [0.166077838727167, 0.380081946942945, 0.23115282356444064], "tmeasure1_f": [0.48629731623587513, 0.39387092124891326, 0.4352312746346031], "tmeasure0_f": [0.4853171604629665, 0.39773662226009665, 0.43718380896837805]}