{"orig_r": [0.1260932068417672, 0.35504518505754284, 0.18609525538341667], "orig_f": [0.5083759853251576, 0.37728926973218885, 0.43313159945580426], "tmeasure1_r": [0.16657149870857713, 0.3543263048782942, 0.22661129775951022], "tmeasure0_r": [0.1260932068417672, 0.35504518505754284, 0.18609525538341667], "tmeasure1_f": [0.5124697192690676, 0.3741304995590975, 0.43250734210839764], "tmeasure0_f": [0.5083759853251576, 0.37728926973218885, 0.43313159945580426]}