{"orig_r": [0.27174989140190264, 0.33480260052127225, 0.2999989994081306], "orig_f": [0.441526889931175, 0.35928074664742976, 0.3961803145562767], "tmeasure1_r": [0.3219117231466342, 0.3330568453749722, 0.3273894600543798], "tmeasure0_r": [0.27174989140190264, 0.33480260052127225, 0.2999989994081306], "tmeasure1_f": [0.4438123917267079, 0.35748928562865834, 0.3960011050898234], "tmeasure0_f": [0.441526889931175, 0.35928074664742976, 0.3961803145562767]}