{"orig_r": [0.22743143111869463, 0.5540996463644535, 0.32249434267122307], "orig_f": [0.5905807185830203, 0.5774167055265663, 0.5839245289974623], "tmeasure1_r": [0.28242280833856964, 0.5489273710598818, 0.37295862453729484], "tmeasure0_r": [0.22743143111869463, 0.5540996463644535, 0.32249434267122307], "tmeasure1_f": [0.5938150937447818, 0.5722637095875832, 0.5828402461040696], "tmeasure0_f": [0.5905807185830203, 0.5774167055265663, 0.5839245289974623]}