{"orig_r": [0.26520513055998296, 0.5616307477898876, 0.3602827591162943], "orig_f": [0.5873462109824176, 0.5775866261975452, 0.5824255366214536], "tmeasure1_r": [0.30611325580841875, 0.5570581009297065, 0.39510780245174787], "tmeasure0_r": [0.26520513055998296, 0.5616307477898876, 0.3602827591162943], "tmeasure1_f": [0.5922442731525619, 0.5736096465023186, 0.5827780349473417], "tmeasure0_f": [0.5873462109824176, 0.5775866261975452, 0.5824255366214536]}