{"orig_r": [0.4273689681086381, 0.4188498949652366, 0.4230665498367121], "orig_f": [0.5336386741685559, 0.4735301962637601, 0.5017907791461086], "tmeasure1_r": [0.4343018714723536, 0.4162373080497783, 0.4250777535355839], "tmeasure0_r": [0.4273689681086381, 0.4188498949652366, 0.4230665498367121], "tmeasure1_f": [0.536867619167961, 0.47097698955142925, 0.5017684132569886], "tmeasure0_f": [0.5336386741685559, 0.4735301962637601, 0.5017907791461086]}