{"orig_r": [0.3953677628052864, 0.6279531660184582, 0.48522888842035306], "orig_f": [0.48612534523407325, 0.6930558790238046, 0.5714338415945996], "tmeasure1_r": [0.5689817344734295, 0.6281526721893231, 0.597104878027429], "tmeasure0_r": [0.3953677628052864, 0.6279531660184582, 0.48522888842035306], "tmeasure1_f": [0.49007622362073244, 0.6905803472367517, 0.5733030536300361], "tmeasure0_f": [0.48612534523407325, 0.6930558790238046, 0.5714338415945996]}