{"orig_r": [0.35725937468525293, 0.6090119153253519, 0.4503398130407363], "orig_f": [0.4433928757539558, 0.6654399407196728, 0.5321836160938601], "tmeasure1_r": [0.47914748169087895, 0.6082210150381248, 0.5360235624696746], "tmeasure0_r": [0.35725937468525293, 0.6090119153253519, 0.4503398130407363], "tmeasure1_f": [0.44612546364716904, 0.6616993647948848, 0.5329379308627692], "tmeasure0_f": [0.4433928757539558, 0.6654399407196728, 0.5321836160938601]}