{"orig_r": [0.3575124321014303, 0.5777166396244733, 0.44169046310002624], "orig_f": [0.44866430495138837, 0.5938193652239065, 0.511136165269733], "tmeasure1_r": [0.3353024436190824, 0.5640504679543817, 0.4205857295746179], "tmeasure0_r": [0.3575124321014303, 0.5777166396244733, 0.44169046310002624], "tmeasure1_f": [0.4490685352234397, 0.5805941838732542, 0.5064310378061311], "tmeasure0_f": [0.44866430495138837, 0.5938193652239065, 0.511136165269733]}