{"orig_r": [0.4900302009214188, 0.5579796078185217, 0.5218020996542303], "orig_f": [0.5614792037680084, 0.5893587322894419, 0.575081271431218], "tmeasure1_r": [0.38521946694961967, 0.542671560046165, 0.4505866378868472], "tmeasure0_r": [0.4900302009214188, 0.5579796078185217, 0.5218020996542303], "tmeasure1_f": [0.5622015444510098, 0.5743776599404313, 0.5682243811412446], "tmeasure0_f": [0.5614792037680084, 0.5893587322894419, 0.575081271431218]}