{"orig_r": [0.38449602822112977, 0.5118995267725356, 0.4391439332688497], "orig_f": [0.5851171814314261, 0.5798548861013048, 0.5824741486092389], "tmeasure1_r": [0.3960673876248603, 0.5126303206141061, 0.4468728160356046], "tmeasure0_r": [0.38449602822112977, 0.5118995267725356, 0.4391439332688497], "tmeasure1_f": [0.5905390447364844, 0.5706096013041894, 0.5804032929300572], "tmeasure0_f": [0.5851171814314261, 0.5798548861013048, 0.5824741486092389]}