{"orig_r": [0.4252809740545288, 0.5179570495272587, 0.467066155168123], "orig_f": [0.5539535773384244, 0.5517999780523786, 0.5528746804876365], "tmeasure1_r": [0.4347628911924455, 0.5180610958569798, 0.47277092707663704], "tmeasure0_r": [0.4252809740545288, 0.5179570495272587, 0.467066155168123], "tmeasure1_f": [0.5568626792015072, 0.5445491332742921, 0.5506370748473226], "tmeasure0_f": [0.5539535773384244, 0.5517999780523786, 0.5528746804876365]}