{"orig_r": [0.1749614715607765, 0.5897180934368429, 0.26985929834295164], "orig_f": [0.6605865593678971, 0.6034444003915151, 0.6307238871749263], "tmeasure1_r": [0.021830787280817644, 0.5827649714361216, 0.04208503927692967], "tmeasure0_r": [0.1749614715607765, 0.5897180934368429, 0.26985929834295164], "tmeasure1_f": [0.6663094115029327, 0.5883405403431756, 0.6249023301241275], "tmeasure0_f": [0.6605865593678971, 0.6034444003915151, 0.6307238871749263]}