{"orig_r": [0.1406532545778007, 0.09641842924433616, 0.11440898934745702], "orig_f": [0.5581487473407918, 0.14658300432137378, 0.2321879780511016], "tmeasure1_r": [0.3091954295842629, 0.09483741813491056, 0.14515303102913774], "tmeasure0_r": [0.1406532545778007, 0.09641842924433616, 0.11440898934745702], "tmeasure1_f": [0.5591099921480965, 0.1416668862868272, 0.22605589344320434], "tmeasure0_f": [0.5581487473407918, 0.14658300432137378, 0.2321879780511016]}