{"orig_r": [0.1299206520755269, 0.09790905762214502, 0.11166593353649347], "orig_f": [0.585775431120825, 0.15283816782285983, 0.24242403274510735], "tmeasure1_r": [0.3070025541971408, 0.09616846012482735, 0.14645875741429348], "tmeasure0_r": [0.1299206520755269, 0.09790905762214502, 0.11166593353649347], "tmeasure1_f": [0.5872260980561698, 0.1477877125502017, 0.23614468334929944], "tmeasure0_f": [0.585775431120825, 0.15283816782285983, 0.24242403274510735]}