{"orig_r": [0.3499530504425415, 0.5178087909333805, 0.4176463109873012], "orig_f": [0.6055661207965158, 0.5425449179867177, 0.5723258643889948], "tmeasure1_r": [0.4104251722867882, 0.5141359065663281, 0.45646377044784253], "tmeasure0_r": [0.3499530504425415, 0.5178087909333805, 0.4176463109873012], "tmeasure1_f": [0.6089963112713032, 0.5387644623105725, 0.5717316321366688], "tmeasure0_f": [0.6055661207965158, 0.5425449179867177, 0.5723258643889948]}