{"orig_r": [0.42875212540141955, 0.34708970919881765, 0.3836231661847233], "orig_f": [0.5851869599533228, 0.38727829868956626, 0.4660942038840812], "tmeasure1_r": [0.34041680183065764, 0.3385249165278329, 0.3394682232902564], "tmeasure0_r": [0.42875212540141955, 0.34708970919881765, 0.3836231661847233], "tmeasure1_f": [0.5829813173364194, 0.379342200349662, 0.4596155276614218], "tmeasure0_f": [0.5851869599533228, 0.38727829868956626, 0.4660942038840812]}