{"orig_r": [0.32690721028395997, 0.4080273438122594, 0.3629903640856069], "orig_f": [0.6023747355132628, 0.4731449996224692, 0.5299960283314356], "tmeasure1_r": [0.20934197180712946, 0.4013547115076549, 0.2751624136716841], "tmeasure0_r": [0.32690721028395997, 0.4080273438122594, 0.3629903640856069], "tmeasure1_f": [0.6074125229819101, 0.4665780686070869, 0.5277613491964614], "tmeasure0_f": [0.6023747355132628, 0.4731449996224692, 0.5299960283314356]}