{"orig_r": [0.34442061454143297, 0.43868722868182103, 0.3858802493209005], "orig_f": [0.5247117314170234, 0.5205483936744179, 0.5226217711258421], "tmeasure1_r": [0.2438580627494136, 0.4325020476267571, 0.31187265437861766], "tmeasure0_r": [0.34442061454143297, 0.43868722868182103, 0.3858802493209005], "tmeasure1_f": [0.530267525078462, 0.5147585526706608, 0.5223979564712284], "tmeasure0_f": [0.5247117314170234, 0.5205483936744179, 0.5226217711258421]}