{"orig_r": [0.41622680829932895, 0.6287385414146291, 0.5008737111128555], "orig_f": [0.5855736521481245, 0.6584718456776152, 0.619886916007582], "tmeasure1_r": [0.44789908151124064, 0.6213796018550544, 0.5205665412958743], "tmeasure0_r": [0.41622680829932895, 0.6287385414146291, 0.5008737111128555], "tmeasure1_f": [0.5889898694908754, 0.6532474086709514, 0.6194567056427265], "tmeasure0_f": [0.5855736521481245, 0.6584718456776152, 0.619886916007582]}