{"orig_r": [0.3188186839752056, 0.5778005379639429, 0.41090711108206035], "orig_f": [0.5587508814402486, 0.6305767461987435, 0.5924949602889735], "tmeasure1_r": [0.37154210367771445, 0.5745345881598746, 0.45126106871085236], "tmeasure0_r": [0.3188186839752056, 0.5778005379639429, 0.41090711108206035], "tmeasure1_f": [0.5623578384071998, 0.6256036555707113, 0.592297176684296], "tmeasure0_f": [0.5587508814402486, 0.6305767461987435, 0.5924949602889735]}