{"orig_r": [0.2634357854366026, 0.23803961149363728, 0.2500946303755492], "orig_f": [0.4530436803632624, 0.2686365768824536, 0.3372798472705836], "tmeasure1_r": [0.20703985050410229, 0.23682858070874807, 0.22093463061140706], "tmeasure0_r": [0.2634357854366026, 0.23803961149363728, 0.2500946303755492], "tmeasure1_f": [0.45649121433193646, 0.26764770893823453, 0.3374458235572329], "tmeasure0_f": [0.4530436803632624, 0.2686365768824536, 0.3372798472705836]}