{"orig_r": [0.20996354302870895, 0.17234586190402, 0.1893039895164074], "orig_f": [0.4308002217093377, 0.244739874382594, 0.31214725152535977], "tmeasure1_r": [0.1099529766912213, 0.17062279195153882, 0.13372846812245728], "tmeasure0_r": [0.20996354302870895, 0.17234586190402, 0.1893039895164074], "tmeasure1_f": [0.43451362649745756, 0.2439540662294192, 0.3124728477198624], "tmeasure0_f": [0.4308002217093377, 0.244739874382594, 0.31214725152535977]}