{"orig_r": [0.2979486175958082, 0.5172820916665749, 0.37811010396940103], "orig_f": [0.4882354110125293, 0.5255569057946056, 0.5062091863533377], "tmeasure1_r": [0.32340939574122163, 0.516160777536556, 0.3976588270559877], "tmeasure0_r": [0.2979486175958082, 0.5172820916665749, 0.37811010396940103], "tmeasure1_f": [0.4898767782780713, 0.5201276195178115, 0.5045491744370039], "tmeasure0_f": [0.4882354110125293, 0.5255569057946056, 0.5062091863533377]}