{"orig_r": [0.24428952667304174, 0.5635951616959336, 0.3408416999804184], "orig_f": [0.46128909775833926, 0.5834647979147237, 0.515233207205114], "tmeasure1_r": [0.26904525306470484, 0.5629034527071234, 0.3640765370121751], "tmeasure0_r": [0.24428952667304174, 0.5635951616959336, 0.3408416999804184], "tmeasure1_f": [0.4626366412516526, 0.5779281703749193, 0.5138954241764557], "tmeasure0_f": [0.46128909775833926, 0.5834647979147237, 0.515233207205114]}